Loaded multilingual tokenizer (NFKD,fullcase preprocessing)
Loading S3Tokenizer from mlx-community/S3TokenizerV2...
Loaded S3Tokenizer weights
Warning: conds.safetensors not found - ref_audio will be required
[94mText:[0m Vous vous mariez sans contrat et pensez qu'il n'y a pas de régime ?
[94mVoice:[0m af_heart
[94mSpeed:[0m 0.88x
[94mLanguage:[0m fr
[94mText:[0m Question : sans contrat, le patrimoine reste-t-il séparé ? OUI / NON
[94mVoice:[0m af_heart
[94mSpeed:[0m 0.88x
[94mLanguage:[0m fr
[94mText:[0m Non : le régime légal s'applique.
[94mVoice:[0m af_heart
[94mSpeed:[0m 0.88x
[94mLanguage:[0m fr
[94mText:[0m Sans contrat, c'est la communauté réduite aux acquêts : tout acquis pendant le mariage est commun ;
[94mVoice:[0m af_heart
[94mSpeed:[0m 0.88x
[94mLanguage:[0m fr
[94mText:[0m biens reçus avant ou par succession restent propres.
[94mVoice:[0m af_heart
[94mSpeed:[0m 0.88x
[94mLanguage:[0m fr
[94mText:[0m Exemple : les salaires perçus pendant le mariage alimentent la communauté même s'ils sont versés sur un compte individuel ;
[94mVoice:[0m af_heart
[94mSpeed:[0m 0.88x
[94mLanguage:[0m fr
[94mText:[0m l'héritage reste personnel mais son mélange complique la preuve.
[94mVoice:[0m af_heart
[94mSpeed:[0m 0.88x
[94mLanguage:[0m fr
[94mText:[0m Chaque époux peut percevoir et utiliser ses gains ; à la liquidation, l'actif commun net se partage par moitié.
[94mVoice:[0m af_heart
[94mSpeed:[0m 0.88x
[94mLanguage:[0m fr
[94mText:[0m Enregistrez, partagez, abonnez‑vous.
[94mVoice:[0m af_heart
[94mSpeed:[0m 0.88x
[94mLanguage:[0m fr
Loaded multilingual tokenizer (NFKD,fullcase preprocessing)
Loading S3Tokenizer from mlx-community/S3TokenizerV2...
Loaded S3Tokenizer weights
Warning: conds.safetensors not found - ref_audio will be required
{"passed": true, "video": "/Users/mikael_piselli/BRITED_STUDIO_FINAL/production/2026-08-24/slot-1/reels/regimes_communaute_par_defaut__reels.mp4", "expected_total_words": 101, "beats": [{"beat": "hook", "expected_words": 13, "first_word": "vous", "last_word": "regime", "rendered_words": 30, "missing_words": [], "ocr_text": "SE MARIER SANS CONTRAT, C'EST DEJA CHOISIR UN REGIME VOUS VOUS MARIEZ SANS CONTRAT ET PENSEZ QU'IL N'Y A PAS DE REGIME ? 50150? 01109 Information generale • pas un conseil personnalise", "render_trace": "Vous vous mariez sans contrat et pensez qu'il n'y a pas de régime ?", "verification_method": "ocr+trace", "duration": 2.93, "full_text_visible_at": 2.637, "hold_after_full_text": 0.293, "passed": true}, {"beat": "question", "expected_words": 11, "first_word": "question", "last_word": "non", "rendered_words": 36, "missing_words": [], "ocr_text": "SE MARIER SANS CONTRAT, C'EST DEJA CHOISIR UN REGIME A VOUS DE JOUER QUESTION : SANS CONTRAT, LE PATRIMOINE RESTE.T.IL SEPARE ? OUI / NON oui NON LA REPONSE ARRIVE 02109 Information generale • pas un conseil personnalise", "render_trace": "Question : sans contrat, le patrimoine reste-t-il séparé ? OUI / NON", "verification_method": "ocr+trace", "duration": 4.17, "full_text_visible_at": 3.753, "hold_after_full_text": 0.417, "passed": true}, {"beat": "reponse", "expected_words": 5, "first_word": "non", "last_word": "s'applique", "rendered_words": 24, "missing_words": [], "ocr_text": "SE MARIER SANS CONTRAT, C'EST DEJA CHOISIR UN REGIME LA REPONSE EST NON: LE REGIME LEGAL S'APPLIQUE. 03109 Information generale • pas un conseil personnalise", "render_trace": "Non : le régime légal s'applique.", "verification_method": "ocr+trace", "duration": 3.01, "full_text_visible_at": 2.709, "hold_after_full_text": 0.301, "passed": true}, {"beat": "regle_1", "expected_words": 15, "first_word": "sans", "last_word": "commun", "rendered_words": 32, "missing_words": [], "ocr_text": "SE MARIER SANS CONTRAT, C'EST DEJA CHOISIR UN REGIME SANS CONTRAT, C'EST LA COMMUNAUTE REDUITE AUX ACQUETS : TOUT ACQUIS PENDANT LE MARIAGE EST COMMUN ; 50150? 04109 Information generale • pas un conseil personnalise", "render_trace": "Sans contrat, c'est la communauté réduite aux acquêts : tout acquis pendant le mariage est commun ;", "verification_method": "ocr+trace", "duration": 4.93, "full_text_visible_at": 4.437, "hold_after_full_text": 0.493, "passed": true}, {"beat": "regle_2", "expected_words": 8, "first_word": "biens", "last_word": "propres", "rendered_words": 25, "missing_words": [], "ocr_text": "SE MARIER SANS CONTRAT, C'EST DEJA CHOISIR UN REGIME BIENS REEUS AVANT OU PAR SUCCESSION RESTENT PROPRES. 50150? 05109 Information generale • pas un conseil personnalise", "render_trace": "biens reçus avant ou par succession restent propres.", "verification_method": "ocr+trace", "duration": 3.13, "full_text_visible_at": 2.817, "hold_after_full_text": 0.313, "passed": true}, {"beat": "exemple_1", "expected_words": 18, "first_word": "exemple", "last_word": "individuel", "rendered_words": 34, "missing_words": [], "ocr_text": "SE MARIER SANS CONTRAT, C'EST DEJA CHOISIR UN REGIME EXEMPLE : LES SALAIRES PERGUS PENDANT LE MARIAGE ALIMENTENT LA COMMUNAUTE MEME S'ILS SONT VERSES SUR UN COMPTE INDIVIDUEL; 06109 Information generale • pas un conseil personnalise", "render_trace": "Exemple : les salaires perçus pendant le mariage alimentent la communauté même s'ils sont versés sur un compte individuel ;", "verification_method": "ocr+trace", "duration": 6.09, "full_text_visible_at": 5.481, "hold_after_full_text": 0.609, "passed": true}, {"beat": "exemple_2", "expected_words": 9, "first_word": "l'heritage", "last_word": "preuve", "rendered_words": 25, "missing_words": [], "ocr_text": "SE MARIER SANS CONTRAT, C'EST DEJA CHOISIR UN REGIME L'HERITAGE RESTE PERSONNEL MAIS SON MELANGE COMPLIQUE LA PREUVE. 07109 Information generale • pas un conseil personnalise", "render_trace": "l'héritage reste personnel mais son mélange complique la preuve.", "verification_method": "ocr+trace", "duration": 3.57, "full_text_visible_at": 3.213, "hold_after_full_text": 0.357, "passed": true}, {"beat": "nuance", "expected_words": 18, "first_word": "chaque", "last_word": "moitie", "rendered_words": 35, "missing_words": [], "ocr_text": "SE MARIER SANS CONTRAT, C'EST DEJA CHOISIR UN REGIME CHAQUE EPOUX PEUT PERCEVOIR ET UTILISER SES GAINS; A LA LIQUIDATION, L'ACTIF COMMUN NET SE PARTAGE PAR MOITIE. 50150? 08109 Information generale • pas un conseil personnalise", "render_trace": "Chaque époux peut percevoir et utiliser ses gains ; à la liquidation, l'actif commun net se partage par moitié.", "verification_method": "ocr+trace", "duration": 6.29, "full_text_visible_at": 5.661, "hold_after_full_text": 0.629, "passed": true}, {"beat": "cta", "expected_words": 4, "first_word": "enregistrez", "last_word": "vous", "rendered_words": 30, "missing_words": [], "ocr_text": "SE MARIER SANS CONTRAT, C'EST DEJA CHOISIR UN REGIME LE SAVIEZ.VOUS ? ENREGISTrEZ PARTAGEZ ABONNEZ.VOUS POUR MIEUX COMPRENDRE ET PROTEGER VOTRE PATRIMOINE 09109 Information generale • pas un conseil personnalise", "render_trace": "Enregistrez, partagez, abonnez‑vous.", "verification_method": "ocr+trace", "duration": 2.84, "full_text_visible_at": 2.556, "hold_after_full_text": 0.284, "passed": true}], "failures": [], "ocr_status": "effectué"}
{"passed": true, "failures": [], "expected_duration": 36.96, "target_duration": [28, 40], "resolution": "1080x1920", "audio": true, "word_check": true, "layout_check": "zones fixes sans chevauchement"}
Loaded multilingual tokenizer (NFKD,fullcase preprocessing)
Loading S3Tokenizer from mlx-community/S3TokenizerV2...
Loaded S3Tokenizer weights
Warning: conds.safetensors not found - ref_audio will be required
{"passed": true, "video": "/Users/mikael_piselli/BRITED_STUDIO_FINAL/production/2026-08-24/slot-1/reels/regimes_communaute_par_defaut__reels.mp4", "expected_total_words": 101, "beats": [{"beat": "hook", "expected_words": 13, "first_word": "vous", "last_word": "regime", "rendered_words": 29, "missing_words": [], "ocr_text": "SE MARIER SANS CONTRAT, C'EST DEJA CHOISIR UN REGIME VOUS VOUS MARIEZ SANS CONTRAT ET PENSEZ QU'IL N'Y A PAS DE REGIME ? 01109 Information generale • pas un conseil personnalise", "render_trace": "Vous vous mariez sans contrat et pensez qu'il n'y a pas de régime ?", "verification_method": "ocr+trace", "duration": 2.93, "full_text_visible_at": 2.637, "hold_after_full_text": 0.293, "passed": true}, {"beat": "question", "expected_words": 11, "first_word": "question", "last_word": "non", "rendered_words": 36, "missing_words": [], "ocr_text": "SE MARIER SANS CONTRAT, C'EST DEJA CHOISIR UN REGIME A VOUS DE JOUER QUESTION : SANS CONTRAT, LE PATRIMOINE RESTE.T.IL SEPARE ? OUI / NON oui NON LA REPONSE ARRIVE 02109 Information generale • pas un conseil personnalise", "render_trace": "Question : sans contrat, le patrimoine reste-t-il séparé ? OUI / NON", "verification_method": "ocr+trace", "duration": 4.17, "full_text_visible_at": 3.753, "hold_after_full_text": 0.417, "passed": true}, {"beat": "reponse", "expected_words": 5, "first_word": "non", "last_word": "s'applique", "rendered_words": 24, "missing_words": [], "ocr_text": "SE MARIER SANS CONTRAT, C'EST DEJA CHOISIR UN REGIME LA REPONSE EST NON: LE REGIME LEGAL S'APPLIQUE. 03109 Information generale • pas un conseil personnalise", "render_trace": "Non : le régime légal s'applique.", "verification_method": "ocr+trace", "duration": 3.01, "full_text_visible_at": 2.709, "hold_after_full_text": 0.301, "passed": true}, {"beat": "regle_1", "expected_words": 15, "first_word": "sans", "last_word": "commun", "rendered_words": 32, "missing_words": [], "ocr_text": "SE MARIER SANS CONTRAT, C'EST DEJA CHOISIR UN REGIME SANS CONTRAT, C'EST LA COMMUNAUTE REDUITE AUX ACQUETS : TOUT ACQUIS PENDANT LE MARIAGE EST COMMUN ; COMMUN 04109 Information generale • pas un conseil personnalise", "render_trace": "Sans contrat, c'est la communauté réduite aux acquêts : tout acquis pendant le mariage est commun ;", "verification_method": "ocr+trace", "duration": 4.93, "full_text_visible_at": 4.437, "hold_after_full_text": 0.493, "passed": true}, {"beat": "regle_2", "expected_words": 8, "first_word": "biens", "last_word": "propres", "rendered_words": 25, "missing_words": [], "ocr_text": "SE MARIER SANS CONTRAT, C'EST DEJA CHOISIR UN REGIME BIENS REEUS AVANT OU PAR SUCCESSION RESTENT PROPRES. COMMUN 05109 Information generale • pas un conseil personnalise", "render_trace": "biens reçus avant ou par succession restent propres.", "verification_method": "ocr+trace", "duration": 3.13, "full_text_visible_at": 2.817, "hold_after_full_text": 0.313, "passed": true}, {"beat": "exemple_1", "expected_words": 18, "first_word": "exemple", "last_word": "individuel", "rendered_words": 34, "missing_words": [], "ocr_text": "SE MARIER SANS CONTRAT, C'EST DEJA CHOISIR UN REGIME EXEMPLE : LES SALAIRES PERGUS PENDANT LE MARIAGE ALIMENTENT LA COMMUNAUTE MEME S'ILS SONT VERSES SUR UN COMPTE INDIVIDUEL; 06109 Information generale • pas un conseil personnalise", "render_trace": "Exemple : les salaires perçus pendant le mariage alimentent la communauté même s'ils sont versés sur un compte individuel ;", "verification_method": "ocr+trace", "duration": 6.09, "full_text_visible_at": 5.481, "hold_after_full_text": 0.609, "passed": true}, {"beat": "exemple_2", "expected_words": 9, "first_word": "l'heritage", "last_word": "preuve", "rendered_words": 25, "missing_words": [], "ocr_text": "SE MARIER SANS CONTRAT, C'EST DEJA CHOISIR UN REGIME L'HERITAGE RESTE PERSONNEL MAIS SON MELANGE COMPLIQUE LA PREUVE. 07109 Information generale • pas un conseil personnalise", "render_trace": "l'héritage reste personnel mais son mélange complique la preuve.", "verification_method": "ocr+trace", "duration": 3.57, "full_text_visible_at": 3.213, "hold_after_full_text": 0.357, "passed": true}, {"beat": "nuance", "expected_words": 18, "first_word": "chaque", "last_word": "moitie", "rendered_words": 36, "missing_words": [], "ocr_text": "SE MARIER SANS CONTRAT, C'EST DEJA CHOISIR UN REGIME CHAQUE EPOUX PEUT PERCEVOIR ET UTILISER SES GAINS; A LA LIQUIDATION, L'ACTIF COMMUN NET SE PARTAGE PAR MOITIE. 50 50 08109 Information generale • pas un conseil personnalise", "render_trace": "Chaque époux peut percevoir et utiliser ses gains ; à la liquidation, l'actif commun net se partage par moitié.", "verification_method": "ocr+trace", "duration": 6.29, "full_text_visible_at": 5.661, "hold_after_full_text": 0.629, "passed": true}, {"beat": "cta", "expected_words": 4, "first_word": "enregistrez", "last_word": "vous", "rendered_words": 30, "missing_words": [], "ocr_text": "SE MARIER SANS CONTRAT, C'EST DEJA CHOISIR UN REGIME LE SAVIEZ.VOUS ? ENREGISTrEZ PARTAGEZ ABONNEZ.VOUS POUR MIEUX COMPRENDRE ET PROTEGER VOTRE PATRIMOINE 09109 Information generale • pas un conseil personnalise", "render_trace": "Enregistrez, partagez, abonnez‑vous.", "verification_method": "ocr+trace", "duration": 2.84, "full_text_visible_at": 2.556, "hold_after_full_text": 0.284, "passed": true}], "failures": [], "ocr_status": "effectué"}
{"passed": true, "failures": [], "expected_duration": 36.96, "target_duration": [28, 40], "resolution": "1080x1920", "audio": true, "word_check": true, "layout_check": "zones fixes sans chevauchement"}
{"passed": true, "threshold_strictly_above": 9.5, "overall": 9.8, "criteria": {"Accroche dans les premières secondes": 9.8, "Rétention et rythme": 9.7, "Lisibilité mobile": 9.8, "Synchronisation texte et voix": 10.0, "Narration visuelle": 9.7, "Interaction question-réponse": 9.8, "Valeur enregistrable": 9.7, "Potentiel de partage privé": 9.7, "CTA Instagram": 9.8, "Sécurité et intégrité": 10.0}, "evidence": {"duration": 36.96, "resolution": "1080x1920", "missing_words": 0, "pages": 9, "renderer": "BRITED deterministic renderer v2"}}
Loaded multilingual tokenizer (NFKD,fullcase preprocessing)
Loading S3Tokenizer from mlx-community/S3TokenizerV2...
Loaded S3Tokenizer weights
Warning: conds.safetensors not found - ref_audio will be required
{"passed": true, "video": "/Users/mikael_piselli/BRITED_STUDIO_FINAL/production/2026-08-24/slot-1/reels/regimes_communaute_par_defaut__reels.mp4", "expected_total_words": 101, "beats": [{"beat": "hook", "expected_words": 13, "first_word": "vous", "last_word": "regime", "rendered_words": 31, "missing_words": [], "ocr_text": "SE MARIER SANS CONTRAT, C'EST DEJA CHOISIR UN REGIME VOUS VOUS MARIEZ SANS CONTRAT ET PENSEZ QU'IL N'Y A PAS DE REGIME ? o,o 01109 Information generale • pas un conseil personnalise", "render_trace": "Vous vous mariez sans contrat et pensez qu'il n'y a pas de régime ?", "verification_method": "ocr+trace", "duration": 2.93, "full_text_visible_at": 2.637, "hold_after_full_text": 0.293, "passed": true}, {"beat": "question", "expected_words": 11, "first_word": "question", "last_word": "non", "rendered_words": 36, "missing_words": [], "ocr_text": "SE MARIER SANS CONTRAT, C'EST DEJA CHOISIR UN REGIME A VOUS DE JOUER QUESTION : SANS CONTRAT, LE PATRIMOINE RESTE.T.IL SEPARE ? OUI / NON oui NON LA REPONSE ARRIVE 02109 Information generale • pas un conseil personnalise", "render_trace": "Question : sans contrat, le patrimoine reste-t-il séparé ? OUI / NON", "verification_method": "ocr+trace", "duration": 4.17, "full_text_visible_at": 3.753, "hold_after_full_text": 0.417, "passed": true}, {"beat": "reponse", "expected_words": 5, "first_word": "non", "last_word": "s'applique", "rendered_words": 24, "missing_words": [], "ocr_text": "SE MARIER SANS CONTRAT, C'EST DEJA CHOISIR UN REGIME LA REPONSE EST NON: LE REGIME LEGAL S'APPLIQUE. 03109 Information generale • pas un conseil personnalise", "render_trace": "Non : le régime légal s'applique.", "verification_method": "ocr+trace", "duration": 3.01, "full_text_visible_at": 2.709, "hold_after_full_text": 0.301, "passed": true}, {"beat": "regle_1", "expected_words": 15, "first_word": "sans", "last_word": "commun", "rendered_words": 32, "missing_words": [], "ocr_text": "SE MARIER SANS CONTRAT, C'EST DEJA CHOISIR UN REGIME SANS CONTRAT, C'EST LA COMMUNAUTE REDUITE AUX ACQUETS : TOUT ACQUIS PENDANT LE MARIAGE EST COMMUN ; COMMUN 04109 Information generale • pas un conseil personnalise", "render_trace": "Sans contrat, c'est la communauté réduite aux acquêts : tout acquis pendant le mariage est commun ;", "verification_method": "ocr+trace", "duration": 4.93, "full_text_visible_at": 4.437, "hold_after_full_text": 0.493, "passed": true}, {"beat": "regle_2", "expected_words": 8, "first_word": "biens", "last_word": "propres", "rendered_words": 25, "missing_words": [], "ocr_text": "SE MARIER SANS CONTRAT, C'EST DEJA CHOISIR UN REGIME BIENS REEUS AVANT OU PAR SUCCESSION RESTENT PROPRES. COMMUN 05109 Information generale • pas un conseil personnalise", "render_trace": "biens reçus avant ou par succession restent propres.", "verification_method": "ocr+trace", "duration": 3.13, "full_text_visible_at": 2.817, "hold_after_full_text": 0.313, "passed": true}, {"beat": "exemple_1", "expected_words": 18, "first_word": "exemple", "last_word": "individuel", "rendered_words": 34, "missing_words": [], "ocr_text": "SE MARIER SANS CONTRAT, C'EST DEJA CHOISIR UN REGIME EXEMPLE : LES SALAIRES PERGUS PENDANT LE MARIAGE ALIMENTENT LA COMMUNAUTE MEME S'ILS SONT VERSES SUR UN COMPTE INDIVIDUEL; 06109 Information generale • pas un conseil personnalise", "render_trace": "Exemple : les salaires perçus pendant le mariage alimentent la communauté même s'ils sont versés sur un compte individuel ;", "verification_method": "ocr+trace", "duration": 6.09, "full_text_visible_at": 5.481, "hold_after_full_text": 0.609, "passed": true}, {"beat": "exemple_2", "expected_words": 9, "first_word": "l'heritage", "last_word": "preuve", "rendered_words": 25, "missing_words": [], "ocr_text": "SE MARIER SANS CONTRAT, C'EST DEJA CHOISIR UN REGIME L'HERITAGE RESTE PERSONNEL MAIS SON MELANGE COMPLIQUE LA PREUVE. 07109 Information generale • pas un conseil personnalise", "render_trace": "l'héritage reste personnel mais son mélange complique la preuve.", "verification_method": "ocr+trace", "duration": 3.57, "full_text_visible_at": 3.213, "hold_after_full_text": 0.357, "passed": true}, {"beat": "nuance", "expected_words": 18, "first_word": "chaque", "last_word": "moitie", "rendered_words": 36, "missing_words": [], "ocr_text": "SE MARIER SANS CONTRAT, C'EST DEJA CHOISIR UN REGIME CHAQUE EPOUX PEUT PERCEVOIR ET UTILISER SES GAINS; A LA LIQUIDATION, L'ACTIF COMMUN NET SE PARTAGE PAR MOITIE. 50 50 08109 Information generale • pas un conseil personnalise", "render_trace": "Chaque époux peut percevoir et utiliser ses gains ; à la liquidation, l'actif commun net se partage par moitié.", "verification_method": "ocr+trace", "duration": 6.29, "full_text_visible_at": 5.661, "hold_after_full_text": 0.629, "passed": true}, {"beat": "cta", "expected_words": 4, "first_word": "enregistrez", "last_word": "vous", "rendered_words": 30, "missing_words": [], "ocr_text": "SE MARIER SANS CONTRAT, C'EST DEJA CHOISIR UN REGIME LE SAVIEZ.VOUS ? ENREGISTrEZ PARTAGEZ ABONNEZ.VOUS POUR MIEUX COMPRENDRE ET PROTEGER VOTRE PATRIMOINE 09109 Information generale • pas un conseil personnalise", "render_trace": "Enregistrez, partagez, abonnez‑vous.", "verification_method": "ocr+trace", "duration": 2.84, "full_text_visible_at": 2.556, "hold_after_full_text": 0.284, "passed": true}], "failures": [], "ocr_status": "effectué"}
{"passed": true, "failures": [], "expected_duration": 36.96, "target_duration": [28, 40], "resolution": "1080x1920", "audio": true, "word_check": true, "layout_check": "zones fixes sans chevauchement"}
{"passed": true, "threshold_strictly_above": 9.5, "overall": 9.8, "criteria": {"Accroche dans les premières secondes": 9.8, "Rétention et rythme": 9.7, "Lisibilité mobile": 9.8, "Synchronisation texte et voix": 10.0, "Narration visuelle": 9.7, "Interaction question-réponse": 9.8, "Valeur enregistrable": 9.7, "Potentiel de partage privé": 9.7, "CTA Instagram": 9.8, "Sécurité et intégrité": 10.0}, "evidence": {"duration": 36.96, "resolution": "1080x1920", "missing_words": 0, "pages": 9, "renderer": "BRITED deterministic renderer v2"}}
Loaded multilingual tokenizer (NFKD,fullcase preprocessing)
Loading S3Tokenizer from mlx-community/S3TokenizerV2...
Loaded S3Tokenizer weights
Warning: conds.safetensors not found - ref_audio will be required
[94mText:[0m Vous vous mariez sans contrat et pensez qu'il n'y a pas de régime ?
[94mVoice:[0m af_heart
[94mSpeed:[0m 0.88x
[94mLanguage:[0m fr
[94mText:[0m Selon vous, sans contrat, le patrimoine reste-t-il séparé ?
[94mVoice:[0m af_heart
[94mSpeed:[0m 0.88x
[94mLanguage:[0m fr
[94mText:[0m Non : le régime légal s'applique.
[94mVoice:[0m af_heart
[94mSpeed:[0m 0.88x
[94mLanguage:[0m fr
[94mText:[0m Sans contrat, c'est la communauté réduite aux acquêts : tout acquis pendant le mariage est commun ;
[94mVoice:[0m af_heart
[94mSpeed:[0m 0.88x
[94mLanguage:[0m fr
[94mText:[0m les biens reçus avant ou par succession restent propres.
[94mVoice:[0m af_heart
[94mSpeed:[0m 0.88x
[94mLanguage:[0m fr
[94mText:[0m Exemple : les salaires perçus pendant le mariage alimentent la communauté même s'ils sont versés sur un compte individuel ;
[94mVoice:[0m af_heart
[94mSpeed:[0m 0.88x
[94mLanguage:[0m fr
[94mText:[0m l'héritage reste personnel mais son mélange complique la preuve.
[94mVoice:[0m af_heart
[94mSpeed:[0m 0.88x
[94mLanguage:[0m fr
[94mText:[0m Après paiement des charges du mariage, chacun utilise ses gains ; à la liquidation, passif et comptes réglés,
[94mVoice:[0m af_heart
[94mSpeed:[0m 0.88x
[94mLanguage:[0m fr
[94mText:[0m l'actif commun net se partage par moitié.
[94mVoice:[0m af_heart
[94mSpeed:[0m 0.88x
[94mLanguage:[0m fr
[94mText:[0m Enregistrez, partagez, abonnez-vous.
[94mVoice:[0m af_heart
[94mSpeed:[0m 0.88x
[94mLanguage:[0m fr
Loaded multilingual tokenizer (NFKD,fullcase preprocessing)
Loading S3Tokenizer from mlx-community/S3TokenizerV2...
Loaded S3Tokenizer weights
Warning: conds.safetensors not found - ref_audio will be required
[94mText:[0m Vous vous mariez sans contrat et pensez qu'il n'y a pas de régime ?
[94mVoice:[0m af_heart
[94mSpeed:[0m 0.88x
[94mLanguage:[0m fr
[94mText:[0m Selon vous, sans contrat, le patrimoine reste-t-il séparé ?
[94mVoice:[0m af_heart
[94mSpeed:[0m 0.88x
[94mLanguage:[0m fr
[94mText:[0m Non : le régime légal s'applique.
[94mVoice:[0m af_heart
[94mSpeed:[0m 0.88x
[94mLanguage:[0m fr
[94mText:[0m Sans contrat, c'est la communauté réduite aux acquêts : tout acquis pendant le mariage est commun ; les biens reçus avant ou par succession restent propres.
[94mVoice:[0m af_heart
[94mSpeed:[0m 0.88x
[94mLanguage:[0m fr
[94mText:[0m Exemple : les salaires perçus pendant le mariage alimentent la communauté même s'ils sont versés sur un compte individuel ;
[94mVoice:[0m af_heart
[94mSpeed:[0m 0.88x
[94mLanguage:[0m fr
[94mText:[0m l'héritage reste personnel mais son mélange complique la preuve.
[94mVoice:[0m af_heart
[94mSpeed:[0m 0.88x
[94mLanguage:[0m fr
[94mText:[0m Après paiement des charges du mariage, chacun utilise ses gains ; à la liquidation, passif et comptes réglés, l'actif commun net se partage par moitié.
[94mVoice:[0m af_heart
[94mSpeed:[0m 0.88x
[94mLanguage:[0m fr
[94mText:[0m Enregistrez, partagez, abonnez-vous.
[94mVoice:[0m af_heart
[94mSpeed:[0m 0.88x
[94mLanguage:[0m fr
{"passed": true, "video": "/Users/mikael_piselli/BRITED_STUDIO_FINAL/production/2026-08-24/slot-1/reels/regimes_communaute_par_defaut__reels.mp4", "expected_total_words": 107, "beats": [{"beat": "hook", "expected_words": 13, "first_word": "vous", "last_word": "regime", "rendered_words": 31, "missing_words": [], "ocr_text": "SE MARIER SANS CONTRAT, C'EST DEJA CHOISIR UN REGIME VOUS VOUS MARIEZ SANS CONTRAT ET PENSEZ QU'IL N'Y A PAS DE REGIME ? o,o 01108 Information generale • pas un conseil personnalise", "render_trace": "Vous vous mariez sans contrat et pensez qu'il n'y a pas de régime ?", "verification_method": "ocr+trace", "duration": 4.68, "full_text_visible_at": 4.212, "hold_after_full_text": 0.468, "passed": true}, {"beat": "question", "expected_words": 10, "first_word": "selon", "last_word": "separe", "rendered_words": 35, "missing_words": [], "ocr_text": "SE MARIER SANS CONTRAT, C'EST DEJA CHOISIR UN REGIME A VOUS DE JOUER SELON VOUS, SANS CONTRAT, LE PATRIMOINE RESTE.T.IL SEPARE ? oui NON LA REPONSE ARRIVE 02108 Information generale • pas un conseil personnalise", "render_trace": "Selon vous, sans contrat, le patrimoine reste-t-il séparé ?", "verification_method": "ocr+trace", "duration": 4.0, "full_text_visible_at": 3.6, "hold_after_full_text": 0.4, "passed": true}, {"beat": "reponse", "expected_words": 5, "first_word": "non", "last_word": "s'applique", "rendered_words": 21, "missing_words": [], "ocr_text": "SE MARIER SANS CONTRAT, C'EST DEJA CHOISIR UN REGIME NON : LE REGIME LEGAL S'APPLIQUE. 03108 Information generale • pas un conseil personnalise", "render_trace": "Non : le régime légal s'applique.", "verification_method": "ocr+trace", "duration": 2.85, "full_text_visible_at": 2.565, "hold_after_full_text": 0.285, "passed": true}, {"beat": "regle", "expected_words": 24, "first_word": "sans", "last_word": "propres", "rendered_words": 41, "missing_words": [], "ocr_text": "SE MARIER SANS CONTRAT, C'EST DEJA CHOISIR UN REGIME SANS CONTRAT, C'EST LA COMMUNAUTE REDUITE AUX ACQUETS : TOUT ACQUIS PENDANT LE MARIAGE EST COMMUN; LES BIENS REGUS AVANT OU PAR SUCCESSION RESTENT PROPRES. COMMUN 04108 Information generale • pas un conseil personnalise", "render_trace": "Sans contrat, c'est la communauté réduite aux acquêts : tout acquis pendant le mariage est commun ; les biens reçus avant ou par succession restent propres.", "verification_method": "ocr+trace", "duration": 7.57, "full_text_visible_at": 6.813, "hold_after_full_text": 0.757, "passed": true}, {"beat": "exemple_1", "expected_words": 18, "first_word": "exemple", "last_word": "individuel", "rendered_words": 33, "missing_words": [], "ocr_text": "SE MARIER SANS CONTRAT, C'EST DEJA CHOISIR UN REGIME EXEMPLE: LES SALAIRES PERGUS PENDANT LE MARIAGE ALIMENTENT LA COMMUNAUTE MEME S'ILSSONT VERSES SUR UN COMPTE INDIVIDUEL; 05108 Information generale • pas un conseil personnalise", "render_trace": "Exemple : les salaires perçus pendant le mariage alimentent la communauté même s'ils sont versés sur un compte individuel ;", "verification_method": "ocr+trace", "duration": 6.01, "full_text_visible_at": 5.409, "hold_after_full_text": 0.601, "passed": true}, {"beat": "exemple_2", "expected_words": 9, "first_word": "l'heritage", "last_word": "preuve", "rendered_words": 25, "missing_words": [], "ocr_text": "SE MARIER SANS CONTRAT, C'EST DEJA CHOISIR UN REGIME L'HERITAGE RESTE PERSONNEL MAIS SON MELANGE COMPLIQUE LA PREUVE. 06108 Information generale • pas un conseil personnalis•", "render_trace": "l'héritage reste personnel mais son mélange complique la preuve.", "verification_method": "ocr+trace", "duration": 3.69, "full_text_visible_at": 3.321, "hold_after_full_text": 0.369, "passed": true}, {"beat": "nuance", "expected_words": 24, "first_word": "apres", "last_word": "moitie", "rendered_words": 41, "missing_words": [], "ocr_text": "SE MARIER SANS CONTRAT, C'EST DEJA CHOISIR UN REGIME APRES PAIEMENT DES CHARGES DU MARIAGE, CHACUN UTILISE SES GAINS; A LA LIQUIDATION, PASSIF ET COMPTES REGLES, L'ACTIF COMMUN NETSE PARTAGE PAR MOITIE. 50 50 07108 Information generale • pas un conseil personnalise", "render_trace": "Après paiement des charges du mariage, chacun utilise ses gains ; à la liquidation, passif et comptes réglés, l'actif commun net se partage par moitié.", "verification_method": "ocr+trace", "duration": 7.53, "full_text_visible_at": 6.777, "hold_after_full_text": 0.753, "passed": true}, {"beat": "cta", "expected_words": 4, "first_word": "enregistrez", "last_word": "vous", "rendered_words": 30, "missing_words": [], "ocr_text": "SE MARIER SANS CONTRAT, C'EST DEJA CHOISIR UN REGIME LE SAVIEZ.VOUS ? ENREGISTrEZ PARTAGEZ ABONNEZ.VOUS POUR MIEUX COMPRENDRE ET PROTEGER VOTRE PATRIMOINE 08108 Information generale • pas un conseil personnalise", "render_trace": "Enregistrez, partagez, abonnez-vous.", "verification_method": "ocr+trace", "duration": 2.32, "full_text_visible_at": 2.088, "hold_after_full_text": 0.232, "passed": true}], "failures": [], "ocr_status": "effectué"}
{"passed": true, "failures": [], "expected_duration": 38.65, "target_duration": [28, 40], "resolution": "1080x1920", "audio": true, "word_check": true, "layout_check": "zones fixes sans chevauchement"}
Loaded multilingual tokenizer (NFKD,fullcase preprocessing)
Loading S3Tokenizer from mlx-community/S3TokenizerV2...
Loaded S3Tokenizer weights
Warning: conds.safetensors not found - ref_audio will be required
{"passed": true, "video": "/Users/mikael_piselli/BRITED_STUDIO_FINAL/production/2026-08-24/slot-1/reels/regimes_communaute_par_defaut__reels.mp4", "expected_total_words": 107, "beats": [{"beat": "hook", "expected_words": 13, "first_word": "vous", "last_word": "regime", "rendered_words": 31, "missing_words": [], "ocr_text": "SE MARIER SANS CONTRAT, C'EST DEJA CHOISIR UN REGIME VOUS VOUS MARIEZ SANS CONTRAT ET PENSEZ QU'IL N'Y A PAS DE REGIME ? o,o 01108 Information generale • pas un conseil personnalise", "render_trace": "Vous vous mariez sans contrat et pensez qu'il n'y a pas de régime ?", "verification_method": "ocr+trace", "duration": 4.68, "full_text_visible_at": 2.412, "hold_after_full_text": 2.268, "passed": true}, {"beat": "question", "expected_words": 10, "first_word": "selon", "last_word": "separe", "rendered_words": 35, "missing_words": [], "ocr_text": "SE MARIER SANS CONTRAT, C'EST DEJA CHOISIR UN REGIME A VOUS DE JOUER SELON VOUS, SANS CONTRAT, LE PATRIMOINE RESTE.T.IL SEPARE ? oui NON LA REPONSE ARRIVE 02108 Information generale • pas un conseil personnalise", "render_trace": "Selon vous, sans contrat, le patrimoine reste-t-il séparé ?", "verification_method": "ocr+trace", "duration": 4.0, "full_text_visible_at": 2.772, "hold_after_full_text": 1.228, "passed": true}, {"beat": "reponse", "expected_words": 5, "first_word": "non", "last_word": "s'applique", "rendered_words": 21, "missing_words": [], "ocr_text": "SE MARIER SANS CONTRAT, C'EST DEJA CHOISIR UN REGIME NON: LE REGIME LEGAL S'APPLIQUE. 03108 Information generale • pas un conseil personnalise", "render_trace": "Non : le régime légal s'applique.", "verification_method": "ocr+trace", "duration": 2.85, "full_text_visible_at": 2.34, "hold_after_full_text": 0.51, "passed": true}, {"beat": "regle", "expected_words": 24, "first_word": "sans", "last_word": "propres", "rendered_words": 41, "missing_words": [], "ocr_text": "SE MARIER SANS CONTRAT, C'EST DEJA CHOISIR UN REGIME SANS CONTRAT, C'EST LA COMMUNAUTE REDUITE AUX ACQUETS : TOUT ACQUIS PENDANT LE MARIAGE EST COMMUN; LES BIENS REGUS AVANT OU PAR SUCCESSION RESTENT PROPRES. COMMUN 04108 Information generale • pas un conseil personnalise", "render_trace": "Sans contrat, c'est la communauté réduite aux acquêts : tout acquis pendant le mariage est commun ; les biens reçus avant ou par succession restent propres.", "verification_method": "ocr+trace", "duration": 7.57, "full_text_visible_at": 6.588, "hold_after_full_text": 0.982, "passed": true}, {"beat": "exemple_1", "expected_words": 18, "first_word": "exemple", "last_word": "individuel", "rendered_words": 33, "missing_words": [], "ocr_text": "SE MARIER SANS CONTRAT, C'EST DEJA CHOISIR UN REGIME EXEMPLE: LES SALAIRES PERGUS PENDANT LE MARIAGE ALIMENTENT LA COMMUNAUTE MEME S'ILSSONT VERSES SUR UN COMPTE INDIVIDUEL; 05108 Information generale • pas un conseil personnalise", "render_trace": "Exemple : les salaires perçus pendant le mariage alimentent la communauté même s'ils sont versés sur un compte individuel ;", "verification_method": "ocr+trace", "duration": 6.01, "full_text_visible_at": 5.184, "hold_after_full_text": 0.826, "passed": true}, {"beat": "exemple_2", "expected_words": 9, "first_word": "l'heritage", "last_word": "preuve", "rendered_words": 25, "missing_words": [], "ocr_text": "SE MARIER SANS CONTRAT, C'EST DEJA CHOISIR UN REGIME L'HERITAGE RESTE PERSONNEL MAIS SON MELANGE COMPLIQUE LA PREUVE. 06108 Information generale • pas un conseil personnalis•", "render_trace": "l'héritage reste personnel mais son mélange complique la preuve.", "verification_method": "ocr+trace", "duration": 3.69, "full_text_visible_at": 3.096, "hold_after_full_text": 0.594, "passed": true}, {"beat": "nuance", "expected_words": 24, "first_word": "apres", "last_word": "moitie", "rendered_words": 41, "missing_words": [], "ocr_text": "SE MARIER SANS CONTRAT, C'EST DEJA CHOISIR UN REGIME APRES PAIEMENT DES CHARGES DU MARIAGE, CHACUN UTILISE SES GAINS; A LA LIQUIDATION, PASSIF ET COMPTES REGLES, L'ACTIF COMMUN NETSE PARTAGE PAR MOITIE. 50 50 07108 Information generale • pas un conseil personnalise", "render_trace": "Après paiement des charges du mariage, chacun utilise ses gains ; à la liquidation, passif et comptes réglés, l'actif commun net se partage par moitié.", "verification_method": "ocr+trace", "duration": 7.53, "full_text_visible_at": 6.552, "hold_after_full_text": 0.978, "passed": true}, {"beat": "cta", "expected_words": 4, "first_word": "enregistrez", "last_word": "vous", "rendered_words": 30, "missing_words": [], "ocr_text": "SE MARIER SANS CONTRAT, C'EST DEJA CHOISIR UN REGIME LE SAVIEZ.VOUS ? ENREGISTrEZ PARTAGEZ ABONNEZ.VOUS POUR MIEUX COMPRENDRE ET PROTEGER VOTRE PATRIMOINE 08108 Information generale • pas un conseil personnalise", "render_trace": "Enregistrez, partagez, abonnez-vous.", "verification_method": "ocr+trace", "duration": 2.32, "full_text_visible_at": 2.088, "hold_after_full_text": 0.232, "passed": true}], "failures": [], "ocr_status": "effectué"}
{"passed": true, "failures": [], "expected_duration": 38.65, "target_duration": [28, 40], "resolution": "1080x1920", "audio": true, "word_check": true, "layout_check": "zones fixes sans chevauchement"}
{"passed": true, "threshold_strictly_above": 9.5, "overall": 9.8, "criteria": {"Accroche dans les premières secondes": 9.8, "Rétention et rythme": 9.7, "Lisibilité mobile": 9.8, "Synchronisation texte et voix": 10.0, "Narration visuelle": 9.7, "Interaction question-réponse": 9.8, "Valeur enregistrable": 9.7, "Potentiel de partage privé": 9.7, "CTA Instagram": 9.8, "Sécurité et intégrité": 10.0}, "evidence": {"duration": 38.65, "resolution": "1080x1920", "missing_words": 0, "pages": 8, "renderer": "BRITED deterministic renderer v2"}}
Loaded multilingual tokenizer (NFKD,fullcase preprocessing)
Loading S3Tokenizer from mlx-community/S3TokenizerV2...
Loaded S3Tokenizer weights
Warning: conds.safetensors not found - ref_audio will be required
[94mText:[0m Exemple : les salaires perçus pendant le mariage alimentent la communauté, même sur un compte individuel ;
[94mVoice:[0m af_heart
[94mSpeed:[0m 0.88x
[94mLanguage:[0m fr
[94mText:[0m Charges du mariage payées, chacun utilise ses gains ; à la liquidation, passif et comptes réglés, l'actif commun net se partage par moitié.
[94mVoice:[0m af_heart
[94mSpeed:[0m 0.88x
[94mLanguage:[0m fr
[94mText:[0m Enregistrez, partagez et abonnez-vous pour mieux comprendre et protéger votre patrimoine.
[94mVoice:[0m af_heart
[94mSpeed:[0m 0.88x
[94mLanguage:[0m fr
Loaded multilingual tokenizer (NFKD,fullcase preprocessing)
Loading S3Tokenizer from mlx-community/S3TokenizerV2...
Loaded S3Tokenizer weights
Warning: conds.safetensors not found - ref_audio will be required
Loaded multilingual tokenizer (NFKD,fullcase preprocessing)
Loading S3Tokenizer from mlx-community/S3TokenizerV2...
Loaded S3Tokenizer weights
Warning: conds.safetensors not found - ref_audio will be required
{"passed": true, "video": "/Users/mikael_piselli/BRITED_STUDIO_FINAL/production/2026-08-24/slot-1/reels/regimes_communaute_par_defaut__reels.mp4", "expected_total_words": 110, "beats": [{"beat": "hook", "expected_words": 13, "first_word": "vous", "last_word": "regime", "rendered_words": 31, "missing_words": [], "ocr_text": "SE MARIER SANS CONTRAT, C'EST DEJA CHOISIR UN REGIME VOUS VOUS MARIEZ SANS CONTRAT ET PENSEZ QU'IL N'Y A PAS DE REGIME ? o,o 01108 Information generale • pas un conseil personnalise", "render_trace": "Vous vous mariez sans contrat et pensez qu'il n'y a pas de régime ?", "verification_method": "ocr+trace", "duration": 4.269, "full_text_visible_at": 1.95, "hold_after_full_text": 2.319, "passed": true}, {"beat": "question", "expected_words": 10, "first_word": "selon", "last_word": "separe", "rendered_words": 34, "missing_words": [], "ocr_text": "SE MARIER SANS CONTRAT, C'EST DEJA CHOISIR UN REGIME A VOUS DEJOUER SELON VOUS, SANS CONTRAT, LE PATRIMOINE RESTE.T.IL SEPARE ? oui NON LA REPONSE ARRIVE 02108 Information generale • pas un conseil personnalise", "render_trace": "Selon vous, sans contrat, le patrimoine reste-t-il séparé ?", "verification_method": "ocr+trace", "duration": 3.234, "full_text_visible_at": 2.241, "hold_after_full_text": 0.993, "passed": true}, {"beat": "reponse", "expected_words": 5, "first_word": "non", "last_word": "s'applique", "rendered_words": 21, "missing_words": [], "ocr_text": "SE MARIER SANS CONTRAT, C'EST DEJA CHOISIR UN REGIME NON: LE REGIME LEGAL S'APPLIQUE. 03108 Information generale • pas un conseil personnalise", "render_trace": "Non : le régime légal s'applique.", "verification_method": "ocr+trace", "duration": 2.304, "full_text_visible_at": 1.892, "hold_after_full_text": 0.412, "passed": true}, {"beat": "regle", "expected_words": 24, "first_word": "sans", "last_word": "propres", "rendered_words": 40, "missing_words": [], "ocr_text": "SE MARIER SANS CONTRAT, C'EST DEJA CHOISIR UN REGIME SANS CONTRAT, C'EST LA COMMUNAUTE REDUITE AUX ACQUETS : TOUT ACQUIS PENDANT LE MARIAGE ESTCOMMUN; LES BIENS REGUS AVANT OU PAR SUCCESSION RESTENT PROPRES. COMMUN 04108 Information generale • pas un conseil personnalise", "render_trace": "Sans contrat, c'est la communauté réduite aux acquêts : tout acquis pendant le mariage est commun ; les biens reçus avant ou par succession restent propres.", "verification_method": "ocr+trace", "duration": 6.121, "full_text_visible_at": 5.327, "hold_after_full_text": 0.794, "passed": true}, {"beat": "exemple_1", "expected_words": 15, "first_word": "exemple", "last_word": "individuel", "rendered_words": 30, "missing_words": [], "ocr_text": "SE MARIER SANS CONTRAT, C'EST DEJA CHOISIR UN REGIME EXEMPLE : LES SALAIRES PERGUS PENDANT LE MARIAGE ALIMENTENT LA COMMUNAUTE, MEMESUR UN COMPTE INDIVIDUEL; 05108 Information generale • pas un conseil personnalise", "render_trace": "Exemple : les salaires perçus pendant le mariage alimentent la communauté, même sur un compte individuel ;", "verification_method": "ocr+trace", "duration": 4.698, "full_text_visible_at": 4.046, "hold_after_full_text": 0.652, "passed": true}, {"beat": "exemple_2", "expected_words": 9, "first_word": "l'heritage", "last_word": "preuve", "rendered_words": 25, "missing_words": [], "ocr_text": "SE MARIER SANS CONTRAT, C'EST DEJA CHOISIR UN REGIME L'HERITAGE RESTE PERSONNEL MAIS SON MELANGE COMPLIQUE LA PREUVE. 06108 Information generale • pas un conseil personnalise", "render_trace": "l'héritage reste personnel mais son mélange complique la preuve.", "verification_method": "ocr+trace", "duration": 2.984, "full_text_visible_at": 2.503, "hold_after_full_text": 0.481, "passed": true}, {"beat": "nuance", "expected_words": 22, "first_word": "charges", "last_word": "moitie", "rendered_words": 40, "missing_words": [], "ocr_text": "SE MARIER SANS CONTRAT, C'EST DEJA CHOISIR UN REGIME CHARGES DU MARIAGE PAYEES, CHACUN UTILISE SES GAINS ; A LA LIQUIDATION, PASSIF ET COMPTES REGLES, L'ACTIF COMMUN NET SE PARTAGE PAR MOITIE. 50 50 07108 Information generale • pas un conseil personnalise", "render_trace": "Charges du mariage payées, chacun utilise ses gains ; à la liquidation, passif et comptes réglés, l'actif commun net se partage par moitié.", "verification_method": "ocr+trace", "duration": 6.574, "full_text_visible_at": 5.734, "hold_after_full_text": 0.84, "passed": true}, {"beat": "cta", "expected_words": 12, "first_word": "enregistrez", "last_word": "patrimoine", "rendered_words": 35, "missing_words": [], "ocr_text": "SE MARIER SANS CONTRAT, C'EST DEJA CHOISIR UN REGIME LE SAVIEZ.VOUS ? ENREGISTrEZ PARTAGEZ ABONNEZ.VOUS ENREGISTrEZ • PARTAGEZ ET ABONNEZ.VOUS POUR MIEUX COMPRENDRE ET PROTEGER VOTRE PATRIMOINE 08108 Information generale • pas un conseil personnalise", "render_trace": "Enregistrez, partagez et abonnez-vous pour mieux comprendre et protéger votre patrimoine.", "verification_method": "ocr+trace", "duration": 3.816, "full_text_visible_at": 3.435, "hold_after_full_text": 0.381, "passed": true}], "failures": [], "ocr_status": "effectué"}
Loaded multilingual tokenizer (NFKD,fullcase preprocessing)
Loading S3Tokenizer from mlx-community/S3TokenizerV2...
Loaded S3Tokenizer weights
Warning: conds.safetensors not found - ref_audio will be required
{"passed": true, "video": "/Users/mikael_piselli/BRITED_STUDIO_FINAL/production/2026-08-24/slot-1/reels/regimes_communaute_par_defaut__reels.mp4", "expected_total_words": 110, "beats": [{"beat": "hook", "expected_words": 13, "first_word": "vous", "last_word": "regime", "rendered_words": 31, "missing_words": [], "ocr_text": "SE MARIER SANS CONTRAT, C'EST DEJA CHOISIR UN REGIME VOUS VOUS MARIEZ SANS CONTRAT ET PENSEZ QU'IL N'Y A PAS DE REGIME ? o,o 01108 Information generale • pas un conseil personnalise", "render_trace": "Vous vous mariez sans contrat et pensez qu'il n'y a pas de régime ?", "verification_method": "ocr+trace", "duration": 4.151, "full_text_visible_at": 1.896, "hold_after_full_text": 2.255, "passed": true}, {"beat": "question", "expected_words": 10, "first_word": "selon", "last_word": "separe", "rendered_words": 35, "missing_words": [], "ocr_text": "SE MARIER SANS CONTRAT, C'EST DEJA CHOISIR UN REGIME A VOUS DE JOUER SELON VOUS, SANS CONTRAT, LE PATRIMOINE RESTE.T.IL SEPARE ? oui NON LA REPONSE ARRIVE 02108 Information generale • pas un conseil personnalise", "render_trace": "Selon vous, sans contrat, le patrimoine reste-t-il séparé ?", "verification_method": "ocr+trace", "duration": 4.088, "full_text_visible_at": 2.179, "hold_after_full_text": 1.909, "passed": true}, {"beat": "reponse", "expected_words": 5, "first_word": "non", "last_word": "s'applique", "rendered_words": 21, "missing_words": [], "ocr_text": "SE MARIER SANS CONTRAT, C'EST DEJA CHOISIR UN REGIME NON: LE REGIME LEGAL S'APPLIQUE. 03108 Information generale • pas un conseil personnalise", "render_trace": "Non : le régime légal s'applique.", "verification_method": "ocr+trace", "duration": 2.24, "full_text_visible_at": 1.84, "hold_after_full_text": 0.4, "passed": true}, {"beat": "regle", "expected_words": 24, "first_word": "sans", "last_word": "propres", "rendered_words": 40, "missing_words": [], "ocr_text": "SE MARIER SANS CONTRAT, C'EST DEJA CHOISIR UN REGIME SANS CONTRAT, C'EST LA COMMUNAUTE REDUITE AUX ACQUETS : TOUT ACQUIS PENDANT LE MARIAGE ESTCOMMUN; LES BIENS REGUS AVANT OU PAR SUCCESSION RESTENT PROPRES. COMMUN 04108 Information generale • pas un conseil personnalise", "render_trace": "Sans contrat, c'est la communauté réduite aux acquêts : tout acquis pendant le mariage est commun ; les biens reçus avant ou par succession restent propres.", "verification_method": "ocr+trace", "duration": 5.951, "full_text_visible_at": 5.179, "hold_after_full_text": 0.772, "passed": true}, {"beat": "exemple_1", "expected_words": 15, "first_word": "exemple", "last_word": "individuel", "rendered_words": 30, "missing_words": [], "ocr_text": "SE MARIER SANS CONTRAT, C'EST DEJA CHOISIR UN REGIME EXEMPLE : LES SALAIRES PERGUS PENDANT LE MARIAGE ALIMENTENT LA COMMUNAUTE, MEMESUR UN COMPTE INDIVIDUEL; 05108 Information generale • pas un conseil personnalise", "render_trace": "Exemple : les salaires perçus pendant le mariage alimentent la communauté, même sur un compte individuel ;", "verification_method": "ocr+trace", "duration": 4.567, "full_text_visible_at": 3.934, "hold_after_full_text": 0.633, "passed": true}, {"beat": "exemple_2", "expected_words": 9, "first_word": "l'heritage", "last_word": "preuve", "rendered_words": 25, "missing_words": [], "ocr_text": "SE MARIER SANS CONTRAT, C'EST DEJA CHOISIR UN REGIME L'HERITAGE RESTE PERSONNEL MAIS SON MELANGE COMPLIQUE LA PREUVE. 06108 Information generale • pas un conseil personnalise", "render_trace": "l'héritage reste personnel mais son mélange complique la preuve.", "verification_method": "ocr+trace", "duration": 2.901, "full_text_visible_at": 2.434, "hold_after_full_text": 0.467, "passed": true}, {"beat": "nuance", "expected_words": 22, "first_word": "charges", "last_word": "moitie", "rendered_words": 40, "missing_words": [], "ocr_text": "SE MARIER SANS CONTRAT, C'EST DEJA CHOISIR UN REGIME CHARGES DU MARIAGE PAYEES, CHACUN UTILISE SES GAINS ; A LA LIQUIDATION, PASSIF ET COMPTES REGLES, L'ACTIF COMMUN NET SE PARTAGE PAR MOITIE. 50 50 07108 Information generale • pas un conseil personnalise", "render_trace": "Charges du mariage payées, chacun utilise ses gains ; à la liquidation, passif et comptes réglés, l'actif commun net se partage par moitié.", "verification_method": "ocr+trace", "duration": 6.391, "full_text_visible_at": 5.575, "hold_after_full_text": 0.816, "passed": true}, {"beat": "cta", "expected_words": 12, "first_word": "enregistrez", "last_word": "patrimoine", "rendered_words": 35, "missing_words": [], "ocr_text": "SE MARIER SANS CONTRAT, C'EST DEJA CHOISIR UN REGIME LE SAVIEZ.VOUS ? ENREGISTrEZ PARTAGEZ ABONNEZ.VOUS ENREGISTrEZ • PARTAGEZ ET ABONNEZ.VOUS POUR MIEUX COMPRENDRE ET PROTEGER VOTRE PATRIMOINE 08108 Information generale • pas un conseil personnalise", "render_trace": "Enregistrez, partagez et abonnez-vous pour mieux comprendre et protéger votre patrimoine.", "verification_method": "ocr+trace", "duration": 3.711, "full_text_visible_at": 3.339, "hold_after_full_text": 0.372, "passed": true}], "failures": [], "ocr_status": "effectué"}
{"passed": true, "failures": [], "expected_duration": 34.0, "target_duration": [28, 40], "resolution": "1080x1920", "audio": true, "word_check": true, "layout_check": "zones fixes sans chevauchement"}
{"passed": true, "threshold_strictly_above": 9.5, "overall": 9.8, "criteria": {"Accroche dans les premières secondes": 9.8, "Rétention et rythme": 9.7, "Lisibilité mobile": 9.8, "Synchronisation texte et voix": 10.0, "Narration visuelle": 9.7, "Interaction question-réponse": 9.8, "Valeur enregistrable": 9.7, "Potentiel de partage privé": 9.7, "CTA Instagram": 9.8, "Sécurité et intégrité": 10.0}, "evidence": {"duration": 34.0, "resolution": "1080x1920", "missing_words": 0, "pages": 8, "renderer": "BRITED deterministic renderer v2"}}
Loaded multilingual tokenizer (NFKD,fullcase preprocessing)
Loading S3Tokenizer from mlx-community/S3TokenizerV2...
Loaded S3Tokenizer weights
Warning: conds.safetensors not found - ref_audio will be required
{"passed": true, "video": "/Users/mikael_piselli/BRITED_STUDIO_FINAL/production/2026-08-24/slot-1/reels/regimes_communaute_par_defaut__reels.mp4", "expected_total_words": 110, "beats": [{"beat": "hook", "expected_words": 13, "first_word": "vous", "last_word": "regime", "rendered_words": 31, "missing_words": [], "ocr_text": "SE MARIER SANS CONTRAT, C'EST DEJA CHOISIR UN REGIME VOUS VOUS MARIEZ SANS CONTRAT ET PENSEZ QU'IL N'Y A PAS DE REGIME ? o,o 01108 Information generale • pas un conseil personnalise", "render_trace": "Vous vous mariez sans contrat et pensez qu'il n'y a pas de régime ?", "verification_method": "ocr+trace", "duration": 4.151, "full_text_visible_at": 1.896, "hold_after_full_text": 2.255, "passed": true}, {"beat": "question", "expected_words": 10, "first_word": "selon", "last_word": "separe", "rendered_words": 35, "missing_words": [], "ocr_text": "SE MARIER SANS CONTRAT, C'EST DEJA CHOISIR UN REGIME A VOUS DE JOUER SELON VOUS, SANS CONTRAT, LE PATRIMOINE RESTE.T.IL SEPARE ? oui NON LA REPONSE ARRIVE 02108 Information generale • pas un conseil personnalise", "render_trace": "Selon vous, sans contrat, le patrimoine reste-t-il séparé ?", "verification_method": "ocr+trace", "duration": 4.088, "full_text_visible_at": 2.179, "hold_after_full_text": 1.909, "passed": true}, {"beat": "reponse", "expected_words": 5, "first_word": "non", "last_word": "s'applique", "rendered_words": 21, "missing_words": [], "ocr_text": "SE MARIER SANS CONTRAT, C'EST DEJA CHOISIR UN REGIME NON: LE REGIME LEGAL S'APPLIQUE. 03108 Information generale • pas un conseil personnalise", "render_trace": "Non : le régime légal s'applique.", "verification_method": "ocr+trace", "duration": 2.24, "full_text_visible_at": 1.84, "hold_after_full_text": 0.4, "passed": true}, {"beat": "regle", "expected_words": 24, "first_word": "sans", "last_word": "propres", "rendered_words": 40, "missing_words": [], "ocr_text": "SE MARIER SANS CONTRAT, C'EST DEJA CHOISIR UN REGIME SANS CONTRAT, C'EST LA COMMUNAUTE REDUITE AUX ACQUETS : TOUT ACQUIS PENDANT LE MARIAGE ESTCOMMUN; LES BIENS REGUS AVANT OU PAR SUCCESSION RESTENT PROPRES. COMMUN 04108 Information generale • pas un conseil personnalise", "render_trace": "Sans contrat, c'est la communauté réduite aux acquêts : tout acquis pendant le mariage est commun ; les biens reçus avant ou par succession restent propres.", "verification_method": "ocr+trace", "duration": 5.951, "full_text_visible_at": 5.179, "hold_after_full_text": 0.772, "passed": true}, {"beat": "exemple_1", "expected_words": 15, "first_word": "exemple", "last_word": "individuel", "rendered_words": 30, "missing_words": [], "ocr_text": "SE MARIER SANS CONTRAT, C'EST DEJA CHOISIR UN REGIME EXEMPLE : LES SALAIRES PERGUS PENDANT LE MARIAGE ALIMENTENT LA COMMUNAUTE, MEMESUR UN COMPTE INDIVIDUEL; 05108 Information generale • pas un conseil personnalise", "render_trace": "Exemple : les salaires perçus pendant le mariage alimentent la communauté, même sur un compte individuel ;", "verification_method": "ocr+trace", "duration": 4.567, "full_text_visible_at": 3.934, "hold_after_full_text": 0.633, "passed": true}, {"beat": "exemple_2", "expected_words": 9, "first_word": "l'heritage", "last_word": "preuve", "rendered_words": 25, "missing_words": [], "ocr_text": "SE MARIER SANS CONTRAT, C'EST DEJA CHOISIR UN REGIME L'HERITAGE RESTE PERSONNEL MAIS SON MELANGE COMPLIQUE LA PREUVE. 06108 Information generale • pas un conseil personnalise", "render_trace": "l'héritage reste personnel mais son mélange complique la preuve.", "verification_method": "ocr+trace", "duration": 2.901, "full_text_visible_at": 2.434, "hold_after_full_text": 0.467, "passed": true}, {"beat": "nuance", "expected_words": 22, "first_word": "charges", "last_word": "moitie", "rendered_words": 40, "missing_words": [], "ocr_text": "SE MARIER SANS CONTRAT, C'EST DEJA CHOISIR UN REGIME CHARGES DU MARIAGE PAYEES, CHACUN UTILISE SES GAINS ; A LA LIQUIDATION, PASSIF ET COMPTES REGLES, L'ACTIF COMMUN NET SE PARTAGE PAR MOITIE. 50 50 07108 Information generale • pas un conseil personnalise", "render_trace": "Charges du mariage payées, chacun utilise ses gains ; à la liquidation, passif et comptes réglés, l'actif commun net se partage par moitié.", "verification_method": "ocr+trace", "duration": 6.391, "full_text_visible_at": 5.575, "hold_after_full_text": 0.816, "passed": true}, {"beat": "cta", "expected_words": 12, "first_word": "enregistrez", "last_word": "patrimoine", "rendered_words": 35, "missing_words": [], "ocr_text": "SE MARIER SANS CONTRAT, C'EST DEJA CHOISIR UN REGIME LE SAVIEZ.VOUS ? ENREGISTrEZ PARTAGEZ ABONNEZ.VOUS ENREGISTrEZ • PARTAGEZ ET ABONNEZ.VOUS POUR MIEUX COMPRENDRE ET PROTEGER VOTRE PATRIMOINE 08108 Information generale • pas un conseil personnalise", "render_trace": "Enregistrez, partagez et abonnez-vous pour mieux comprendre et protéger votre patrimoine.", "verification_method": "ocr+trace", "duration": 3.711, "full_text_visible_at": 3.339, "hold_after_full_text": 0.372, "passed": true}], "failures": [], "ocr_status": "effectué"}
{"passed": true, "failures": [], "expected_duration": 34.0, "target_duration": [28, 40], "resolution": "1080x1920", "audio": true, "word_check": true, "layout_check": "zones fixes sans chevauchement"}
{"passed": true, "threshold_strictly_above": 9.5, "overall": 9.8, "criteria": {"Accroche dans les premières secondes": 9.8, "Rétention et rythme": 9.7, "Lisibilité mobile": 9.8, "Synchronisation texte et voix": 10.0, "Narration visuelle": 9.7, "Interaction question-réponse": 9.8, "Valeur enregistrable": 9.7, "Potentiel de partage privé": 9.7, "CTA Instagram": 9.8, "Sécurité et intégrité": 10.0}, "evidence": {"duration": 34.0, "resolution": "1080x1920", "missing_words": 0, "pages": 8, "renderer": "BRITED deterministic renderer v2"}}
Loaded multilingual tokenizer (NFKD,fullcase preprocessing)
Loading S3Tokenizer from mlx-community/S3TokenizerV2...
Loaded S3Tokenizer weights
Warning: conds.safetensors not found - ref_audio will be required
[94mText:[0m Mariés sans contrat : aucun régime choisi ?
[94mVoice:[0m af_heart
[94mSpeed:[0m 0.88x
[94mLanguage:[0m fr
[94mText:[0m Selon vous, votre patrimoine reste-t-il séparé ?
[94mVoice:[0m af_heart
[94mSpeed:[0m 0.88x
[94mLanguage:[0m fr
[94mText:[0m Sans contrat, la communauté réduite aux acquêts s'applique : les biens acquis durant le mariage sont communs ; ceux d'avant ou reçus par succession restent propres.
[94mVoice:[0m af_heart
[94mSpeed:[0m 0.88x
[94mLanguage:[0m fr
[94mText:[0m Exemple : les salaires du mariage restent communs, même versés sur un compte individuel ; l'héritage reste propre,
[94mVoice:[0m af_heart
[94mSpeed:[0m 0.88x
[94mLanguage:[0m fr
[94mText:[0m mais mélanger les fonds complique la preuve.
[94mVoice:[0m af_heart
[94mSpeed:[0m 0.88x
[94mLanguage:[0m fr
[94mText:[0m Pendant le mariage, chacun utilise ses revenus après les charges du mariage. À la séparation, dettes et comptes entre époux sont réglés,
[94mVoice:[0m af_heart
[94mSpeed:[0m 0.88x
[94mLanguage:[0m fr
[94mText:[0m puis le solde partagé par moitié.
[94mVoice:[0m af_heart
[94mSpeed:[0m 0.88x
[94mLanguage:[0m fr
{"passed": true, "video": "/Users/mikael_piselli/BRITED_STUDIO_FINAL/production/2026-08-24/slot-1/reels/regimes_communaute_par_defaut__reels.mp4", "expected_total_words": 106, "beats": [{"beat": "hook", "expected_words": 6, "first_word": "maries", "last_word": "choisi", "rendered_words": 24, "missing_words": [], "ocr_text": "SE MARIER SANS CONTRAT, C'EST DEJA CHOISIR UN REGIME MARIES SANS CONTRAT: AUCUN REGIME CHOISI ? o,o 01109 Information generale • pas un conseil personnalise", "render_trace": "Mariés sans contrat : aucun régime choisi ?", "verification_method": "ocr+trace", "duration": 4.457, "full_text_visible_at": 2.162, "hold_after_full_text": 2.295, "passed": true}, {"beat": "question", "expected_words": 8, "first_word": "selon", "last_word": "separe", "rendered_words": 33, "missing_words": [], "ocr_text": "SE MARIER SANS CONTRAT, C'EST DEJA CHOISIR UN REGIME A VOUS DE JOUER SELON VOUS, VOTRE PATRIMOINE RESTE.T.IL SEPARE ? oui NON LA REPONSE ARRIVE 02109 Information generale • pas un conseil personnalise", "render_trace": "Selon vous, votre patrimoine reste-t-il séparé ?", "verification_method": "ocr+trace", "duration": 4.11, "full_text_visible_at": 2.162, "hold_after_full_text": 1.948, "passed": true}, {"beat": "reponse", "expected_words": 5, "first_word": "non", "last_word": "s'applique", "rendered_words": 21, "missing_words": [], "ocr_text": "SE MARIER SANS CONTRAT, C'EST DEJA CHOISIR UN REGIME NON: LE REGIME LEGAL S'APPLIQUE. 03109 Information generale • pas un conseil personnalise", "render_trace": "Non : le régime légal s'applique.", "verification_method": "ocr+trace", "duration": 2.252, "full_text_visible_at": 1.849, "hold_after_full_text": 0.403, "passed": true}, {"beat": "regle", "expected_words": 24, "first_word": "sans", "last_word": "propres", "rendered_words": 38, "missing_words": [], "ocr_text": "SE MARIER SANS CONTRAT, C'EST DEJA CHOISIR UN REGIME SANS CONTRAT, LA COMMUNAUTE REDUITE AUX ACQUETS S'APPLIQUE : LES BIENSACQUIS DURANT LE MARIAGE SONTCOMMUNS; CEUX D'AVANTOU REGUS PAR SUCCESSION RESTENT PROPRES. COMMUN 04109 Information generale • pas un conseil personnalise", "render_trace": "Sans contrat, la communauté réduite aux acquêts s'applique : les biens acquis durant le mariage sont communs ; ceux d'avant ou reçus par succession restent propres.", "verification_method": "ocr+trace", "duration": 6.489, "full_text_visible_at": 5.662, "hold_after_full_text": 0.827, "passed": true}, {"beat": "exemple_1", "expected_words": 16, "first_word": "exemple", "last_word": "propre", "rendered_words": 32, "missing_words": [], "ocr_text": "SE MARIER SANS CONTRAT, C'EST DEJA CHOISIR UN REGIME EXEMPLE : LES SALAIRES DU MARIAGE RESTENT COMMUNS, MEME VERSES SUR UN COMPTE INDIVIDUEL L'HERITAGE RESTE PROPRE, 05109 Information generale • pas un conseil personnalise", "render_trace": "Exemple : les salaires du mariage restent communs, même versés sur un compte individuel ; l'héritage reste propre,", "verification_method": "ocr+trace", "duration": 5.192, "full_text_visible_at": 4.495, "hold_after_full_text": 0.697, "passed": true}, {"beat": "exemple_2", "expected_words": 7, "first_word": "mais", "last_word": "preuve", "rendered_words": 23, "missing_words": [], "ocr_text": "SE MARIER SANS CONTRAT, C'EST DEJA CHOISIR UN REGIME MAIS MELANGER LES FONDS COMPLIQUE LA PREUVE. 06109 Information generale • pas un conseil personnalis•", "render_trace": "mais mélanger les fonds complique la preuve.", "verification_method": "ocr+trace", "duration": 1.968, "full_text_visible_at": 1.593, "hold_after_full_text": 0.375, "passed": true}, {"beat": "nuance_1", "expected_words": 22, "first_word": "pendant", "last_word": "regles", "rendered_words": 40, "missing_words": [], "ocr_text": "SE MARIER SANS CONTRAT, C'EST DEJA CHOISIR UN REGIME PENDANT LE MARIAGE, CHACUN UTILISE SES REVENUS APRES LES CHARGES DU MARIAGE. A LA SEPARATION, DETtES ET COMPTES ENTRE EPOUX SONT REGLES, 50 50 07109 Information generale • pas un conseil personnalise", "render_trace": "Pendant le mariage, chacun utilise ses revenus après les charges du mariage. À la séparation, dettes et comptes entre époux sont réglés,", "verification_method": "ocr+trace", "duration": 5.445, "full_text_visible_at": 4.723, "hold_after_full_text": 0.722, "passed": true}, {"beat": "nuance_2", "expected_words": 6, "first_word": "puis", "last_word": "moitie", "rendered_words": 24, "missing_words": [], "ocr_text": "SE MARIER SANS CONTRAT, C'EST DEJA CHOISIR UN REGIME PUIS LE SOLDE PARTAGE PAR MOITIE. 50 50 08109 Information generale • pas un conseil personnalise", "render_trace": "puis le solde partagé par moitié.", "verification_method": "ocr+trace", "duration": 1.841, "full_text_visible_at": 1.479, "hold_after_full_text": 0.362, "passed": true}, {"beat": "cta", "expected_words": 12, "first_word": "enregistrez", "last_word": "patrimoine", "rendered_words": 35, "missing_words": [], "ocr_text": "SE MARIER SANS CONTRAT, C'EST DEJA CHOISIR UN REGIME LE SAVIEZ.VOUS ? ENREGISTrEZ PARTAGEZ ABONNEZ.VOUS ENREGISTrEZ • PARTAGEZ ET ABONNEZ.VOUS POUR MIEUX COMPRENDRE ET PROTEGER VOTRE PATRIMOINE 09109 Information generale • pas un conseil personnalise", "render_trace": "Enregistrez, partagez et abonnez-vous pour mieux comprendre et protéger votre patrimoine.", "verification_method": "ocr+trace", "duration": 2.245, "full_text_visible_at": 2.02, "hold_after_full_text": 0.225, "passed": true}], "failures": [], "ocr_status": "effectué"}
{"passed": true, "failures": [], "expected_duration": 34.0, "target_duration": [28, 40], "resolution": "1080x1920", "audio": true, "word_check": true, "layout_check": "zones fixes sans chevauchement"}
{"passed": true, "threshold_strictly_above": 9.5, "overall": 9.8, "criteria": {"Accroche dans les premières secondes": 9.8, "Rétention et rythme": 9.7, "Lisibilité mobile": 9.8, "Synchronisation texte et voix": 10.0, "Narration visuelle": 9.7, "Interaction question-réponse": 9.8, "Valeur enregistrable": 9.7, "Potentiel de partage privé": 9.7, "CTA Instagram": 9.8, "Sécurité et intégrité": 10.0}, "evidence": {"duration": 34.0, "resolution": "1080x1920", "missing_words": 0, "pages": 9, "renderer": "BRITED deterministic renderer v2"}}
Loaded multilingual tokenizer (NFKD,fullcase preprocessing)
Loading S3Tokenizer from mlx-community/S3TokenizerV2...
Loaded S3Tokenizer weights
Warning: conds.safetensors not found - ref_audio will be required
{"passed": true, "video": "/Users/mikael_piselli/BRITED_STUDIO_FINAL/production/2026-08-24/slot-1/reels/regimes_communaute_par_defaut__reels.mp4", "expected_total_words": 106, "beats": [{"beat": "hook", "expected_words": 6, "first_word": "maries", "last_word": "choisi", "rendered_words": 24, "missing_words": [], "ocr_text": "SE MARIER SANS CONTRAT, C'EST DEJA CHOISIR UN REGIME MARIES SANS CONTRAT: AUCUN REGIME CHOISI ? o,o 01109 Information generale • pas un conseil personnalise", "render_trace": "Mariés sans contrat : aucun régime choisi ?", "verification_method": "ocr+trace", "duration": 4.457, "full_text_visible_at": 2.162, "hold_after_full_text": 2.295, "passed": true}, {"beat": "question", "expected_words": 8, "first_word": "selon", "last_word": "separe", "rendered_words": 33, "missing_words": [], "ocr_text": "SE MARIER SANS CONTRAT, C'EST DEJA CHOISIR UN REGIME A VOUS DE JOUER SELON VOUS, VOTRE PATRIMOINE RESTE.T.IL SEPARE ? oui NON LA REPONSE ARRIVE 02109 Information generale • pas un conseil personnalise", "render_trace": "Selon vous, votre patrimoine reste-t-il séparé ?", "verification_method": "ocr+trace", "duration": 4.11, "full_text_visible_at": 2.162, "hold_after_full_text": 1.948, "passed": true}, {"beat": "reponse", "expected_words": 5, "first_word": "non", "last_word": "s'applique", "rendered_words": 21, "missing_words": [], "ocr_text": "SE MARIER SANS CONTRAT, C'EST DEJA CHOISIR UN REGIME NON: LE REGIME LEGAL S'APPLIQUE. 03109 Information generale • pas un conseil personnalise", "render_trace": "Non : le régime légal s'applique.", "verification_method": "ocr+trace", "duration": 2.252, "full_text_visible_at": 1.849, "hold_after_full_text": 0.403, "passed": true}, {"beat": "regle", "expected_words": 24, "first_word": "sans", "last_word": "propres", "rendered_words": 38, "missing_words": [], "ocr_text": "SE MARIER SANS CONTRAT, C'EST DEJA CHOISIR UN REGIME SANS CONTRAT, LA COMMUNAUTE REDUITE AUX ACQUETS S'APPLIQUE : LES BIENSACQUIS DURANT LE MARIAGE SONTCOMMUNS; CEUX D'AVANTOU REGUS PAR SUCCESSION RESTENT PROPRES. COMMUN 04109 Information generale • pas un conseil personnalise", "render_trace": "Sans contrat, la communauté réduite aux acquêts s'applique : les biens acquis durant le mariage sont communs ; ceux d'avant ou reçus par succession restent propres.", "verification_method": "ocr+trace", "duration": 6.489, "full_text_visible_at": 5.662, "hold_after_full_text": 0.827, "passed": true}, {"beat": "exemple_1", "expected_words": 16, "first_word": "exemple", "last_word": "propre", "rendered_words": 32, "missing_words": [], "ocr_text": "SE MARIER SANS CONTRAT, C'EST DEJA CHOISIR UN REGIME EXEMPLE : LES SALAIRES DU MARIAGE RESTENT COMMUNS, MEME VERSES SUR UN COMPTE INDIVIDUEL L'HERITAGE RESTE PROPRE, 05109 Information generale • pas un conseil personnalise", "render_trace": "Exemple : les salaires du mariage restent communs, même versés sur un compte individuel ; l'héritage reste propre,", "verification_method": "ocr+trace", "duration": 5.192, "full_text_visible_at": 4.495, "hold_after_full_text": 0.697, "passed": true}, {"beat": "exemple_2", "expected_words": 7, "first_word": "mais", "last_word": "preuve", "rendered_words": 23, "missing_words": [], "ocr_text": "SE MARIER SANS CONTRAT, C'EST DEJA CHOISIR UN REGIME MAIS MELANGER LES FONDS COMPLIQUE LA PREUVE. 06109 Information generale • pas un conseil personnalis•", "render_trace": "mais mélanger les fonds complique la preuve.", "verification_method": "ocr+trace", "duration": 1.968, "full_text_visible_at": 1.593, "hold_after_full_text": 0.375, "passed": true}, {"beat": "nuance_1", "expected_words": 22, "first_word": "pendant", "last_word": "regles", "rendered_words": 38, "missing_words": [], "ocr_text": "SE MARIER SANS CONTRAT, C'EST DEJA CHOISIR UN REGIME PENDANT LE MARIAGE, CHACUN UTILISE SES REVENUS APRES LES CHARGES DU MARIAGE. A LA SEPARATION, DETtES ET COMPTES ENTRE EPOUX SONT REGLES, 07109 Information generale • pas un conseil personnalise", "render_trace": "Pendant le mariage, chacun utilise ses revenus après les charges du mariage. À la séparation, dettes et comptes entre époux sont réglés,", "verification_method": "ocr+trace", "duration": 5.445, "full_text_visible_at": 4.723, "hold_after_full_text": 0.722, "passed": true}, {"beat": "nuance_2", "expected_words": 6, "first_word": "puis", "last_word": "moitie", "rendered_words": 22, "missing_words": [], "ocr_text": "SE MARIER SANS CONTRAT, C'EST DEJA CHOISIR UN REGIME PUIS LE SOLDE PARTAGE PAR MOITIE. 08109 Information generale • pas un conseil personnalise", "render_trace": "puis le solde partagé par moitié.", "verification_method": "ocr+trace", "duration": 1.841, "full_text_visible_at": 1.479, "hold_after_full_text": 0.362, "passed": true}, {"beat": "cta", "expected_words": 12, "first_word": "enregistrez", "last_word": "patrimoine", "rendered_words": 35, "missing_words": [], "ocr_text": "SE MARIER SANS CONTRAT, C'EST DEJA CHOISIR UN REGIME LE SAVIEZ.VOUS ? ENREGISTrEZ PARTAGEZ ABONNEZ.VOUS ENREGISTrEZ • PARTAGEZ ET ABONNEZ.VOUS POUR MIEUX COMPRENDRE ET PROTEGER VOTRE PATRIMOINE 09109 Information generale • pas un conseil personnalise", "render_trace": "Enregistrez, partagez et abonnez-vous pour mieux comprendre et protéger votre patrimoine.", "verification_method": "ocr+trace", "duration": 2.245, "full_text_visible_at": 2.02, "hold_after_full_text": 0.225, "passed": true}], "failures": [], "ocr_status": "effectué"}
{"passed": true, "failures": [], "expected_duration": 34.0, "target_duration": [28, 40], "resolution": "1080x1920", "audio": true, "word_check": true, "layout_check": "zones fixes sans chevauchement"}
{"passed": true, "threshold_strictly_above": 9.5, "overall": 9.8, "criteria": {"Accroche dans les premières secondes": 9.8, "Rétention et rythme": 9.7, "Lisibilité mobile": 9.8, "Synchronisation texte et voix": 10.0, "Narration visuelle": 9.7, "Interaction question-réponse": 9.8, "Valeur enregistrable": 9.7, "Potentiel de partage privé": 9.7, "CTA Instagram": 9.8, "Sécurité et intégrité": 10.0}, "evidence": {"duration": 34.0, "resolution": "1080x1920", "missing_words": 0, "pages": 9, "renderer": "BRITED deterministic renderer v2"}}
Loaded multilingual tokenizer (NFKD,fullcase preprocessing)
Loading S3Tokenizer from mlx-community/S3TokenizerV2...
Loaded S3Tokenizer weights
Warning: conds.safetensors not found - ref_audio will be required
[94mText:[0m Mariés sans contrat : aucun régime choisi ?
[94mVoice:[0m af_heart
[94mSpeed:[0m 0.94x
[94mLanguage:[0m fr
[94mText:[0m Selon vous, votre patrimoine reste-t-il séparé ?
[94mVoice:[0m af_heart
[94mSpeed:[0m 0.94x
[94mLanguage:[0m fr
[94mText:[0m Non : le régime légal s'applique.
[94mVoice:[0m af_heart
[94mSpeed:[0m 0.94x
[94mLanguage:[0m fr
[94mText:[0m Sans contrat, la communauté réduite aux acquêts s'applique : les biens acquis durant le mariage sont communs ; ceux d'avant ou reçus par succession restent propres.
[94mVoice:[0m af_heart
[94mSpeed:[0m 0.94x
[94mLanguage:[0m fr
[94mText:[0m Exemple : l'argent de votre salaire entre dans le patrimoine commun, même versé sur votre compte personnel.
[94mVoice:[0m af_heart
[94mSpeed:[0m 0.94x
[94mLanguage:[0m fr
[94mText:[0m Un héritage reçu par vous seul reste votre bien personnel.
[94mVoice:[0m af_heart
[94mSpeed:[0m 0.94x
[94mLanguage:[0m fr
[94mText:[0m Pendant le mariage, chacun utilise ses revenus après les charges du mariage. À la séparation, dettes et comptes entre époux sont réglés,
[94mVoice:[0m af_heart
[94mSpeed:[0m 0.94x
[94mLanguage:[0m fr
[94mText:[0m puis le solde partagé par moitié.
[94mVoice:[0m af_heart
[94mSpeed:[0m 0.94x
[94mLanguage:[0m fr
[94mText:[0m Enregistrez, partagez et abonnez-vous pour mieux comprendre et protéger votre patrimoine.
[94mVoice:[0m af_heart
[94mSpeed:[0m 0.94x
[94mLanguage:[0m fr
{"passed": true, "video": "/Users/mikael_piselli/BRITED_STUDIO_FINAL/production/2026-08-24/slot-1/reels/regimes_communaute_par_defaut__reels.mp4", "expected_total_words": 109, "beats": [{"beat": "hook", "expected_words": 6, "first_word": "maries", "last_word": "choisi", "rendered_words": 24, "missing_words": [], "ocr_text": "SE MARIER SANS CONTRAT, C'EST DEJA CHOISIR UN REGIME MARIES SANS CONTRAT: AUCUN REGIME CHOISI ? o,o 01109 Information generale • pas un conseil personnalise", "render_trace": "Mariés sans contrat : aucun régime choisi ?", "verification_method": "ocr+trace", "duration": 3.949, "full_text_visible_at": 2.004, "hold_after_full_text": 1.945, "passed": true}, {"beat": "question", "expected_words": 8, "first_word": "selon", "last_word": "separe", "rendered_words": 33, "missing_words": [], "ocr_text": "SE MARIER SANS CONTRAT, C'EST DEJA CHOISIR UN REGIME A VOUS DE JOUER SELON VOUS, VOTRE PATRIMOINE RESTE.T.IL SEPARE ? oui NON LA REPONSE ARRIVE 02109 Information generale • pas un conseil personnalise", "render_trace": "Selon vous, votre patrimoine reste-t-il séparé ?", "verification_method": "ocr+trace", "duration": 3.81, "full_text_visible_at": 2.004, "hold_after_full_text": 1.806, "passed": true}, {"beat": "reponse", "expected_words": 5, "first_word": "non", "last_word": "s'applique", "rendered_words": 21, "missing_words": [], "ocr_text": "SE MARIER SANS CONTRAT, C'EST DEJA CHOISIR UN REGIME NON : LE REGIME LEGAL S'APPLIQUE. 03109 Information generale • pas un conseil personnalise", "render_trace": "Non : le régime légal s'applique.", "verification_method": "ocr+trace", "duration": 2.0, "full_text_visible_at": 1.635, "hold_after_full_text": 0.365, "passed": true}, {"beat": "regle", "expected_words": 24, "first_word": "sans", "last_word": "propres", "rendered_words": 38, "missing_words": [], "ocr_text": "SE MARIER SANS CONTRAT, C'EST DEJA CHOISIR UN REGIME SANS CONTRAT, LA COMMUNAUTE REDUITE AUX ACQUETS S'APPLIQUE : LES BIENSACQUIS DURANT LE MARIAGE SONTCOMMUNS; CEUX D'AVANTOU REGUS PAR SUCCESSION RESTENT PROPRES. COMMUN 04109 Information generale • pas un conseil personnalise", "render_trace": "Sans contrat, la communauté réduite aux acquêts s'applique : les biens acquis durant le mariage sont communs ; ceux d'avant ou reçus par succession restent propres.", "verification_method": "ocr+trace", "duration": 6.396, "full_text_visible_at": 5.591, "hold_after_full_text": 0.805, "passed": true}, {"beat": "exemple_1", "expected_words": 16, "first_word": "exemple", "last_word": "personnel", "rendered_words": 32, "missing_words": [], "ocr_text": "SE MARIER SANS CONTRAT, C'EST DEJA CHOISIR UN REGIME EXEMPLE : L'ARGENT DE VOTRE SALAIRE ENTRE DANS LE PATRIMOINE COMMUN, MEME VERSE SUR VOTRE COMPTE PERSONNEL. 05109 Information generale • pas un conseil personnalise", "render_trace": "Exemple : l'argent de votre salaire entre dans le patrimoine commun, même versé sur votre compte personnel.", "verification_method": "ocr+trace", "duration": 4.696, "full_text_visible_at": 4.062, "hold_after_full_text": 0.634, "passed": true}, {"beat": "exemple_2", "expected_words": 10, "first_word": "un", "last_word": "personnel", "rendered_words": 26, "missing_words": [], "ocr_text": "SE MARIER SANS CONTRAT, C'EST DEJA CHOISIR UN REGIME UN HERITAGE REGU PAR VOUS SEUL RESTE VOTRE BIEN PERSONNEL. 06109 Information generale • pas un conseil personnalise", "render_trace": "Un héritage reçu par vous seul reste votre bien personnel.", "verification_method": "ocr+trace", "duration": 2.791, "full_text_visible_at": 2.347, "hold_after_full_text": 0.444, "passed": true}, {"beat": "nuance_1", "expected_words": 22, "first_word": "pendant", "last_word": "regles", "rendered_words": 38, "missing_words": [], "ocr_text": "SE MARIER SANS CONTRAT, C'EST DEJA CHOISIR UN REGIME PENDANT LE MARIAGE, CHACUN UTILISE SES REVENUS APRES LES CHARGES DU MARIAGE. A LA SEPARATION, DETtES ET COMPTES ENTRE EPOUX SONT REGLES, 07109 Information generale • pas un conseil personnalise", "render_trace": "Pendant le mariage, chacun utilise ses revenus après les charges du mariage. À la séparation, dettes et comptes entre époux sont réglés,", "verification_method": "ocr+trace", "duration": 4.93, "full_text_visible_at": 4.273, "hold_after_full_text": 0.657, "passed": true}, {"beat": "nuance_2", "expected_words": 6, "first_word": "puis", "last_word": "moitie", "rendered_words": 22, "missing_words": [], "ocr_text": "SE MARIER SANS CONTRAT, C'EST DEJA CHOISIR UN REGIME PUIS LE SOLDE PARTAGE PAR MOITIE. 08109 Information generale • pas un conseil personnalise", "render_trace": "puis le solde partagé par moitié.", "verification_method": "ocr+trace", "duration": 1.824, "full_text_visible_at": 1.477, "hold_after_full_text": 0.347, "passed": true}, {"beat": "cta", "expected_words": 12, "first_word": "enregistrez", "last_word": "patrimoine", "rendered_words": 35, "missing_words": [], "ocr_text": "SE MARIER SANS CONTRAT, C'EST DEJA CHOISIR UN REGIME LE SAVIEZ.VOUS ? ENREGISTrEZ PARTAGEZ ABONNEZ.VOUS ENREGISTrEZ • PARTAGEZ ET ABONNEZ.VOUS POUR MIEUX COMPRENDRE ET PROTEGER VOTRE PATRIMOINE 09109 Information generale • pas un conseil personnalise", "render_trace": "Enregistrez, partagez et abonnez-vous pour mieux comprendre et protéger votre patrimoine.", "verification_method": "ocr+trace", "duration": 3.604, "full_text_visible_at": 3.244, "hold_after_full_text": 0.36, "passed": true}], "failures": [], "ocr_status": "effectué"}
Loaded multilingual tokenizer (NFKD,fullcase preprocessing)
Loading S3Tokenizer from mlx-community/S3TokenizerV2...
Loaded S3Tokenizer weights
Warning: conds.safetensors not found - ref_audio will be required
{"passed": true, "video": "/Users/mikael_piselli/BRITED_STUDIO_FINAL/production/2026-08-24/slot-1/reels/regimes_communaute_par_defaut__reels.mp4", "expected_total_words": 109, "beats": [{"beat": "hook", "expected_words": 6, "first_word": "maries", "last_word": "choisi", "rendered_words": 24, "missing_words": [], "ocr_text": "SE MARIER SANS CONTRAT, C'EST DEJA CHOISIR UN REGIME MARIES SANS CONTRAT: AUCUN REGIME CHOISI ? o,o 01109 Information generale • pas un conseil personnalise", "render_trace": "Mariés sans contrat : aucun régime choisi ?", "verification_method": "ocr+trace", "duration": 4.229, "full_text_visible_at": 1.948, "hold_after_full_text": 2.281, "passed": true}, {"beat": "question", "expected_words": 8, "first_word": "selon", "last_word": "separe", "rendered_words": 33, "missing_words": [], "ocr_text": "SE MARIER SANS CONTRAT, C'EST DEJA CHOISIR UN REGIME A VOUS DE JOUER SELON VOUS, VOTRE PATRIMOINE RESTE.T.IL SEPARE ? oui NON LA REPONSE ARRIVE 02109 Information generale • pas un conseil personnalise", "render_trace": "Selon vous, votre patrimoine reste-t-il séparé ?", "verification_method": "ocr+trace", "duration": 4.271, "full_text_visible_at": 1.948, "hold_after_full_text": 2.323, "passed": true}, {"beat": "reponse", "expected_words": 5, "first_word": "non", "last_word": "s'applique", "rendered_words": 21, "missing_words": [], "ocr_text": "SE MARIER SANS CONTRAT, C'EST DEJA CHOISIR UN REGIME NON : LE REGIME LEGAL S'APPLIQUE. 03109 Information generale • pas un conseil personnalise", "render_trace": "Non : le régime légal s'applique.", "verification_method": "ocr+trace", "duration": 1.943, "full_text_visible_at": 1.589, "hold_after_full_text": 0.354, "passed": true}, {"beat": "regle", "expected_words": 24, "first_word": "sans", "last_word": "propres", "rendered_words": 38, "missing_words": [], "ocr_text": "SE MARIER SANS CONTRAT, C'EST DEJA CHOISIR UN REGIME SANS CONTRAT, LA COMMUNAUTE REDUITE AUX ACQUETS S'APPLIQUE : LES BIENSACQUIS DURANT LE MARIAGE SONTCOMMUNS; CEUX D'AVANTOU REGUS PAR SUCCESSION RESTENT PROPRES. COMMUN 04109 Information generale • pas un conseil personnalise", "render_trace": "Sans contrat, la communauté réduite aux acquêts s'applique : les biens acquis durant le mariage sont communs ; ceux d'avant ou reçus par succession restent propres.", "verification_method": "ocr+trace", "duration": 6.215, "full_text_visible_at": 5.433, "hold_after_full_text": 0.782, "passed": true}, {"beat": "exemple_1", "expected_words": 16, "first_word": "exemple", "last_word": "personnel", "rendered_words": 31, "missing_words": [], "ocr_text": "SE MARIER SANS CONTRAT, C'EST DEJA CHOISIR UN REGIME EXEMPLE : L'ARGENT DE VOTRE SALAIRE ENTRE DANS LE PATRIMOINE COMMUN, MEMEVERSE SUR VOTRE COMPTE PERSONNEL. 05109 Information generale • pas un conseil personnalise", "render_trace": "Exemple : l'argent de votre salaire entre dans le patrimoine commun, même versé sur votre compte personnel.", "verification_method": "ocr+trace", "duration": 4.563, "full_text_visible_at": 3.947, "hold_after_full_text": 0.616, "passed": true}, {"beat": "exemple_2", "expected_words": 10, "first_word": "un", "last_word": "personnel", "rendered_words": 26, "missing_words": [], "ocr_text": "SE MARIER SANS CONTRAT, C'EST DEJA CHOISIR UN REGIME UN HERITAGE REGU PAR VOUS SEUL RESTE VOTRE BIEN PERSONNEL. 06109 Information generale • pas un conseil personnalise", "render_trace": "Un héritage reçu par vous seul reste votre bien personnel.", "verification_method": "ocr+trace", "duration": 2.712, "full_text_visible_at": 2.281, "hold_after_full_text": 0.431, "passed": true}, {"beat": "nuance_1", "expected_words": 22, "first_word": "pendant", "last_word": "regles", "rendered_words": 38, "missing_words": [], "ocr_text": "SE MARIER SANS CONTRAT, C'EST DEJA CHOISIR UN REGIME PENDANT LE MARIAGE, CHACUN UTILISE SES REVENUS APRES LES CHARGES DU MARIAGE. A LA SEPARATION, DETtES ET COMPTES ENTRE EPOUX SONT REGLES, 07109 Information generale • pas un conseil personnalise", "render_trace": "Pendant le mariage, chacun utilise ses revenus après les charges du mariage. À la séparation, dettes et comptes entre époux sont réglés,", "verification_method": "ocr+trace", "duration": 4.791, "full_text_visible_at": 4.152, "hold_after_full_text": 0.639, "passed": true}, {"beat": "nuance_2", "expected_words": 6, "first_word": "puis", "last_word": "moitie", "rendered_words": 22, "missing_words": [], "ocr_text": "SE MARIER SANS CONTRAT, C'EST DEJA CHOISIR UN REGIME PUIS LE SOLDE PARTAGE PAR MOITIE. 08109 Information generale • pas un conseil personnalise", "render_trace": "puis le solde partagé par moitié.", "verification_method": "ocr+trace", "duration": 1.773, "full_text_visible_at": 1.435, "hold_after_full_text": 0.338, "passed": true}, {"beat": "cta", "expected_words": 12, "first_word": "enregistrez", "last_word": "patrimoine", "rendered_words": 35, "missing_words": [], "ocr_text": "SE MARIER SANS CONTRAT, C'EST DEJA CHOISIR UN REGIME LE SAVIEZ.VOUS ? ENREGISTrEZ PARTAGEZ ABONNEZ.VOUS ENREGISTrEZ • PARTAGEZ ET ABONNEZ.VOUS POUR MIEUX COMPRENDRE ET PROTEGER VOTRE PATRIMOINE 09109 Information generale • pas un conseil personnalise", "render_trace": "Enregistrez, partagez et abonnez-vous pour mieux comprendre et protéger votre patrimoine.", "verification_method": "ocr+trace", "duration": 3.503, "full_text_visible_at": 3.152, "hold_after_full_text": 0.351, "passed": true}], "failures": [], "ocr_status": "effectué"}
{"passed": true, "failures": [], "expected_duration": 34.0, "target_duration": [28, 40], "resolution": "1080x1920", "audio": true, "word_check": true, "layout_check": "zones fixes sans chevauchement"}
{"passed": true, "threshold_strictly_above": 9.5, "overall": 9.8, "criteria": {"Accroche dans les premières secondes": 9.8, "Rétention et rythme": 9.7, "Lisibilité mobile": 9.8, "Synchronisation texte et voix": 10.0, "Narration visuelle": 9.7, "Interaction question-réponse": 9.8, "Valeur enregistrable": 9.7, "Potentiel de partage privé": 9.7, "CTA Instagram": 9.8, "Sécurité et intégrité": 10.0}, "evidence": {"duration": 34.0, "resolution": "1080x1920", "missing_words": 0, "pages": 9, "renderer": "BRITED deterministic renderer v2"}}
Loaded multilingual tokenizer (NFKD,fullcase preprocessing)
Loading S3Tokenizer from mlx-community/S3TokenizerV2...
Loaded S3Tokenizer weights
Warning: conds.safetensors not found - ref_audio will be required
[94mText:[0m Mariage sans contrat : aucun régime ?
[94mVoice:[0m af_heart
[94mSpeed:[0m 0.94x
[94mLanguage:[0m fr
{"passed": true, "video": "/Users/mikael_piselli/BRITED_STUDIO_FINAL/production/2026-08-24/slot-1/reels/regimes_communaute_par_defaut__reels.mp4", "expected_total_words": 108, "beats": [{"beat": "hook", "expected_words": 5, "first_word": "mariage", "last_word": "regime", "rendered_words": 23, "missing_words": [], "ocr_text": "SE MARIER SANS CONTRAT, C'EST DEJA CHOISIR UN REGIME MARIAGE SANS CONTRAT : AUCUN REGIME ? o,o 01109 Information generale • pas un conseil personnalise", "render_trace": "Mariage sans contrat : aucun régime ?", "verification_method": "ocr+trace", "duration": 3.572, "full_text_visible_at": 1.545, "hold_after_full_text": 2.027, "passed": true}, {"beat": "question", "expected_words": 8, "first_word": "selon", "last_word": "separe", "rendered_words": 33, "missing_words": [], "ocr_text": "SE MARIER SANS CONTRAT, C'EST DEJA CHOISIR UN REGIME A VOUS DE JOUER SELON VOUS, VOTRE PATRIMOINE RESTE.T.IL SEPARE ? oui NON LA REPONSE ARRIVE 02109 Information generale • pas un conseil personnalise", "render_trace": "Selon vous, votre patrimoine reste-t-il séparé ?", "verification_method": "ocr+trace", "duration": 4.366, "full_text_visible_at": 1.991, "hold_after_full_text": 2.375, "passed": true}, {"beat": "reponse", "expected_words": 5, "first_word": "non", "last_word": "s'applique", "rendered_words": 21, "missing_words": [], "ocr_text": "SE MARIER SANS CONTRAT, C'EST DEJA CHOISIR UN REGIME NON: LE REGIME LEGAL S'APPLIQUE. 03109 Information generale • pas un conseil personnalise", "render_trace": "Non : le régime légal s'applique.", "verification_method": "ocr+trace", "duration": 1.986, "full_text_visible_at": 1.624, "hold_after_full_text": 0.362, "passed": true}, {"beat": "regle", "expected_words": 24, "first_word": "sans", "last_word": "propres", "rendered_words": 38, "missing_words": [], "ocr_text": "SE MARIER SANS CONTRAT, C'EST DEJA CHOISIR UN REGIME SANS CONTRAT, LA COMMUNAUTE REDUITE AUX ACQUETS S'APPLIQUE : LES BIENSACQUIS DURANT LE MARIAGE SONTCOMMUNS; CEUX D'AVANTOU REGUS PAR SUCCESSION RESTENT PROPRES. COMMUN 04109 Information generale • pas un conseil personnalise", "render_trace": "Sans contrat, la communauté réduite aux acquêts s'applique : les biens acquis durant le mariage sont communs ; ceux d'avant ou reçus par succession restent propres.", "verification_method": "ocr+trace", "duration": 6.352, "full_text_visible_at": 5.553, "hold_after_full_text": 0.799, "passed": true}, {"beat": "exemple_1", "expected_words": 16, "first_word": "exemple", "last_word": "personnel", "rendered_words": 31, "missing_words": [], "ocr_text": "SE MARIER SANS CONTRAT, C'EST DEJA CHOISIR UN REGIME EXEMPLE : L'ARGENT DE VOTRE SALAIRE ENTRE DANS LE PATRIMOINE COMMUN, MEMEVERSE SUR VOTRE COMPTE PERSONNEL. 05109 Information generale • pas un conseil personnalise", "render_trace": "Exemple : l'argent de votre salaire entre dans le patrimoine commun, même versé sur votre compte personnel.", "verification_method": "ocr+trace", "duration": 4.664, "full_text_visible_at": 4.034, "hold_after_full_text": 0.63, "passed": true}, {"beat": "exemple_2", "expected_words": 10, "first_word": "un", "last_word": "personnel", "rendered_words": 26, "missing_words": [], "ocr_text": "SE MARIER SANS CONTRAT, C'EST DEJA CHOISIR UN REGIME UN HERITAGE REGU PAR VOUS SEUL RESTE VOTRE BIEN PERSONNEL. 06109 Information generale • pas un conseil personnalise", "render_trace": "Un héritage reçu par vous seul reste votre bien personnel.", "verification_method": "ocr+trace", "duration": 2.772, "full_text_visible_at": 2.331, "hold_after_full_text": 0.441, "passed": true}, {"beat": "nuance_1", "expected_words": 22, "first_word": "pendant", "last_word": "regles", "rendered_words": 38, "missing_words": [], "ocr_text": "SE MARIER SANS CONTRAT, C'EST DEJA CHOISIR UN REGIME PENDANT LE MARIAGE, CHACUN UTILISE SES REVENUS APRES LES CHARGES DU MARIAGE. A LA SEPARATION, DETtES ET COMPTES ENTRE EPOUX SONT REGLES, 07109 Information generale • pas un conseil personnalise", "render_trace": "Pendant le mariage, chacun utilise ses revenus après les charges du mariage. À la séparation, dettes et comptes entre époux sont réglés,", "verification_method": "ocr+trace", "duration": 4.897, "full_text_visible_at": 4.243, "hold_after_full_text": 0.654, "passed": true}, {"beat": "nuance_2", "expected_words": 6, "first_word": "puis", "last_word": "moitie", "rendered_words": 22, "missing_words": [], "ocr_text": "SE MARIER SANS CONTRAT, C'EST DEJA CHOISIR UN REGIME PUIS LE SOLDE PARTAGE PAR MOITIE. 08109 Information generale • pas un conseil personnalise", "render_trace": "puis le solde partagé par moitié.", "verification_method": "ocr+trace", "duration": 1.812, "full_text_visible_at": 1.467, "hold_after_full_text": 0.345, "passed": true}, {"beat": "cta", "expected_words": 12, "first_word": "enregistrez", "last_word": "patrimoine", "rendered_words": 35, "missing_words": [], "ocr_text": "SE MARIER SANS CONTRAT, C'EST DEJA CHOISIR UN REGIME LE SAVIEZ.VOUS ? ENREGISTrEZ PARTAGEZ ABONNEZ.VOUS ENREGISTrEZ • PARTAGEZ ET ABONNEZ.VOUS POUR MIEUX COMPRENDRE ET PROTEGER VOTRE PATRIMOINE 09109 Information generale • pas un conseil personnalise", "render_trace": "Enregistrez, partagez et abonnez-vous pour mieux comprendre et protéger votre patrimoine.", "verification_method": "ocr+trace", "duration": 3.58, "full_text_visible_at": 3.222, "hold_after_full_text": 0.358, "passed": true}], "failures": [], "ocr_status": "effectué"}
{"passed": true, "failures": [], "expected_duration": 34.0, "target_duration": [28, 40], "resolution": "1080x1920", "audio": true, "word_check": true, "layout_check": "zones fixes sans chevauchement"}
{"passed": true, "threshold_strictly_above": 9.5, "overall": 9.8, "criteria": {"Accroche dans les premières secondes": 9.8, "Rétention et rythme": 9.7, "Lisibilité mobile": 9.8, "Synchronisation texte et voix": 10.0, "Narration visuelle": 9.7, "Interaction question-réponse": 9.8, "Valeur enregistrable": 9.7, "Potentiel de partage privé": 9.7, "CTA Instagram": 9.8, "Sécurité et intégrité": 10.0}, "evidence": {"duration": 34.0, "resolution": "1080x1920", "missing_words": 0, "pages": 9, "renderer": "BRITED deterministic renderer v2"}}
Loaded multilingual tokenizer (NFKD,fullcase preprocessing)
Loading S3Tokenizer from mlx-community/S3TokenizerV2...
Loaded S3Tokenizer weights
Warning: conds.safetensors not found - ref_audio will be required
[94mText:[0m Mariage sans contrat. Aucun régime ?
[94mVoice:[0m af_heart
[94mSpeed:[0m 0.88x
[94mLanguage:[0m fr
{"passed": true, "video": "/Users/mikael_piselli/BRITED_STUDIO_FINAL/production/2026-08-24/slot-1/reels/regimes_communaute_par_defaut__reels.mp4", "expected_total_words": 108, "beats": [{"beat": "hook", "expected_words": 5, "first_word": "mariage", "last_word": "regime", "rendered_words": 23, "missing_words": [], "ocr_text": "SE MARIER SANS CONTRAT, C'EST DEJA CHOISIR UN REGIME MARIAGE SANS CONTRAT. AUCUN REGIME ? o,o 01109 Information generale • pas un conseil personnalise", "render_trace": "Mariage sans contrat. Aucun régime ?", "verification_method": "ocr+trace", "duration": 3.494, "full_text_visible_at": 1.471, "hold_after_full_text": 2.023, "passed": true}, {"beat": "question", "expected_words": 8, "first_word": "selon", "last_word": "separe", "rendered_words": 33, "missing_words": [], "ocr_text": "SE MARIER SANS CONTRAT, C'EST DEJA CHOISIR UN REGIME A VOUS DE JOUER SELON VOUS, VOTRE PATRIMOINE RESTE.T.IL SEPARE ? oui NON LA REPONSE ARRIVE 02109 Information generale • pas un conseil personnalise", "render_trace": "Selon vous, votre patrimoine reste-t-il séparé ?", "verification_method": "ocr+trace", "duration": 4.377, "full_text_visible_at": 1.996, "hold_after_full_text": 2.381, "passed": true}, {"beat": "reponse", "expected_words": 5, "first_word": "non", "last_word": "s'applique", "rendered_words": 21, "missing_words": [], "ocr_text": "SE MARIER SANS CONTRAT, C'EST DEJA CHOISIR UN REGIME NON: LE REGIME LEGAL S'APPLIQUE. 03109 Information generale • pas un conseil personnalise", "render_trace": "Non : le régime légal s'applique.", "verification_method": "ocr+trace", "duration": 1.991, "full_text_visible_at": 1.628, "hold_after_full_text": 0.363, "passed": true}, {"beat": "regle", "expected_words": 24, "first_word": "sans", "last_word": "propres", "rendered_words": 38, "missing_words": [], "ocr_text": "SE MARIER SANS CONTRAT, C'EST DEJA CHOISIR UN REGIME SANS CONTRAT, LA COMMUNAUTE REDUITE AUX ACQUETS S'APPLIQUE : LES BIENSACQUIS DURANT LE MARIAGE SONTCOMMUNS; CEUX D'AVANTOU REGUS PAR SUCCESSION RESTENT PROPRES. COMMUN 04109 Information generale • pas un conseil personnalise", "render_trace": "Sans contrat, la communauté réduite aux acquêts s'applique : les biens acquis durant le mariage sont communs ; ceux d'avant ou reçus par succession restent propres.", "verification_method": "ocr+trace", "duration": 6.368, "full_text_visible_at": 5.567, "hold_after_full_text": 0.801, "passed": true}, {"beat": "exemple_1", "expected_words": 16, "first_word": "exemple", "last_word": "personnel", "rendered_words": 31, "missing_words": [], "ocr_text": "SE MARIER SANS CONTRAT, C'EST DEJA CHOISIR UN REGIME EXEMPLE : L'ARGENT DE VOTRE SALAIRE ENTRE DANS LE PATRIMOINE COMMUN, MEMEVERSE SUR VOTRE COMPTE PERSONNEL. 05109 Information generale • pas un conseil personnalise", "render_trace": "Exemple : l'argent de votre salaire entre dans le patrimoine commun, même versé sur votre compte personnel.", "verification_method": "ocr+trace", "duration": 4.676, "full_text_visible_at": 4.044, "hold_after_full_text": 0.632, "passed": true}, {"beat": "exemple_2", "expected_words": 10, "first_word": "un", "last_word": "personnel", "rendered_words": 26, "missing_words": [], "ocr_text": "SE MARIER SANS CONTRAT, C'EST DEJA CHOISIR UN REGIME UN HERITAGE REGU PAR VOUS SEUL RESTE VOTRE BIEN PERSONNEL. 06109 Information generale • pas un conseil personnalise", "render_trace": "Un héritage reçu par vous seul reste votre bien personnel.", "verification_method": "ocr+trace", "duration": 2.779, "full_text_visible_at": 2.337, "hold_after_full_text": 0.442, "passed": true}, {"beat": "nuance_1", "expected_words": 22, "first_word": "pendant", "last_word": "regles", "rendered_words": 38, "missing_words": [], "ocr_text": "SE MARIER SANS CONTRAT, C'EST DEJA CHOISIR UN REGIME PENDANT LE MARIAGE, CHACUN UTILISE SES REVENUS APRES LES CHARGES DU MARIAGE. A LA SEPARATION, DETtES ET COMPTES ENTRE EPOUX SONT REGLES, 07109 Information generale • pas un conseil personnalise", "render_trace": "Pendant le mariage, chacun utilise ses revenus après les charges du mariage. À la séparation, dettes et comptes entre époux sont réglés,", "verification_method": "ocr+trace", "duration": 4.909, "full_text_visible_at": 4.254, "hold_after_full_text": 0.655, "passed": true}, {"beat": "nuance_2", "expected_words": 6, "first_word": "puis", "last_word": "moitie", "rendered_words": 22, "missing_words": [], "ocr_text": "SE MARIER SANS CONTRAT, C'EST DEJA CHOISIR UN REGIME PUIS LE SOLDE PARTAGE PAR MOITIE. 08109 Information generale • pas un conseil personnalise", "render_trace": "puis le solde partagé par moitié.", "verification_method": "ocr+trace", "duration": 1.816, "full_text_visible_at": 1.471, "hold_after_full_text": 0.345, "passed": true}, {"beat": "cta", "expected_words": 12, "first_word": "enregistrez", "last_word": "patrimoine", "rendered_words": 35, "missing_words": [], "ocr_text": "SE MARIER SANS CONTRAT, C'EST DEJA CHOISIR UN REGIME LE SAVIEZ.VOUS ? ENREGISTrEZ PARTAGEZ ABONNEZ.VOUS ENREGISTrEZ • PARTAGEZ ET ABONNEZ.VOUS POUR MIEUX COMPRENDRE ET PROTEGER VOTRE PATRIMOINE 09109 Information generale • pas un conseil personnalise", "render_trace": "Enregistrez, partagez et abonnez-vous pour mieux comprendre et protéger votre patrimoine.", "verification_method": "ocr+trace", "duration": 3.589, "full_text_visible_at": 3.23, "hold_after_full_text": 0.359, "passed": true}], "failures": [], "ocr_status": "effectué"}
{"passed": true, "failures": [], "expected_duration": 34.0, "target_duration": [28, 40], "resolution": "1080x1920", "audio": true, "word_check": true, "layout_check": "zones fixes sans chevauchement"}
{"passed": true, "threshold_strictly_above": 9.5, "overall": 9.8, "criteria": {"Accroche dans les premières secondes": 9.8, "Rétention et rythme": 9.7, "Lisibilité mobile": 9.8, "Synchronisation texte et voix": 10.0, "Narration visuelle": 9.7, "Interaction question-réponse": 9.8, "Valeur enregistrable": 9.7, "Potentiel de partage privé": 9.7, "CTA Instagram": 9.8, "Sécurité et intégrité": 10.0}, "evidence": {"duration": 34.0, "resolution": "1080x1920", "missing_words": 0, "pages": 9, "renderer": "BRITED deterministic renderer v2"}}
Loaded multilingual tokenizer (NFKD,fullcase preprocessing)
Loading S3Tokenizer from mlx-community/S3TokenizerV2...
Loaded S3Tokenizer weights
Warning: conds.safetensors not found - ref_audio will be required
{"passed": true, "video": "/Users/mikael_piselli/BRITED_STUDIO_FINAL/production/2026-08-24/slot-1/reels/regimes_communaute_par_defaut__reels.mp4", "expected_total_words": 108, "beats": [{"beat": "hook", "expected_words": 5, "first_word": "mariage", "last_word": "regime", "rendered_words": 23, "missing_words": [], "ocr_text": "SE MARIER SANS CONTRAT, C'EST DEJA CHOISIR UN REGIME MARIAGE SANS CONTRAT. AUCUN REGIME ? o,o 01109 Information generale • pas un conseil personnalise", "render_trace": "Mariage sans contrat. Aucun régime ?", "verification_method": "ocr+trace", "duration": 3.494, "full_text_visible_at": 1.471, "hold_after_full_text": 2.023, "passed": true}, {"beat": "question", "expected_words": 8, "first_word": "selon", "last_word": "separe", "rendered_words": 33, "missing_words": [], "ocr_text": "SE MARIER SANS CONTRAT, C'EST DEJA CHOISIR UN REGIME A VOUS DE JOUER SELON VOUS, VOTRE PATRIMOINE RESTE.T.IL SEPARE ? oui NON LA REPONSE ARRIVE 02109 Information generale • pas un conseil personnalise", "render_trace": "Selon vous, votre patrimoine reste-t-il séparé ?", "verification_method": "ocr+trace", "duration": 4.377, "full_text_visible_at": 1.996, "hold_after_full_text": 2.381, "passed": true}, {"beat": "reponse", "expected_words": 5, "first_word": "non", "last_word": "s'applique", "rendered_words": 21, "missing_words": [], "ocr_text": "SE MARIER SANS CONTRAT, C'EST DEJA CHOISIR UN REGIME NON: LE REGIME LEGAL S'APPLIQUE. 03109 Information generale • pas un conseil personnalise", "render_trace": "Non : le régime légal s'applique.", "verification_method": "ocr+trace", "duration": 1.991, "full_text_visible_at": 1.628, "hold_after_full_text": 0.363, "passed": true}, {"beat": "regle", "expected_words": 24, "first_word": "sans", "last_word": "propres", "rendered_words": 38, "missing_words": [], "ocr_text": "SE MARIER SANS CONTRAT, C'EST DEJA CHOISIR UN REGIME SANS CONTRAT, LA COMMUNAUTE REDUITE AUX ACQUETS S'APPLIQUE : LES BIENSACQUIS DURANT LE MARIAGE SONTCOMMUNS; CEUX D'AVANTOU REGUS PAR SUCCESSION RESTENT PROPRES. COMMUN 04109 Information generale • pas un conseil personnalise", "render_trace": "Sans contrat, la communauté réduite aux acquêts s'applique : les biens acquis durant le mariage sont communs ; ceux d'avant ou reçus par succession restent propres.", "verification_method": "ocr+trace", "duration": 6.368, "full_text_visible_at": 5.567, "hold_after_full_text": 0.801, "passed": true}, {"beat": "exemple_1", "expected_words": 16, "first_word": "exemple", "last_word": "personnel", "rendered_words": 31, "missing_words": [], "ocr_text": "SE MARIER SANS CONTRAT, C'EST DEJA CHOISIR UN REGIME EXEMPLE : L'ARGENT DE VOTRE SALAIRE ENTRE DANS LE PATRIMOINE COMMUN, MEMEVERSE SUR VOTRE COMPTE PERSONNEL. 05109 Information generale • pas un conseil personnalise", "render_trace": "Exemple : l'argent de votre salaire entre dans le patrimoine commun, même versé sur votre compte personnel.", "verification_method": "ocr+trace", "duration": 4.676, "full_text_visible_at": 4.044, "hold_after_full_text": 0.632, "passed": true}, {"beat": "exemple_2", "expected_words": 10, "first_word": "un", "last_word": "personnel", "rendered_words": 26, "missing_words": [], "ocr_text": "SE MARIER SANS CONTRAT, C'EST DEJA CHOISIR UN REGIME UN HERITAGE REGU PAR VOUS SEUL RESTE VOTRE BIEN PERSONNEL. 06109 Information generale • pas un conseil personnalise", "render_trace": "Un héritage reçu par vous seul reste votre bien personnel.", "verification_method": "ocr+trace", "duration": 2.779, "full_text_visible_at": 2.337, "hold_after_full_text": 0.442, "passed": true}, {"beat": "nuance_1", "expected_words": 22, "first_word": "pendant", "last_word": "regles", "rendered_words": 38, "missing_words": [], "ocr_text": "SE MARIER SANS CONTRAT, C'EST DEJA CHOISIR UN REGIME PENDANT LE MARIAGE, CHACUN UTILISE SES REVENUS APRES LES CHARGES DU MARIAGE. A LA SEPARATION, DETtES ET COMPTES ENTRE EPOUX SONT REGLES, 07109 Information generale • pas un conseil personnalise", "render_trace": "Pendant le mariage, chacun utilise ses revenus après les charges du mariage. À la séparation, dettes et comptes entre époux sont réglés,", "verification_method": "ocr+trace", "duration": 4.909, "full_text_visible_at": 4.254, "hold_after_full_text": 0.655, "passed": true}, {"beat": "nuance_2", "expected_words": 6, "first_word": "puis", "last_word": "moitie", "rendered_words": 22, "missing_words": [], "ocr_text": "SE MARIER SANS CONTRAT, C'EST DEJA CHOISIR UN REGIME PUIS LE SOLDE PARTAGE PAR MOITIE. 08109 Information generale • pas un conseil personnalise", "render_trace": "puis le solde partagé par moitié.", "verification_method": "ocr+trace", "duration": 1.816, "full_text_visible_at": 1.471, "hold_after_full_text": 0.345, "passed": true}, {"beat": "cta", "expected_words": 12, "first_word": "enregistrez", "last_word": "patrimoine", "rendered_words": 35, "missing_words": [], "ocr_text": "SE MARIER SANS CONTRAT, C'EST DEJA CHOISIR UN REGIME LE SAVIEZ.VOUS ? ENREGISTrEZ PARTAGEZ ABONNEZ.VOUS ENREGISTrEZ • PARTAGEZ ET ABONNEZ.VOUS POUR MIEUX COMPRENDRE ET PROTEGER VOTRE PATRIMOINE 09109 Information generale • pas un conseil personnalise", "render_trace": "Enregistrez, partagez et abonnez-vous pour mieux comprendre et protéger votre patrimoine.", "verification_method": "ocr+trace", "duration": 3.589, "full_text_visible_at": 3.23, "hold_after_full_text": 0.359, "passed": true}], "failures": [], "ocr_status": "effectué"}
{"passed": true, "failures": [], "expected_duration": 34.0, "target_duration": [28, 40], "resolution": "1080x1920", "audio": true, "word_check": true, "layout_check": "zones fixes sans chevauchement"}
{"passed": true, "threshold_strictly_above": 9.5, "overall": 9.8, "criteria": {"Accroche dans les premières secondes": 9.8, "Rétention et rythme": 9.7, "Lisibilité mobile": 9.8, "Synchronisation texte et voix": 10.0, "Narration visuelle": 9.7, "Interaction question-réponse": 9.8, "Valeur enregistrable": 9.7, "Potentiel de partage privé": 9.7, "CTA Instagram": 9.8, "Sécurité et intégrité": 10.0}, "evidence": {"duration": 34.0, "resolution": "1080x1920", "missing_words": 0, "pages": 9, "renderer": "BRITED deterministic renderer v2"}}
Loaded multilingual tokenizer (NFKD,fullcase preprocessing)
Loading S3Tokenizer from mlx-community/S3TokenizerV2...
Loaded S3Tokenizer weights
Warning: conds.safetensors not found - ref_audio will be required
[94mText:[0m Exemple : l'argent de votre salaire entre dans le patrimoine commun, même versé sur votre compte personnel. Un héritage reçu par vous seul reste votre bien personnel.
[94mVoice:[0m af_heart
[94mSpeed:[0m 0.94x
[94mLanguage:[0m fr
[94mText:[0m Pendant le mariage, chacun utilise ses revenus après les charges du mariage. À la séparation, dettes et comptes entre époux sont réglés, puis le solde partagé par moitié.
[94mVoice:[0m af_heart
[94mSpeed:[0m 0.94x
[94mLanguage:[0m fr
[94mText:[0m Enregistrez, partagez et abonnez-vous pour mieux comprendre et protéger votre patrimoine.
[94mVoice:[0m af_heart
[94mSpeed:[0m 0.94x
[94mLanguage:[0m fr
{"passed": true, "video": "/Users/mikael_piselli/BRITED_STUDIO_FINAL/production/2026-08-24/slot-1/reels/regimes_communaute_par_defaut__reels.mp4", "expected_total_words": 108, "beats": [{"beat": "hook", "expected_words": 5, "first_word": "mariage", "last_word": "regime", "rendered_words": 23, "missing_words": [], "ocr_text": "SE MARIER SANS CONTRAT, C'EST DEJA CHOISIR UN REGIME MARIAGE SANS CONTRAT. AUCUN REGIME ? o,o 01107 Information generale • pas un conseil personnalise", "render_trace": "Mariage sans contrat. Aucun régime ?", "verification_method": "ocr+trace", "duration": 3.699, "full_text_visible_at": 1.557, "hold_after_full_text": 2.142, "passed": true}, {"beat": "question", "expected_words": 8, "first_word": "selon", "last_word": "separe", "rendered_words": 33, "missing_words": [], "ocr_text": "SE MARIER SANS CONTRAT, C'EST DEJA CHOISIR UN REGIME A VOUS DE JOUER SELON VOUS, VOTRE PATRIMOINE RESTE.T.IL SEPARE ? oui NON LA REPONSE ARRIVE 02107 Information generale • pas un conseil personnalise", "render_trace": "Selon vous, votre patrimoine reste-t-il séparé ?", "verification_method": "ocr+trace", "duration": 4.633, "full_text_visible_at": 2.113, "hold_after_full_text": 2.52, "passed": true}, {"beat": "reponse", "expected_words": 5, "first_word": "non", "last_word": "s'applique", "rendered_words": 21, "missing_words": [], "ocr_text": "SE MARIER SANS CONTRAT, C'EST DEJA CHOISIR UN REGIME NON: LE REGIME LEGAL S'APPLIQUE. 03107 Information generale • pas un conseil personnalise", "render_trace": "Non : le régime légal s'applique.", "verification_method": "ocr+trace", "duration": 2.108, "full_text_visible_at": 1.724, "hold_after_full_text": 0.384, "passed": true}, {"beat": "regle", "expected_words": 24, "first_word": "sans", "last_word": "propres", "rendered_words": 38, "missing_words": [], "ocr_text": "SE MARIER SANS CONTRAT, C'EST DEJA CHOISIR UN REGIME SANS CONTRAT, LA COMMUNAUTE REDUITE AUX ACQUETS S'APPLIQUE : LES BIENSACQUIS DURANT LE MARIAGE SONTCOMMUNS; CEUX D'AVANTOU REGUS PAR SUCCESSION RESTENT PROPRES. COMMUN 04107 Information generale • pas un conseil personnalise", "render_trace": "Sans contrat, la communauté réduite aux acquêts s'applique : les biens acquis durant le mariage sont communs ; ceux d'avant ou reçus par succession restent propres.", "verification_method": "ocr+trace", "duration": 6.741, "full_text_visible_at": 5.893, "hold_after_full_text": 0.848, "passed": true}, {"beat": "exemple", "expected_words": 26, "first_word": "exemple", "last_word": "personnel", "rendered_words": 42, "missing_words": [], "ocr_text": "SE MARIER SANS CONTRAT, C'EST DEJA CHOISIR UN REGIME EXEMPLE : L'ARGENT DE VOTRE SALAIRE ENTRE DANS LE PATRIMOINE COMMUN, MEME VERSE SUR VOTRE COMPTE PERSONNEL. UN HERITAGE REGU PAR VOUS SEUL RESTE VOTRE BIEN PERSONNEL. 05107 Information generale • pas un conseil personnalise", "render_trace": "Exemple : l'argent de votre salaire entre dans le patrimoine commun, même versé sur votre compte personnel. Un héritage reçu par vous seul reste votre bien personnel.", "verification_method": "ocr+trace", "duration": 6.958, "full_text_visible_at": 6.088, "hold_after_full_text": 0.87, "passed": true}, {"beat": "nuance", "expected_words": 28, "first_word": "pendant", "last_word": "moitie", "rendered_words": 44, "missing_words": [], "ocr_text": "SE MARIER SANS CONTRAT, C'EST DEJA CHOISIR UN REGIME PENDANT LE MARIAGE, CHACUN UTILISE SES REVENUS APRES LES CHARGES DU MARIAGE. A LA SEPARATION, DEThES ET COMPTES ENTRE EPOUX SONT REGLES. PUIS LE SOLDE PARTAGE PAR MOITIE. 06107 Information generale • pas un conseil personnalise", "render_trace": "Pendant le mariage, chacun utilise ses revenus après les charges du mariage. À la séparation, dettes et comptes entre époux sont réglés, puis le solde partagé par moitié.", "verification_method": "ocr+trace", "duration": 6.216, "full_text_visible_at": 5.421, "hold_after_full_text": 0.795, "passed": true}, {"beat": "cta", "expected_words": 12, "first_word": "enregistrez", "last_word": "patrimoine", "rendered_words": 35, "missing_words": [], "ocr_text": "SE MARIER SANS CONTRAT, C'EST DEJA CHOISIR UN REGIME LE SAVIEZ.VOUS ? ENREGISTrEZ PARTAGEZ ABONNEZ.VOUS ENREGISTrEZ • PARTAGEZ ET ABONNEZ.VOUS POUR MIEUX COMPRENDRE ET PROTEGER VOTRE PATRIMOINE 07107 Information generale • pas un conseil personnalise", "render_trace": "Enregistrez, partagez et abonnez-vous pour mieux comprendre et protéger votre patrimoine.", "verification_method": "ocr+trace", "duration": 3.645, "full_text_visible_at": 3.28, "hold_after_full_text": 0.365, "passed": true}], "failures": [], "ocr_status": "effectué"}
{"passed": true, "failures": [], "expected_duration": 34.0, "target_duration": [28, 40], "resolution": "1080x1920", "audio": true, "word_check": true, "layout_check": "zones fixes sans chevauchement"}
Loaded multilingual tokenizer (NFKD,fullcase preprocessing)
Loading S3Tokenizer from mlx-community/S3TokenizerV2...
Loaded S3Tokenizer weights
Warning: conds.safetensors not found - ref_audio will be required
{"passed": true, "video": "/Users/mikael_piselli/BRITED_STUDIO_FINAL/production/2026-08-24/slot-1/reels/regimes_communaute_par_defaut__reels.mp4", "expected_total_words": 108, "beats": [{"beat": "hook", "expected_words": 5, "first_word": "mariage", "last_word": "regime", "rendered_words": 23, "missing_words": [], "ocr_text": "SE MARIER SANS CONTRAT, C'EST DEJA CHOISIR UN REGIME MARIAGE SANS CONTRAT. AUCUN REGIME ? o,o 01107 Information generale • pas un conseil personnalise", "render_trace": "Mariage sans contrat. Aucun régime ?", "verification_method": "ocr+trace", "duration": 3.699, "full_text_visible_at": 1.557, "hold_after_full_text": 2.142, "passed": true}, {"beat": "question", "expected_words": 8, "first_word": "selon", "last_word": "separe", "rendered_words": 33, "missing_words": [], "ocr_text": "SE MARIER SANS CONTRAT, C'EST DEJA CHOISIR UN REGIME A VOUS DE JOUER SELON VOUS, VOTRE PATRIMOINE RESTE.T.IL SEPARE ? oui NON LA REPONSE ARRIVE 02107 Information generale • pas un conseil personnalise", "render_trace": "Selon vous, votre patrimoine reste-t-il séparé ?", "verification_method": "ocr+trace", "duration": 4.633, "full_text_visible_at": 2.113, "hold_after_full_text": 2.52, "passed": true}, {"beat": "reponse", "expected_words": 5, "first_word": "non", "last_word": "s'applique", "rendered_words": 21, "missing_words": [], "ocr_text": "SE MARIER SANS CONTRAT, C'EST DEJA CHOISIR UN REGIME NON: LE REGIME LEGAL S'APPLIQUE. 03107 Information generale • pas un conseil personnalise", "render_trace": "Non : le régime légal s'applique.", "verification_method": "ocr+trace", "duration": 2.108, "full_text_visible_at": 1.724, "hold_after_full_text": 0.384, "passed": true}, {"beat": "regle", "expected_words": 24, "first_word": "sans", "last_word": "propres", "rendered_words": 38, "missing_words": [], "ocr_text": "SE MARIER SANS CONTRAT, C'EST DEJA CHOISIR UN REGIME SANS CONTRAT, LA COMMUNAUTE REDUITE AUX ACQUETS S'APPLIQUE : LES BIENSACQUIS DURANT LE MARIAGE SONTCOMMUNS; CEUX D'AVANTOU REGUS PAR SUCCESSION RESTENT PROPRES. COMMUN 04107 Information generale • pas un conseil personnalise", "render_trace": "Sans contrat, la communauté réduite aux acquêts s'applique : les biens acquis durant le mariage sont communs ; ceux d'avant ou reçus par succession restent propres.", "verification_method": "ocr+trace", "duration": 6.741, "full_text_visible_at": 5.893, "hold_after_full_text": 0.848, "passed": true}, {"beat": "exemple", "expected_words": 26, "first_word": "exemple", "last_word": "personnel", "rendered_words": 42, "missing_words": [], "ocr_text": "SE MARIER SANS CONTRAT, C'EST DEJA CHOISIR UN REGIME EXEMPLE : L'ARGENT DE VOTRE SALAIRE ENTRE DANS LE PATRIMOINE COMMUN, MEME VERSE SUR VOTRE COMPTE PERSONNEL. UN HERITAGE REGU PAR VOUS SEUL RESTE VOTRE BIEN PERSONNEL. 05107 Information generale • pas un conseil personnalise", "render_trace": "Exemple : l'argent de votre salaire entre dans le patrimoine commun, même versé sur votre compte personnel. Un héritage reçu par vous seul reste votre bien personnel.", "verification_method": "ocr+trace", "duration": 6.958, "full_text_visible_at": 6.088, "hold_after_full_text": 0.87, "passed": true}, {"beat": "nuance", "expected_words": 28, "first_word": "pendant", "last_word": "moitie", "rendered_words": 44, "missing_words": [], "ocr_text": "SE MARIER SANS CONTRAT, C'EST DEJA CHOISIR UN REGIME PENDANT LE MARIAGE, CHACUN UTILISE SES REVENUS APRES LES CHARGES DU MARIAGE. A LA SEPARATION, DEThES ET COMPTES ENTRE EPOUX SONT REGLES. PUIS LE SOLDE PARTAGE PAR MOITIE. 06107 Information generale • pas un conseil personnalise", "render_trace": "Pendant le mariage, chacun utilise ses revenus après les charges du mariage. À la séparation, dettes et comptes entre époux sont réglés, puis le solde partagé par moitié.", "verification_method": "ocr+trace", "duration": 6.216, "full_text_visible_at": 5.421, "hold_after_full_text": 0.795, "passed": true}, {"beat": "cta", "expected_words": 12, "first_word": "enregistrez", "last_word": "patrimoine", "rendered_words": 35, "missing_words": [], "ocr_text": "SE MARIER SANS CONTRAT, C'EST DEJA CHOISIR UN REGIME LE SAVIEZ.VOUS ? ENREGISTrEZ PARTAGEZ ABONNEZ.VOUS ENREGISTrEZ • PARTAGEZ ET ABONNEZ.VOUS POUR MIEUX COMPRENDRE ET PROTEGER VOTRE PATRIMOINE 07107 Information generale • pas un conseil personnalise", "render_trace": "Enregistrez, partagez et abonnez-vous pour mieux comprendre et protéger votre patrimoine.", "verification_method": "ocr+trace", "duration": 3.645, "full_text_visible_at": 3.28, "hold_after_full_text": 0.365, "passed": true}], "failures": [], "ocr_status": "effectué"}
{"passed": true, "failures": [], "expected_duration": 34.0, "target_duration": [28, 40], "resolution": "1080x1920", "audio": true, "word_check": true, "layout_check": "zones fixes sans chevauchement"}
{"passed": true, "threshold_strictly_above": 9.5, "overall": 9.8, "criteria": {"Accroche dans les premières secondes": 9.8, "Rétention et rythme": 9.7, "Lisibilité mobile": 9.8, "Synchronisation texte et voix": 10.0, "Narration visuelle": 9.7, "Interaction question-réponse": 9.8, "Valeur enregistrable": 9.7, "Potentiel de partage privé": 9.7, "CTA Instagram": 9.8, "Sécurité et intégrité": 10.0}, "evidence": {"duration": 34.0, "resolution": "1080x1920", "missing_words": 0, "pages": 7, "renderer": "BRITED deterministic renderer v2"}}
Loaded multilingual tokenizer (NFKD,fullcase preprocessing)
Loading S3Tokenizer from mlx-community/S3TokenizerV2...
Loaded S3Tokenizer weights
Warning: conds.safetensors not found - ref_audio will be required
{"passed": true, "video": "/Users/mikael_piselli/BRITED_STUDIO_FINAL/production/2026-08-24/slot-1/reels/regimes_communaute_par_defaut__reels.mp4", "expected_total_words": 108, "beats": [{"beat": "hook", "expected_words": 5, "first_word": "mariage", "last_word": "regime", "rendered_words": 23, "missing_words": [], "ocr_text": "SE MARIER SANS CONTRAT, C'EST DEJA CHOISIR UN REGIME MARIAGE SANS CONTRAT. AUCUN REGIME ? o,o 01107 Information generale • pas un conseil personnalise", "render_trace": "Mariage sans contrat. Aucun régime ?", "verification_method": "ocr+trace", "duration": 3.698, "full_text_visible_at": 1.557, "hold_after_full_text": 2.141, "passed": true}, {"beat": "question", "expected_words": 8, "first_word": "selon", "last_word": "separe", "rendered_words": 33, "missing_words": [], "ocr_text": "SE MARIER SANS CONTRAT, C'EST DEJA CHOISIR UN REGIME A VOUS DE JOUER SELON VOUS, VOTRE PATRIMOINE RESTE.T.IL SEPARE ? oui NON LA REPONSE ARRIVE 02107 Information generale • pas un conseil personnalise", "render_trace": "Selon vous, votre patrimoine reste-t-il séparé ?", "verification_method": "ocr+trace", "duration": 4.632, "full_text_visible_at": 2.112, "hold_after_full_text": 2.52, "passed": true}, {"beat": "reponse", "expected_words": 5, "first_word": "non", "last_word": "s'applique", "rendered_words": 21, "missing_words": [], "ocr_text": "SE MARIER SANS CONTRAT, C'EST DEJA CHOISIR UN REGIME NON: LE REGIME LEGAL S'APPLIQUE. 03107 Information generale • pas un conseil personnalise", "render_trace": "Non : le régime légal s'applique.", "verification_method": "ocr+trace", "duration": 2.108, "full_text_visible_at": 1.723, "hold_after_full_text": 0.385, "passed": true}, {"beat": "regle", "expected_words": 24, "first_word": "sans", "last_word": "propres", "rendered_words": 38, "missing_words": [], "ocr_text": "SE MARIER SANS CONTRAT, C'EST DEJA CHOISIR UN REGIME SANS CONTRAT, LA COMMUNAUTE REDUITE AUX ACQUETS S'APPLIQUE : LES BIENSACQUIS DURANT LE MARIAGE SONTCOMMUNS; CEUX D'AVANTOU REGUS PAR SUCCESSION RESTENT PROPRES. COMMUN 04107 Information generale • pas un conseil personnalise", "render_trace": "Sans contrat, la communauté réduite aux acquêts s'applique : les biens acquis durant le mariage sont communs ; ceux d'avant ou reçus par succession restent propres.", "verification_method": "ocr+trace", "duration": 6.74, "full_text_visible_at": 5.892, "hold_after_full_text": 0.848, "passed": true}, {"beat": "exemple", "expected_words": 26, "first_word": "exemple", "last_word": "personnel", "rendered_words": 42, "missing_words": [], "ocr_text": "SE MARIER SANS CONTRAT, C'EST DEJA CHOISIR UN REGIME EXEMPLE : L'ARGENT DE VOTRE SALAIRE ENTRE DANS LE PATRIMOINE COMMUN, MEME VERSE SUR VOTRE COMPTE PERSONNEL. UN HERITAGE REGU PAR VOUS SEUL RESTE VOTRE BIEN PERSONNEL. 05107 Information generale • pas un conseil personnalise", "render_trace": "Exemple : l'argent de votre salaire entre dans le patrimoine commun, même versé sur votre compte personnel. Un héritage reçu par vous seul reste votre bien personnel.", "verification_method": "ocr+trace", "duration": 6.956, "full_text_visible_at": 6.087, "hold_after_full_text": 0.869, "passed": true}, {"beat": "nuance", "expected_words": 28, "first_word": "pendant", "last_word": "moitie", "rendered_words": 44, "missing_words": [], "ocr_text": "SE MARIER SANS CONTRAT, C'EST DEJA CHOISIR UN REGIME PENDANT LE MARIAGE, CHACUN UTILISE SES REVENUS APRES LES CHARGES DU MARIAGE. A LA SEPARATION, DEThES ET COMPTES ENTRE EPOUX SONT REGLES. PUIS LE SOLDE PARTAGE PAR MOITIE. 06107 Information generale • pas un conseil personnalise", "render_trace": "Pendant le mariage, chacun utilise ses revenus après les charges du mariage. À la séparation, dettes et comptes entre époux sont réglés, puis le solde partagé par moitié.", "verification_method": "ocr+trace", "duration": 7.721, "full_text_visible_at": 5.42, "hold_after_full_text": 2.301, "passed": true}, {"beat": "cta", "expected_words": 12, "first_word": "enregistrez", "last_word": "patrimoine", "rendered_words": 35, "missing_words": [], "ocr_text": "SE MARIER SANS CONTRAT, C'EST DEJA CHOISIR UN REGIME LE SAVIEZ.VOUS ? ENREGISTrEZ PARTAGEZ ABONNEZ.VOUS ENREGISTrEZ • PARTAGEZ ET ABONNEZ.VOUS POUR MIEUX COMPRENDRE ET PROTEGER VOTRE PATRIMOINE 07107 Information generale • pas un conseil personnalise", "render_trace": "Enregistrez, partagez et abonnez-vous pour mieux comprendre et protéger votre patrimoine.", "verification_method": "ocr+trace", "duration": 3.644, "full_text_visible_at": 3.28, "hold_after_full_text": 0.364, "passed": true}], "failures": [], "ocr_status": "effectué"}
{"passed": true, "failures": [], "expected_duration": 35.5, "target_duration": [28, 40], "resolution": "1080x1920", "audio": true, "word_check": true, "layout_check": "zones fixes sans chevauchement"}
{"passed": true, "threshold_strictly_above": 9.5, "overall": 9.8, "criteria": {"Accroche dans les premières secondes": 9.8, "Rétention et rythme": 9.7, "Lisibilité mobile": 9.8, "Synchronisation texte et voix": 10.0, "Narration visuelle": 9.7, "Interaction question-réponse": 9.8, "Valeur enregistrable": 9.7, "Potentiel de partage privé": 9.7, "CTA Instagram": 9.8, "Sécurité et intégrité": 10.0}, "evidence": {"duration": 35.5, "resolution": "1080x1920", "missing_words": 0, "pages": 7, "renderer": "BRITED deterministic renderer v2"}}
Loaded multilingual tokenizer (NFKD,fullcase preprocessing)
Loading S3Tokenizer from mlx-community/S3TokenizerV2...
Loaded S3Tokenizer weights
Warning: conds.safetensors not found - ref_audio will be required
[94mText:[0m Mariage sans contrat. Aucun régime ?
[94mVoice:[0m af_heart
[94mSpeed:[0m 0.84x
[94mLanguage:[0m fr
{"passed": true, "video": "/Users/mikael_piselli/BRITED_STUDIO_FINAL/production/2026-08-24/slot-1/reels/regimes_communaute_par_defaut__reels.mp4", "expected_total_words": 108, "beats": [{"beat": "hook", "expected_words": 5, "first_word": "mariage", "last_word": "regime", "rendered_words": 23, "missing_words": [], "ocr_text": "SE MARIER SANS CONTRAT, C'EST DEJA CHOISIR UN REGIME MARIAGE SANS CONTRAT. AUCUN REGIME ? o,o 01107 Information generale • pas un conseil personnalise", "render_trace": "Mariage sans contrat. Aucun régime ?", "verification_method": "ocr+trace", "duration": 3.698, "full_text_visible_at": 1.557, "hold_after_full_text": 2.141, "passed": true}, {"beat": "question", "expected_words": 8, "first_word": "selon", "last_word": "separe", "rendered_words": 33, "missing_words": [], "ocr_text": "SE MARIER SANS CONTRAT, C'EST DEJA CHOISIR UN REGIME A VOUS DE JOUER SELON VOUS, VOTRE PATRIMOINE RESTE.T.IL SEPARE ? oui NON LA REPONSE ARRIVE 02107 Information generale • pas un conseil personnalise", "render_trace": "Selon vous, votre patrimoine reste-t-il séparé ?", "verification_method": "ocr+trace", "duration": 4.632, "full_text_visible_at": 2.112, "hold_after_full_text": 2.52, "passed": true}, {"beat": "reponse", "expected_words": 5, "first_word": "non", "last_word": "s'applique", "rendered_words": 21, "missing_words": [], "ocr_text": "SE MARIER SANS CONTRAT, C'EST DEJA CHOISIR UN REGIME NON: LE REGIME LEGAL S'APPLIQUE. 03107 Information generale • pas un conseil personnalise", "render_trace": "Non : le régime légal s'applique.", "verification_method": "ocr+trace", "duration": 2.108, "full_text_visible_at": 1.723, "hold_after_full_text": 0.385, "passed": true}, {"beat": "regle", "expected_words": 24, "first_word": "sans", "last_word": "propres", "rendered_words": 38, "missing_words": [], "ocr_text": "SE MARIER SANS CONTRAT, C'EST DEJA CHOISIR UN REGIME SANS CONTRAT, LA COMMUNAUTE REDUITE AUX ACQUETS S'APPLIQUE : LES BIENSACQUIS DURANT LE MARIAGE SONTCOMMUNS; CEUX D'AVANTOU REGUS PAR SUCCESSION RESTENT PROPRES. COMMUN 04107 Information generale • pas un conseil personnalise", "render_trace": "Sans contrat, la communauté réduite aux acquêts s'applique : les biens acquis durant le mariage sont communs ; ceux d'avant ou reçus par succession restent propres.", "verification_method": "ocr+trace", "duration": 6.74, "full_text_visible_at": 5.892, "hold_after_full_text": 0.848, "passed": true}, {"beat": "exemple", "expected_words": 26, "first_word": "exemple", "last_word": "personnel", "rendered_words": 42, "missing_words": [], "ocr_text": "SE MARIER SANS CONTRAT, C'EST DEJA CHOISIR UN REGIME EXEMPLE : L'ARGENT DE VOTRE SALAIRE ENTRE DANS LE PATRIMOINE COMMUN, MEME VERSE SUR VOTRE COMPTE PERSONNEL. UN HERITAGE REGU PAR VOUS SEUL RESTE VOTRE BIEN PERSONNEL. 05107 Information generale • pas un conseil personnalise", "render_trace": "Exemple : l'argent de votre salaire entre dans le patrimoine commun, même versé sur votre compte personnel. Un héritage reçu par vous seul reste votre bien personnel.", "verification_method": "ocr+trace", "duration": 6.956, "full_text_visible_at": 6.087, "hold_after_full_text": 0.869, "passed": true}, {"beat": "nuance", "expected_words": 28, "first_word": "pendant", "last_word": "moitie", "rendered_words": 44, "missing_words": [], "ocr_text": "SE MARIER SANS CONTRAT, C'EST DEJA CHOISIR UN REGIME PENDANT LE MARIAGE, CHACUN UTILISE SES REVENUS APRES LES CHARGES DU MARIAGE. A LA SEPARATION, DEThES ET COMPTES ENTRE EPOUX SONT REGLES. PUIS LE SOLDE PARTAGE PAR MOITIE. 06107 Information generale • pas un conseil personnalise", "render_trace": "Pendant le mariage, chacun utilise ses revenus après les charges du mariage. À la séparation, dettes et comptes entre époux sont réglés, puis le solde partagé par moitié.", "verification_method": "ocr+trace", "duration": 7.721, "full_text_visible_at": 5.42, "hold_after_full_text": 2.301, "passed": true}, {"beat": "cta", "expected_words": 12, "first_word": "enregistrez", "last_word": "patrimoine", "rendered_words": 35, "missing_words": [], "ocr_text": "SE MARIER SANS CONTRAT, C'EST DEJA CHOISIR UN REGIME LE SAVIEZ.VOUS ? ENREGISTrEZ PARTAGEZ ABONNEZ.VOUS ENREGISTrEZ • PARTAGEZ ET ABONNEZ.VOUS POUR MIEUX COMPRENDRE ET PROTEGER VOTRE PATRIMOINE 07107 Information generale • pas un conseil personnalise", "render_trace": "Enregistrez, partagez et abonnez-vous pour mieux comprendre et protéger votre patrimoine.", "verification_method": "ocr+trace", "duration": 3.644, "full_text_visible_at": 3.28, "hold_after_full_text": 0.364, "passed": true}], "failures": [], "ocr_status": "effectué"}
{"passed": true, "failures": [], "expected_duration": 35.5, "target_duration": [28, 40], "resolution": "1080x1920", "audio": true, "word_check": true, "layout_check": "zones fixes sans chevauchement"}
{"passed": true, "threshold_strictly_above": 9.5, "overall": 9.8, "criteria": {"Accroche dans les premières secondes": 9.8, "Rétention et rythme": 9.7, "Lisibilité mobile": 9.8, "Synchronisation texte et voix": 10.0, "Narration visuelle": 9.7, "Interaction question-réponse": 9.8, "Valeur enregistrable": 9.7, "Potentiel de partage privé": 9.7, "CTA Instagram": 9.8, "Sécurité et intégrité": 10.0}, "evidence": {"duration": 35.5, "resolution": "1080x1920", "missing_words": 0, "pages": 7, "renderer": "BRITED deterministic renderer v2"}}
Loaded multilingual tokenizer (NFKD,fullcase preprocessing)
Loading S3Tokenizer from mlx-community/S3TokenizerV2...
Loaded S3Tokenizer weights
Warning: conds.safetensors not found - ref_audio will be required
[94mText:[0m Mariage sans contrat. Aucun régime ?
[94mVoice:[0m af_heart
[94mSpeed:[0m 0.84x
[94mLanguage:[0m fr
{"passed": true, "video": "/Users/mikael_piselli/BRITED_STUDIO_FINAL/production/2026-08-24/slot-1/reels/regimes_communaute_par_defaut__reels.mp4", "expected_total_words": 108, "beats": [{"beat": "hook", "expected_words": 5, "first_word": "mariage", "last_word": "regime", "rendered_words": 23, "missing_words": [], "ocr_text": "SE MARIER SANS CONTRAT, C'EST DEJA CHOISIR UN REGIME MARIAGE SANS CONTRAT. AUCUN REGIME ? o,o 01107 Information generale • pas un conseil personnalise", "render_trace": "Mariage sans contrat. Aucun régime ?", "verification_method": "ocr+trace", "duration": 3.786, "full_text_visible_at": 1.64, "hold_after_full_text": 2.146, "passed": true}, {"beat": "question", "expected_words": 8, "first_word": "selon", "last_word": "separe", "rendered_words": 33, "missing_words": [], "ocr_text": "SE MARIER SANS CONTRAT, C'EST DEJA CHOISIR UN REGIME A VOUS DE JOUER SELON VOUS, VOTRE PATRIMOINE RESTE.T.IL SEPARE ? oui NON LA REPONSE ARRIVE 02107 Information generale • pas un conseil personnalise", "render_trace": "Selon vous, votre patrimoine reste-t-il séparé ?", "verification_method": "ocr+trace", "duration": 4.62, "full_text_visible_at": 2.107, "hold_after_full_text": 2.513, "passed": true}, {"beat": "reponse", "expected_words": 5, "first_word": "non", "last_word": "s'applique", "rendered_words": 21, "missing_words": [], "ocr_text": "SE MARIER SANS CONTRAT, C'EST DEJA CHOISIR UN REGIME NON: LE REGIME LEGAL S'APPLIQUE. 03107 Information generale • pas un conseil personnalise", "render_trace": "Non : le régime légal s'applique.", "verification_method": "ocr+trace", "duration": 2.102, "full_text_visible_at": 1.719, "hold_after_full_text": 0.383, "passed": true}, {"beat": "regle", "expected_words": 24, "first_word": "sans", "last_word": "propres", "rendered_words": 38, "missing_words": [], "ocr_text": "SE MARIER SANS CONTRAT, C'EST DEJA CHOISIR UN REGIME SANS CONTRAT, LA COMMUNAUTE REDUITE AUX ACQUETS S'APPLIQUE : LES BIENSACQUIS DURANT LE MARIAGE SONTCOMMUNS; CEUX D'AVANTOU REGUS PAR SUCCESSION RESTENT PROPRES. COMMUN 04107 Information generale • pas un conseil personnalise", "render_trace": "Sans contrat, la communauté réduite aux acquêts s'applique : les biens acquis durant le mariage sont communs ; ceux d'avant ou reçus par succession restent propres.", "verification_method": "ocr+trace", "duration": 6.722, "full_text_visible_at": 5.876, "hold_after_full_text": 0.846, "passed": true}, {"beat": "exemple", "expected_words": 26, "first_word": "exemple", "last_word": "personnel", "rendered_words": 42, "missing_words": [], "ocr_text": "SE MARIER SANS CONTRAT, C'EST DEJA CHOISIR UN REGIME EXEMPLE : L'ARGENT DE VOTRE SALAIRE ENTRE DANS LE PATRIMOINE COMMUN, MEME VERSE SUR VOTRE COMPTE PERSONNEL. UN HERITAGE REGU PAR VOUS SEUL RESTE VOTRE BIEN PERSONNEL. 05107 Information generale • pas un conseil personnalise", "render_trace": "Exemple : l'argent de votre salaire entre dans le patrimoine commun, même versé sur votre compte personnel. Un héritage reçu par vous seul reste votre bien personnel.", "verification_method": "ocr+trace", "duration": 6.937, "full_text_visible_at": 6.07, "hold_after_full_text": 0.867, "passed": true}, {"beat": "nuance", "expected_words": 28, "first_word": "pendant", "last_word": "moitie", "rendered_words": 44, "missing_words": [], "ocr_text": "SE MARIER SANS CONTRAT, C'EST DEJA CHOISIR UN REGIME PENDANT LE MARIAGE, CHACUN UTILISE SES REVENUS APRES LES CHARGES DU MARIAGE. A LA SEPARATION, DEThES ET COMPTES ENTRE EPOUX SONT REGLES. PUIS LE SOLDE PARTAGE PAR MOITIE. 06107 Information generale • pas un conseil personnalise", "render_trace": "Pendant le mariage, chacun utilise ses revenus après les charges du mariage. À la séparation, dettes et comptes entre époux sont réglés, puis le solde partagé par moitié.", "verification_method": "ocr+trace", "duration": 7.699, "full_text_visible_at": 5.405, "hold_after_full_text": 2.294, "passed": true}, {"beat": "cta", "expected_words": 12, "first_word": "enregistrez", "last_word": "patrimoine", "rendered_words": 35, "missing_words": [], "ocr_text": "SE MARIER SANS CONTRAT, C'EST DEJA CHOISIR UN REGIME LE SAVIEZ.VOUS ? ENREGISTrEZ PARTAGEZ ABONNEZ.VOUS ENREGISTrEZ • PARTAGEZ ET ABONNEZ.VOUS POUR MIEUX COMPRENDRE ET PROTEGER VOTRE PATRIMOINE 07107 Information generale • pas un conseil personnalise", "render_trace": "Enregistrez, partagez et abonnez-vous pour mieux comprendre et protéger votre patrimoine.", "verification_method": "ocr+trace", "duration": 3.634, "full_text_visible_at": 3.271, "hold_after_full_text": 0.363, "passed": true}], "failures": [], "ocr_status": "effectué"}
{"passed": true, "failures": [], "expected_duration": 35.5, "target_duration": [28, 40], "resolution": "1080x1920", "audio": true, "word_check": true, "layout_check": "zones fixes sans chevauchement"}
{"passed": true, "threshold_strictly_above": 9.5, "overall": 9.8, "criteria": {"Accroche dans les premières secondes": 9.8, "Rétention et rythme": 9.7, "Lisibilité mobile": 9.8, "Synchronisation texte et voix": 10.0, "Narration visuelle": 9.7, "Interaction question-réponse": 9.8, "Valeur enregistrable": 9.7, "Potentiel de partage privé": 9.7, "CTA Instagram": 9.8, "Sécurité et intégrité": 10.0}, "evidence": {"duration": 35.5, "resolution": "1080x1920", "missing_words": 0, "pages": 7, "renderer": "BRITED deterministic renderer v2"}}
Loaded multilingual tokenizer (NFKD,fullcase preprocessing)
Loading S3Tokenizer from mlx-community/S3TokenizerV2...
Loaded S3Tokenizer weights
Warning: conds.safetensors not found - ref_audio will be required
[94mText:[0m Se marier sans contrat, est‑ce neutre ?
[94mVoice:[0m af_heart
[94mSpeed:[0m 0.84x
[94mLanguage:[0m fr
[94mText:[0m Non : sans contrat, le régime légal s'applique, la communauté réduite aux acquêts.
[94mVoice:[0m af_heart
[94mSpeed:[0m 0.94x
[94mLanguage:[0m fr
[94mText:[0m Les biens possédés avant le mariage, et les donations ou successions, restent propres. Tout ce qui est acquis pendant le mariage appartient à la communauté,
[94mVoice:[0m af_heart
[94mSpeed:[0m 0.94x
[94mLanguage:[0m fr
[94mText:[0m y compris gains, salaires et les économies qu'ils permettent. À la liquidation, l'actif commun net est en principe partagé par moitié.
[94mVoice:[0m af_heart
[94mSpeed:[0m 0.94x
[94mLanguage:[0m fr
[94mText:[0m L'article 223 permet cependant à chaque époux de percevoir ses gains et salaires et d'en disposer après s'être acquitté des charges du mariage.
[94mVoice:[0m af_heart
[94mSpeed:[0m 0.94x
[94mLanguage:[0m fr
[94mText:[0m Exemple : un héritage reçu reste votre bien propre ; une paie épargnée pendant le mariage alimente la communauté.
[94mVoice:[0m af_heart
[94mSpeed:[0m 0.94x
[94mLanguage:[0m fr
[94mText:[0m Attention au mélange de fonds : passer un héritage sur un compte commun demande preuve et peut entraîner une récompense.
[94mVoice:[0m af_heart
[94mSpeed:[0m 0.94x
[94mLanguage:[0m fr
[94mText:[0m Abonnez‑vous pour d'autres explications claires.
[94mVoice:[0m af_heart
[94mSpeed:[0m 0.94x
[94mLanguage:[0m fr
Loaded multilingual tokenizer (NFKD,fullcase preprocessing)
Loading S3Tokenizer from mlx-community/S3TokenizerV2...
Loaded S3Tokenizer weights
Warning: conds.safetensors not found - ref_audio will be required
Loaded multilingual tokenizer (NFKD,fullcase preprocessing)
Loading S3Tokenizer from mlx-community/S3TokenizerV2...
Loaded S3Tokenizer weights
Warning: conds.safetensors not found - ref_audio will be required
Loaded multilingual tokenizer (NFKD,fullcase preprocessing)
Loading S3Tokenizer from mlx-community/S3TokenizerV2...
Loaded S3Tokenizer weights
Warning: conds.safetensors not found - ref_audio will be required
{"passed": true, "video": "/Users/mikael_piselli/BRITED_STUDIO_FINAL/production/2026-08-24/slot-1/shorts/regimes_communaute_par_defaut__shorts.mp4", "expected_total_words": 130, "beats": [{"beat": "hook", "expected_words": 7, "first_word": "se", "last_word": "neutre", "rendered_words": 22, "missing_words": [], "ocr_text": "SE MARIER SANS CONTRAT, C'EST DEJA CHOISIR UN REGIME SE MARIER SANS CONTRAT, ESLCE NEUTRE ? 01108 Information generale • pas un conseil personnalise", "render_trace": "Se marier sans contrat, est‑ce neutre ?", "verification_method": "ocr+trace", "duration": 2.541, "full_text_visible_at": 2.062, "hold_after_full_text": 0.479, "passed": true}, {"beat": "reponse", "expected_words": 12, "first_word": "non", "last_word": "acquets", "rendered_words": 28, "missing_words": [], "ocr_text": "SE MARIER SANS CONTRAT, C'EST DEJA CHOISIR UN REGIME NON : SANS CONTRAT, LE REGIME LEGAL S'APPLIQUE, LA COMMUNAUTE REDUITE AUX ACQUETS. 02108 Information generale • pas un conseil personnalise", "render_trace": "Non : sans contrat, le régime légal s'applique, la communauté réduite aux acquêts.", "verification_method": "ocr+trace", "duration": 4.77, "full_text_visible_at": 4.068, "hold_after_full_text": 0.702, "passed": true}, {"beat": "regle_1", "expected_words": 25, "first_word": "les", "last_word": "communaute", "rendered_words": 41, "missing_words": [], "ocr_text": "SE MARIER SANS CONTRAT, C'EST DEJA CHOISIR UN REGIME LES BIENS POSSEDES AVANT LE MARIAGE, ET LES DONATIONS OU SUCCESSIONS, RESTENT PROPRES. TOUT CE QUI EST ACQUIS PENDANT LE MARIAGE APPARTIENT A LA COMMUNAUTE, 03108 Information generale • pas un conseil personnalise", "render_trace": "Les biens possédés avant le mariage, et les donations ou successions, restent propres. Tout ce qui est acquis pendant le mariage appartient à la communauté,", "verification_method": "ocr+trace", "duration": 6.89, "full_text_visible_at": 5.976, "hold_after_full_text": 0.914, "passed": true}, {"beat": "regle_2", "expected_words": 21, "first_word": "y", "last_word": "moitie", "rendered_words": 37, "missing_words": [], "ocr_text": "SE MARIER SANS CONTRAT, C'EST DEJA CHOISIR UN REGIME Y COMPRIS GAINS, SALAIRES ET LES ECONOMIES QU'ILS PERMETtENT. A LA LIQUIDATION, L'ACTIF COMMUN NET EST EN PRINCIPE PARTAGE PAR MOITIE. 04108 Information generale • pas un conseil personnalise", "render_trace": "y compris gains, salaires et les économies qu'ils permettent. À la liquidation, l'actif commun net est en principe partagé par moitié.", "verification_method": "ocr+trace", "duration": 7.49, "full_text_visible_at": 6.516, "hold_after_full_text": 0.974, "passed": true}, {"beat": "regle_3", "expected_words": 23, "first_word": "l'article", "last_word": "mariage", "rendered_words": 39, "missing_words": [], "ocr_text": "SE MARIER SANS CONTRAT, C'EST DEJA CHOISIR UN REGIME L'ARTICLE 223 PERMET CEPENDANT A CHAQUE EPOUX DE PERCEVOIR SES GAINS ET SALAIRES ET D'EN DISPOSER APRES S'ETRE ACQUITtE DES CHARGES DU MARIAGE. 05108 Information generale • pas un conseil personnalise", "render_trace": "L'article 223 permet cependant à chaque époux de percevoir ses gains et salaires et d'en disposer après s'être acquitté des charges du mariage.", "verification_method": "ocr+trace", "duration": 7.65, "full_text_visible_at": 6.66, "hold_after_full_text": 0.99, "passed": true}, {"beat": "exemple", "expected_words": 17, "first_word": "exemple", "last_word": "communaute", "rendered_words": 33, "missing_words": [], "ocr_text": "SE MARIER SANS CONTRAT, C'EST DEJA CHOISIR UN REGIME EXEMPLE: UN HERITAGE REGU RESTE VOTRE BIEN PROPRE ; UNE PAIE EPARGNEE PENDANT LE MARIAGE ALIMENTE LA COMMUNAUTE. 06108 Information generale • pas un conseil personnalise", "render_trace": "Exemple : un héritage reçu reste votre bien propre ; une paie épargnée pendant le mariage alimente la communauté.", "verification_method": "ocr+trace", "duration": 7.17, "full_text_visible_at": 6.228, "hold_after_full_text": 0.942, "passed": true}, {"beat": "nuance", "expected_words": 19, "first_word": "attention", "last_word": "recompense", "rendered_words": 35, "missing_words": [], "ocr_text": "SE MARIER SANS CONTRAT, C'EST DEJA CHOISIR UN REGIME AThENTION AU MELANGE DE FONDS: PASSER UN HERITAGE SUR UN COMPTE COMMUN DEMANDE PREUVE ET PEUT ENTRAiNER UNE RECOMPENSE. 07108 Information generale • pas un conseil personnalise", "render_trace": "Attention au mélange de fonds : passer un héritage sur un compte commun demande preuve et peut entraîner une récompense.", "verification_method": "ocr+trace", "duration": 5.89, "full_text_visible_at": 5.076, "hold_after_full_text": 0.814, "passed": true}, {"beat": "cta", "expected_words": 6, "first_word": "abonnez", "last_word": "claires", "rendered_words": 27, "missing_words": [], "ocr_text": "SE MARIER SANS CONTRAT, C'EST DEJA CHOISIR UN REGIME POUR ALLER PLUS LOIN ABONNEZ-VOUS ABONNEZtMOUS POUR D'AUTRES EXPLICATIONS CLAIRES. 08108 Information generale • pas un conseil personnalise", "render_trace": "Abonnez‑vous pour d'autres explications claires.", "verification_method": "ocr+trace", "duration": 2.52, "full_text_visible_at": 2.268, "hold_after_full_text": 0.252, "passed": true}], "failures": [], "ocr_status": "effectué"}
{"passed": true, "failures": [], "expected_duration": 44.92, "target_duration": [40, 58], "resolution": "1080x1920", "audio": true, "word_check": true, "layout_check": "zones fixes sans chevauchement"}
Loaded multilingual tokenizer (NFKD,fullcase preprocessing)
Loading S3Tokenizer from mlx-community/S3TokenizerV2...
Loaded S3Tokenizer weights
Warning: conds.safetensors not found - ref_audio will be required
[94mText:[0m Se marier sans contrat, est-ce neutre ?
[94mVoice:[0m af_heart
[94mSpeed:[0m 0.84x
[94mLanguage:[0m fr
[94mText:[0m Non. En l'absence de contrat, le régime légal est celui de la communauté réduite aux acquêts.
[94mVoice:[0m af_heart
[94mSpeed:[0m 0.94x
[94mLanguage:[0m fr
[94mText:[0m Entrent en principe dans la communauté les biens acquis pendant le mariage, ainsi que les gains, les salaires et les économies constituées avec ces revenus.
[94mVoice:[0m af_heart
[94mSpeed:[0m 0.94x
[94mLanguage:[0m fr
[94mText:[0m Restent propres les biens possédés avant le mariage, ainsi que ceux reçus personnellement par donation ou succession.
[94mVoice:[0m af_heart
[94mSpeed:[0m 0.94x
[94mLanguage:[0m fr
[94mText:[0m L'article 223 permet cependant à chaque époux de percevoir ses gains et salaires et d'en disposer après s'être acquitté des charges du mariage.
[94mVoice:[0m af_heart
[94mSpeed:[0m 0.94x
[94mLanguage:[0m fr
[94mText:[0m Attention au mélange de fonds : verser un héritage sur un compte commun crée un enjeu de preuve et peut entraîner une récompense.
[94mVoice:[0m af_heart
[94mSpeed:[0m 0.94x
[94mLanguage:[0m fr
[94mText:[0m Abonnez-vous pour d'autres astuces sur la gestion de votre patrimoine.
[94mVoice:[0m af_heart
[94mSpeed:[0m 0.94x
[94mLanguage:[0m fr
{"passed": true, "video": "/Users/mikael_piselli/BRITED_STUDIO_FINAL/production/2026-08-24/slot-1/shorts/regimes_communaute_par_defaut__shorts.mp4", "expected_total_words": 138, "beats": [{"beat": "hook", "expected_words": 7, "first_word": "se", "last_word": "neutre", "rendered_words": 23, "missing_words": [], "ocr_text": "SE MARIER SANS CONTRAT, C'EST DEJA CHOISIR UN REGIME SE MARIER SANS CONTRAT, EST.CE NEUTRE ? 01108 Information generale • pas un conseil personnalise", "render_trace": "Se marier sans contrat, est-ce neutre ?", "verification_method": "ocr+trace", "duration": 2.572, "full_text_visible_at": 2.09, "hold_after_full_text": 0.482, "passed": true}, {"beat": "reponse", "expected_words": 16, "first_word": "non", "last_word": "acquets", "rendered_words": 31, "missing_words": [], "ocr_text": "SE MARIER SANS CONTRAT, C'EST DEJA CHOISIR UN REGIME NON. EN L'ABSENCE DE CONTRAT, LE REGIME LEGAL EST CELUI DE LA COMMUNAUTE REDUITE AUXACQUETS. 02108 Information generale • pas un conseil personnalise", "render_trace": "Non. En l'absence de contrat, le régime légal est celui de la communauté réduite aux acquêts.", "verification_method": "ocr+trace", "duration": 5.29, "full_text_visible_at": 4.536, "hold_after_full_text": 0.754, "passed": true}, {"beat": "regle", "expected_words": 25, "first_word": "entrent", "last_word": "revenus", "rendered_words": 41, "missing_words": [], "ocr_text": "SE MARIER SANS CONTRAT, C'EST DEJA CHOISIR UN REGIME ENTRENT EN PRINCIPE DANS LA COMMUNAUTE LES BIENS ACQUIS PENDANT LE MARIAGE, AINSI QUE LES GAINS, LES SALAIRES ET LES ECONOMIES CONSTITUEES AVEC CES REVENUS. 03108 Information generale • pas un conseil personnalise", "render_trace": "Entrent en principe dans la communauté les biens acquis pendant le mariage, ainsi que les gains, les salaires et les économies constituées avec ces revenus.", "verification_method": "ocr+trace", "duration": 7.21, "full_text_visible_at": 6.264, "hold_after_full_text": 0.946, "passed": true}, {"beat": "regle", "expected_words": 17, "first_word": "restent", "last_word": "succession", "rendered_words": 33, "missing_words": [], "ocr_text": "SE MARIER SANS CONTRAT, C'EST DEJA CHOISIR UN REGIME RESTENT PROPRES LES BIENS POSSEDES AVANT LE MARIAGE, AINSI QUE CEUX REGUS PERSONNELLEMENT PAR DONATION OU SUCCESSION. 04108 Information generale • pas un conseil personnalise", "render_trace": "Restent propres les biens possédés avant le mariage, ainsi que ceux reçus personnellement par donation ou succession.", "verification_method": "ocr+trace", "duration": 6.65, "full_text_visible_at": 5.76, "hold_after_full_text": 0.89, "passed": true}, {"beat": "regle", "expected_words": 23, "first_word": "l'article", "last_word": "mariage", "rendered_words": 39, "missing_words": [], "ocr_text": "SE MARIER SANS CONTRAT, C'EST DEJA CHOISIR UN REGIME L'ARTICLE 223 PERMET CEPENDANT A CHAQUE EPOUX DE PERCEVOIR SES GAINS ET SALAIRES ET D'EN DISPOSER APRES S'ETRE ACQUITtE DES CHARGES DU MARIAGE. 05108 Information generale • pas un conseil personnalise", "render_trace": "L'article 223 permet cependant à chaque époux de percevoir ses gains et salaires et d'en disposer après s'être acquitté des charges du mariage.", "verification_method": "ocr+trace", "duration": 7.85, "full_text_visible_at": 6.84, "hold_after_full_text": 1.01, "passed": true}, {"beat": "exemple", "expected_words": 17, "first_word": "exemple", "last_word": "communaute", "rendered_words": 33, "missing_words": [], "ocr_text": "SE MARIER SANS CONTRAT, C'EST DEJA CHOISIR UN REGIME EXEMPLE: UN HERITAGE REGU RESTE VOTRE BIEN PROPRE ; UNE PAIE EPARGNEE PENDANT LE MARIAGE ALIMENTE LA COMMUNAUTE. 06108 Information generale • pas un conseil personnalise", "render_trace": "Exemple : un héritage reçu reste votre bien propre ; une paie épargnée pendant le mariage alimente la communauté.", "verification_method": "ocr+trace", "duration": 7.17, "full_text_visible_at": 6.228, "hold_after_full_text": 0.942, "passed": true}, {"beat": "nuance", "expected_words": 22, "first_word": "attention", "last_word": "recompense", "rendered_words": 38, "missing_words": [], "ocr_text": "SE MARIER SANS CONTRAT, C'EST DEJA CHOISIR UN REGIME AThENTION AU MELANGE DE FONDS : VERSER UN HERITAGE SUR UN COMPTE COMMUN CREE UN ENJEU DE PREUVE ET PEUT ENTRAiNER UNE RECOMPENSE. 07108 Information generale • pas un conseil personnalise", "render_trace": "Attention au mélange de fonds : verser un héritage sur un compte commun crée un enjeu de preuve et peut entraîner une récompense.", "verification_method": "ocr+trace", "duration": 6.85, "full_text_visible_at": 5.94, "hold_after_full_text": 0.91, "passed": true}, {"beat": "cta", "expected_words": 11, "first_word": "abonnez", "last_word": "patrimoine", "rendered_words": 33, "missing_words": [], "ocr_text": "SE MARIER SANS CONTRAT, C'EST DEJA CHOISIR UN REGIME POUR ALLER PLUS LOIN ABONNEZ-VOUS ABONNEZ-VOUS POUR D'AUTRES ASTUCES SUR LA GESTION DE VOTRE PATRIMOINE. 08108 Information generale • pas un conseil personnalise", "render_trace": "Abonnez-vous pour d'autres astuces sur la gestion de votre patrimoine.", "verification_method": "ocr+trace", "duration": 3.36, "full_text_visible_at": 3.024, "hold_after_full_text": 0.336, "passed": true}], "failures": [], "ocr_status": "effectué"}
{"passed": true, "failures": [], "expected_duration": 46.95, "target_duration": [40, 58], "resolution": "1080x1920", "audio": true, "word_check": true, "layout_check": "zones fixes sans chevauchement"}
Loaded multilingual tokenizer (NFKD,fullcase preprocessing)
Loading S3Tokenizer from mlx-community/S3TokenizerV2...
Loaded S3Tokenizer weights
Warning: conds.safetensors not found - ref_audio will be required
{"passed": true, "video": "/Users/mikael_piselli/BRITED_STUDIO_FINAL/production/2026-08-24/slot-1/shorts/regimes_communaute_par_defaut__shorts.mp4", "expected_total_words": 138, "beats": [{"beat": "hook", "expected_words": 7, "first_word": "se", "last_word": "neutre", "rendered_words": 23, "missing_words": [], "ocr_text": "SE MARIER SANS CONTRAT, C'EST DEJA CHOISIR UN REGIME SE MARIER SANS CONTRAT, EST.CE NEUTRE ? 01108 Information generale • pas un conseil personnalise", "render_trace": "Se marier sans contrat, est-ce neutre ?", "verification_method": "ocr+trace", "duration": 2.572, "full_text_visible_at": 2.09, "hold_after_full_text": 0.482, "passed": true}, {"beat": "reponse", "expected_words": 16, "first_word": "non", "last_word": "acquets", "rendered_words": 32, "missing_words": [], "ocr_text": "SE MARIER SANS CONTRAT, C'EST DEJA CHOISIR UN REGIME NON EN L'ABSENCE DE CONTRAT, LE REGIME LEGAL EST CELUI DE LA COMMUNAUTE REDUITE AUX ACQUETS. 02108 Information generale • pas un conseil personnalise", "render_trace": "Non. En l'absence de contrat, le régime légal est celui de la communauté réduite aux acquêts.", "verification_method": "ocr+trace", "duration": 5.29, "full_text_visible_at": 4.536, "hold_after_full_text": 0.754, "passed": true}, {"beat": "regle", "expected_words": 25, "first_word": "entrent", "last_word": "revenus", "rendered_words": 41, "missing_words": [], "ocr_text": "SE MARIER SANS CONTRAT, C'EST DEJA CHOISIR UN REGIME ENTRENT EN PRINCIPE DANS LA COMMUNAUTE LES BIENS ACQUIS PENDANT LE MARIAGE, AINSI QUE LES GAINS, LES SALAIRES ET LES ECONOMIES CONSTITUEES AVEC CES REVENUS. 03108 Information generale • pas un conseil personnalise", "render_trace": "Entrent en principe dans la communauté les biens acquis pendant le mariage, ainsi que les gains, les salaires et les économies constituées avec ces revenus.", "verification_method": "ocr+trace", "duration": 7.21, "full_text_visible_at": 6.264, "hold_after_full_text": 0.946, "passed": true}, {"beat": "regle", "expected_words": 17, "first_word": "restent", "last_word": "succession", "rendered_words": 33, "missing_words": [], "ocr_text": "SE MARIER SANS CONTRAT, C'EST DEJA CHOISIR UN REGIME RESTENT PROPRES LES BIENS POSSEDES AVANT LE MARIAGE, AINSI QUE CEUX REGUS PERSONNELLEMENT PAR DONATION OU SUCCESSION. 04108 Information generale • pas un conseil personnalise", "render_trace": "Restent propres les biens possédés avant le mariage, ainsi que ceux reçus personnellement par donation ou succession.", "verification_method": "ocr+trace", "duration": 6.65, "full_text_visible_at": 5.76, "hold_after_full_text": 0.89, "passed": true}, {"beat": "regle", "expected_words": 23, "first_word": "l'article", "last_word": "mariage", "rendered_words": 39, "missing_words": [], "ocr_text": "SE MARIER SANS CONTRAT, C'EST DEJA CHOISIR UN REGIME L'ARTICLE 223 PERMET CEPENDANT A CHAQUE EPOUX DE PERCEVOIR SES GAINS ET SALAIRES ET D'EN DISPOSER APRES S'ETRE ACQUITtE DES CHARGES DU MARIAGE. 05108 Information generale • pas un conseil personnalise", "render_trace": "L'article 223 permet cependant à chaque époux de percevoir ses gains et salaires et d'en disposer après s'être acquitté des charges du mariage.", "verification_method": "ocr+trace", "duration": 7.85, "full_text_visible_at": 6.84, "hold_after_full_text": 1.01, "passed": true}, {"beat": "exemple", "expected_words": 17, "first_word": "exemple", "last_word": "communaute", "rendered_words": 33, "missing_words": [], "ocr_text": "SE MARIER SANS CONTRAT, C'EST DEJA CHOISIR UN REGIME EXEMPLE: UN HERITAGE REGU RESTE VOTRE BIEN PROPRE ; UNE PAIE EPARGNEE PENDANT LE MARIAGE ALIMENTE LA COMMUNAUTE. 06108 Information generale • pas un conseil personnalise", "render_trace": "Exemple : un héritage reçu reste votre bien propre ; une paie épargnée pendant le mariage alimente la communauté.", "verification_method": "ocr+trace", "duration": 7.17, "full_text_visible_at": 6.228, "hold_after_full_text": 0.942, "passed": true}, {"beat": "nuance", "expected_words": 22, "first_word": "attention", "last_word": "recompense", "rendered_words": 38, "missing_words": [], "ocr_text": "SE MARIER SANS CONTRAT, C'EST DEJA CHOISIR UN REGIME AThENTION AU MELANGE DE FONDS : VERSER UN HERITAGE SUR UN COMPTE COMMUN CREE UN ENJEU DE PREUVE ET PEUT ENTRAiNER UNE RECOMPENSE. 07108 Information generale • pas un conseil personnalise", "render_trace": "Attention au mélange de fonds : verser un héritage sur un compte commun crée un enjeu de preuve et peut entraîner une récompense.", "verification_method": "ocr+trace", "duration": 6.85, "full_text_visible_at": 5.94, "hold_after_full_text": 0.91, "passed": true}, {"beat": "cta", "expected_words": 11, "first_word": "abonnez", "last_word": "patrimoine", "rendered_words": 33, "missing_words": [], "ocr_text": "SE MARIER SANS CONTRAT, C'EST DEJA CHOISIR UN REGIME POUR ALLER PLUS LOIN AIMEZ PARTAGEZ ABONNEZ-VOUS POUR D'AUTRES ASTUCES SUR LA GESTION DE VOTRE PATRIMOINE 08108 Information generale • pas un conseil personnalise", "render_trace": "Abonnez-vous pour d'autres astuces sur la gestion de votre patrimoine.", "verification_method": "ocr+trace", "duration": 3.36, "full_text_visible_at": 3.024, "hold_after_full_text": 0.336, "passed": true}], "failures": [], "ocr_status": "effectué"}
{"passed": true, "failures": [], "expected_duration": 46.95, "target_duration": [40, 58], "resolution": "1080x1920", "audio": true, "word_check": true, "layout_check": "zones fixes sans chevauchement"}
Loaded multilingual tokenizer (NFKD,fullcase preprocessing)
Loading S3Tokenizer from mlx-community/S3TokenizerV2...
Loaded S3Tokenizer weights
Warning: conds.safetensors not found - ref_audio will be required
{"passed": true, "video": "/Users/mikael_piselli/BRITED_STUDIO_FINAL/production/2026-08-24/slot-1/shorts/regimes_communaute_par_defaut__shorts.mp4", "expected_total_words": 138, "beats": [{"beat": "hook", "expected_words": 7, "first_word": "se", "last_word": "neutre", "rendered_words": 23, "missing_words": [], "ocr_text": "SE MARIER SANS CONTRAT, C'EST DEJA CHOISIR UN REGIME SE MARIER SANS CONTRAT, EST.CE NEUTRE ? 01108 Information generale • pas un conseil personnalise", "render_trace": "Se marier sans contrat, est-ce neutre ?", "verification_method": "ocr+trace", "duration": 2.572, "full_text_visible_at": 2.09, "hold_after_full_text": 0.482, "passed": true}, {"beat": "reponse", "expected_words": 16, "first_word": "non", "last_word": "acquets", "rendered_words": 32, "missing_words": [], "ocr_text": "SE MARIER SANS CONTRAT, C'EST DEJA CHOISIR UN REGIME NON EN L'ABSENCE DE CONTRAT, LE REGIME LEGAL EST CELUI DE LA COMMUNAUTE REDUITE AUX ACQUETS. 02108 Information generale • pas un conseil personnalise", "render_trace": "Non. En l'absence de contrat, le régime légal est celui de la communauté réduite aux acquêts.", "verification_method": "ocr+trace", "duration": 5.29, "full_text_visible_at": 4.536, "hold_after_full_text": 0.754, "passed": true}, {"beat": "regle", "expected_words": 25, "first_word": "entrent", "last_word": "revenus", "rendered_words": 41, "missing_words": [], "ocr_text": "SE MARIER SANS CONTRAT, C'EST DEJA CHOISIR UN REGIME ENTRENT EN PRINCIPE DANS LA COMMUNAUTE LES BIENS ACQUIS PENDANT LE MARIAGE, AINSI QUE LES GAINS, LES SALAIRES ET LES ECONOMIES CONSTITUEES AVEC CES REVENUS. 03108 Information generale • pas un conseil personnalise", "render_trace": "Entrent en principe dans la communauté les biens acquis pendant le mariage, ainsi que les gains, les salaires et les économies constituées avec ces revenus.", "verification_method": "ocr+trace", "duration": 7.21, "full_text_visible_at": 6.264, "hold_after_full_text": 0.946, "passed": true}, {"beat": "regle", "expected_words": 17, "first_word": "restent", "last_word": "succession", "rendered_words": 33, "missing_words": [], "ocr_text": "SE MARIER SANS CONTRAT, C'EST DEJA CHOISIR UN REGIME RESTENT PROPRES LES BIENS POSSEDES AVANT LE MARIAGE, AINSI QUE CEUX REGUS PERSONNELLEMENT PAR DONATION OU SUCCESSION. 04108 Information generale • pas un conseil personnalise", "render_trace": "Restent propres les biens possédés avant le mariage, ainsi que ceux reçus personnellement par donation ou succession.", "verification_method": "ocr+trace", "duration": 6.65, "full_text_visible_at": 5.76, "hold_after_full_text": 0.89, "passed": true}, {"beat": "regle", "expected_words": 23, "first_word": "l'article", "last_word": "mariage", "rendered_words": 39, "missing_words": [], "ocr_text": "SE MARIER SANS CONTRAT, C'EST DEJA CHOISIR UN REGIME L'ARTICLE 223 PERMET CEPENDANT A CHAQUE EPOUX DE PERCEVOIR SES GAINS ET SALAIRES ET D'EN DISPOSER APRES S'ETRE ACQUITtE DES CHARGES DU MARIAGE. 05108 Information generale • pas un conseil personnalise", "render_trace": "L'article 223 permet cependant à chaque époux de percevoir ses gains et salaires et d'en disposer après s'être acquitté des charges du mariage.", "verification_method": "ocr+trace", "duration": 7.85, "full_text_visible_at": 6.84, "hold_after_full_text": 1.01, "passed": true}, {"beat": "exemple", "expected_words": 17, "first_word": "exemple", "last_word": "communaute", "rendered_words": 33, "missing_words": [], "ocr_text": "SE MARIER SANS CONTRAT, C'EST DEJA CHOISIR UN REGIME EXEMPLE: UN HERITAGE REGU RESTE VOTRE BIEN PROPRE ; UNE PAIE EPARGNEE PENDANT LE MARIAGE ALIMENTE LA COMMUNAUTE. 06108 Information generale • pas un conseil personnalise", "render_trace": "Exemple : un héritage reçu reste votre bien propre ; une paie épargnée pendant le mariage alimente la communauté.", "verification_method": "ocr+trace", "duration": 7.17, "full_text_visible_at": 6.228, "hold_after_full_text": 0.942, "passed": true}, {"beat": "nuance", "expected_words": 22, "first_word": "attention", "last_word": "recompense", "rendered_words": 38, "missing_words": [], "ocr_text": "SE MARIER SANS CONTRAT, C'EST DEJA CHOISIR UN REGIME AThENTION AU MELANGE DE FONDS : VERSER UN HERITAGE SUR UN COMPTE COMMUN CREE UN ENJEU DE PREUVE ET PEUT ENTRAiNER UNE RECOMPENSE. 07108 Information generale • pas un conseil personnalise", "render_trace": "Attention au mélange de fonds : verser un héritage sur un compte commun crée un enjeu de preuve et peut entraîner une récompense.", "verification_method": "ocr+trace", "duration": 6.85, "full_text_visible_at": 5.94, "hold_after_full_text": 0.91, "passed": true}, {"beat": "cta", "expected_words": 11, "first_word": "abonnez", "last_word": "patrimoine", "rendered_words": 33, "missing_words": [], "ocr_text": "SE MARIER SANS CONTRAT, C'EST DEJA CHOISIR UN REGIME POUR ALLER PLUS LOIN : AIMEZ PARTAGEZ ABONNEZ-VOUS POUR D'AUTRES ASTUCES SUR LA GESTION DE VOTRE PATRIMOINE 08108 Information generale • pas un conseil personnalise", "render_trace": "Abonnez-vous pour d'autres astuces sur la gestion de votre patrimoine.", "verification_method": "ocr+trace", "duration": 3.36, "full_text_visible_at": 3.024, "hold_after_full_text": 0.336, "passed": true}], "failures": [], "ocr_status": "effectué"}
{"passed": true, "failures": [], "expected_duration": 46.95, "target_duration": [40, 58], "resolution": "1080x1920", "audio": true, "word_check": true, "layout_check": "zones fixes sans chevauchement"}
Loaded multilingual tokenizer (NFKD,fullcase preprocessing)
Loading S3Tokenizer from mlx-community/S3TokenizerV2...
Loaded S3Tokenizer weights
Warning: conds.safetensors not found - ref_audio will be required
[94mText:[0m Changer de régime matrimonial, c’est possible. Mais est-ce neutre ?
[94mVoice:[0m af_heart
[94mSpeed:[0m 0.84x
[94mLanguage:[0m fr
[94mText:[0m Peut-on le faire sans attendre deux ans ?
[94mVoice:[0m af_heart
[94mSpeed:[0m 0.94x
[94mLanguage:[0m fr
[94mText:[0m Oui. Un acte notarié suffit, sans délai minimum, et liquide l’ancien régime.
[94mVoice:[0m af_heart
[94mSpeed:[0m 0.94x
[94mLanguage:[0m fr
[94mText:[0m Le notaire informe enfants majeurs et créanciers, qui peuvent s’opposer pendant trois mois. En cas d’opposition, le tribunal homologue l’acte. Pour un mineur,
[94mVoice:[0m af_heart
[94mSpeed:[0m 0.94x
[94mLanguage:[0m fr
[94mText:[0m le notaire peut saisir le juge si ses intérêts semblent menacés.
[94mVoice:[0m af_heart
[94mSpeed:[0m 0.94x
[94mLanguage:[0m fr
[94mText:[0m Exemple : un entrepreneur choisit la séparation de biens pour isoler le patrimoine du conjoint du risque professionnel.
[94mVoice:[0m af_heart
[94mSpeed:[0m 0.94x
[94mLanguage:[0m fr
[94mText:[0m Avec une communauté universelle attribuée intégralement, les enfants n’utilisent pas l’abattement au premier décès.
[94mVoice:[0m af_heart
[94mSpeed:[0m 0.94x
[94mLanguage:[0m fr
[94mText:[0m Vous souhaitez faire le point ? Rendez-vous via le lien dans ma bio.
[94mVoice:[0m af_heart
[94mSpeed:[0m 0.94x
[94mLanguage:[0m fr
Loaded multilingual tokenizer (NFKD,fullcase preprocessing)
Loading S3Tokenizer from mlx-community/S3TokenizerV2...
Loaded S3Tokenizer weights
Warning: conds.safetensors not found - ref_audio will be required
[94mText:[0m Vous pensez changer de régime matrimonial en cours de mariage ?
[94mVoice:[0m af_heart
[94mSpeed:[0m 0.84x
[94mLanguage:[0m fr
[94mText:[0m Question : Peut-on changer de régime sans délai ni condition ?
[94mVoice:[0m af_heart
[94mSpeed:[0m 0.94x
[94mLanguage:[0m fr
[94mText:[0m Oui, en principe par acte notarié.
[94mVoice:[0m af_heart
[94mSpeed:[0m 0.94x
[94mLanguage:[0m fr
[94mText:[0m Le notaire informe les enfants majeurs et les créanciers : ils disposent de trois mois pour s'opposer.
[94mVoice:[0m af_heart
[94mSpeed:[0m 0.94x
[94mLanguage:[0m fr
[94mText:[0m Exemple : un entrepreneur choisit la séparation de biens pour isoler le patrimoine du conjoint du risque professionnel.
[94mVoice:[0m af_heart
[94mSpeed:[0m 0.94x
[94mLanguage:[0m fr
[94mText:[0m En cas d'opposition, le tribunal homologue l'acte. Pour un mineur, le notaire peut saisir le juge si ses intérêts semblent menacés. Le changement impose aussi de liquider l'ancien régime et parfois une publicité foncière.
[94mVoice:[0m af_heart
[94mSpeed:[0m 0.94x
[94mLanguage:[0m fr
[94mText:[0m Vous souhaitez faire le point ? Rendez-vous via le lien dans ma bio.
[94mVoice:[0m af_heart
[94mSpeed:[0m 0.94x
[94mLanguage:[0m fr
Loaded multilingual tokenizer (NFKD,fullcase preprocessing)
Loading S3Tokenizer from mlx-community/S3TokenizerV2...
Loaded S3Tokenizer weights
Warning: conds.safetensors not found - ref_audio will be required
[94mText:[0m Vous pouvez changer de régime matrimonial en cours de mariage ?
[94mVoice:[0m af_heart
[94mSpeed:[0m 0.84x
[94mLanguage:[0m fr
[94mText:[0m Oui, généralement c’est possible par acte notarié.
[94mVoice:[0m af_heart
[94mSpeed:[0m 0.94x
[94mLanguage:[0m fr
[94mText:[0m Le notaire vérifie l’intérêt familial, informe les enfants majeurs et publie pour prévenir les créanciers ; ceux-ci disposent de trois mois pour s’opposer. En cas d’opposition,
[94mVoice:[0m af_heart
[94mSpeed:[0m 0.94x
[94mLanguage:[0m fr
[94mText:[0m le tribunal homologue l’acte. Pour un enfant mineur, le notaire peut saisir le juge s’il redoute une atteinte à ses intérêts.
[94mVoice:[0m af_heart
[94mSpeed:[0m 0.94x
[94mLanguage:[0m fr
[94mText:[0m Le changement oblige à liquider l’ancien régime : il faut établir la composition des patrimoines, calculer les récompenses et, si des immeubles sont concernés,
[94mVoice:[0m af_heart
[94mSpeed:[0m 0.94x
[94mLanguage:[0m fr
[94mText:[0m faire la publicité foncière. Exemple : un chef d’entreprise peut passer à la séparation de biens pour protéger le patrimoine du conjoint des risques professionnels.
[94mVoice:[0m af_heart
[94mSpeed:[0m 0.94x
[94mLanguage:[0m fr
[94mText:[0m Attention : la communauté universelle peut priver les enfants de l’abattement sur la succession du premier parent.
[94mVoice:[0m af_heart
[94mSpeed:[0m 0.94x
[94mLanguage:[0m fr
[94mText:[0m Vous souhaitez faire le point sur votre situation ? Prenez rendez-vous via le lien sur mon profil.
[94mVoice:[0m af_heart
[94mSpeed:[0m 0.94x
[94mLanguage:[0m fr
Loaded multilingual tokenizer (NFKD,fullcase preprocessing)
Loading S3Tokenizer from mlx-community/S3TokenizerV2...
Loaded S3Tokenizer weights
Warning: conds.safetensors not found - ref_audio will be required
{"passed": true, "video": "/Users/mikael_piselli/BRITED_STUDIO_FINAL/production/2026-08-24/slot-2/tiktok/regimes_changement__tiktok.mp4", "expected_total_words": 108, "beats": [{"beat": "hook", "expected_words": 10, "first_word": "changer", "last_word": "neutre", "rendered_words": 27, "missing_words": [], "ocr_text": "CHANGER DE REGIME MATRIMONIAL EN COURS DE MARIAGE CHANGER DE REGIME MATRIMONIAL, C'EST POSSIBLE. MAIS EST.CE NEUTRE ? o,o 01108 Information generale • pas un conseil personnalise", "render_trace": "Changer de régime matrimonial, c’est possible. Mais est-ce neutre ?", "verification_method": "ocr+trace", "duration": 3.978, "full_text_visible_at": 3.371, "hold_after_full_text": 0.607, "passed": true}, {"beat": "question", "expected_words": 8, "first_word": "peut", "last_word": "ans", "rendered_words": 32, "missing_words": [], "ocr_text": "CHANGER DE REGIME MATRIMONIAL EN COURS DE MARIAGE A VOUS DE JOUER PEUT.ON LE FAIRE SANS AThENDRE DEUX ANS ? oui NON LA REPONSE ARRIVE 02108 Information generale • pas un conseil personnalise", "render_trace": "Peut-on le faire sans attendre deux ans ?", "verification_method": "ocr+trace", "duration": 5.569, "full_text_visible_at": 1.738, "hold_after_full_text": 3.831, "passed": true}, {"beat": "reponse", "expected_words": 12, "first_word": "oui", "last_word": "regime", "rendered_words": 27, "missing_words": [], "ocr_text": "CHANGER DE REGIME MATRIMONIAL EN COURS DE MARIAGE OUI. UN ACTE NOTARIE SUFFIT. SANS DELAI MINIMUM, ET LIQUIDE L'ANCIEN REGIME. 03108 Information generale • pas un conseil personnalise", "render_trace": "Oui. Un acte notarié suffit, sans délai minimum, et liquide l’ancien régime.", "verification_method": "ocr+trace", "duration": 4.576, "full_text_visible_at": 3.909, "hold_after_full_text": 0.667, "passed": true}, {"beat": "regle_1", "expected_words": 23, "first_word": "le", "last_word": "mineur", "rendered_words": 38, "missing_words": [], "ocr_text": "CHANGER DE REGIME MATRIMONIAL EN COURS DE MARIAGE LE NOTAIRE INFORME ENFANTS MAJEURS ET CREANCIERS, QUI PEUVENT S'OPPOSER PENDANT TROIS MOIS. EN CAS D'OPPOSITION, LE TRIBUNAL HOMOLOGUE L'ACTE. POUR UN MINEUR, 04108 Information generale • pas un conseil personnalise", "render_trace": "Le notaire informe enfants majeurs et créanciers, qui peuvent s’opposer pendant trois mois. En cas d’opposition, le tribunal homologue l’acte. Pour un mineur,", "verification_method": "ocr+trace", "duration": 7.36, "full_text_visible_at": 6.416, "hold_after_full_text": 0.944, "passed": true}, {"beat": "regle_2", "expected_words": 11, "first_word": "le", "last_word": "menaces", "rendered_words": 26, "missing_words": [], "ocr_text": "CHANGER DE REGIME MATRIMONIAL EN COURS DE MARIAGE LE NOTAIRE PEUT SAISIR LE JUGE SI SES INTERETS SEMBLENT MENACES. 05108 Information generale • pas un conseil personnalise", "render_trace": "le notaire peut saisir le juge si ses intérêts semblent menacés.", "verification_method": "ocr+trace", "duration": 3.573, "full_text_visible_at": 3.007, "hold_after_full_text": 0.566, "passed": true}, {"beat": "exemple", "expected_words": 17, "first_word": "exemple", "last_word": "professionnel", "rendered_words": 32, "missing_words": [], "ocr_text": "CHANGER DE REGIME MATRIMONIAL EN COURS DE MARIAGE EXEMPLE: UN ENTREPRENEUR CHOISIT LA SEPARATION DE BIENS POUR ISOLER LE PATRIMOINE DU CONJOINT DU RISQUE PROFESSIONNEL. 06108 Information generale • pas un conseil personnalise", "render_trace": "Exemple : un entrepreneur choisit la séparation de biens pour isoler le patrimoine du conjoint du risque professionnel.", "verification_method": "ocr+trace", "duration": 5.95, "full_text_visible_at": 5.146, "hold_after_full_text": 0.804, "passed": true}, {"beat": "nuance", "expected_words": 14, "first_word": "avec", "last_word": "deces", "rendered_words": 29, "missing_words": [], "ocr_text": "CHANGER DE REGIME MATRIMONIAL EN COURS DE MARIAGE AVEC UNE COMMUNAUTE UNIVERSELLE AThRIBUEE INTEGRALEMENT, LES ENFANTS N'UTILISENT PAS L'ABAThEMENT AU PREMIER DECES. 07108 Information generale • pas un conseil personnalise", "render_trace": "Avec une communauté universelle attribuée intégralement, les enfants n’utilisent pas l’abattement au premier décès.", "verification_method": "ocr+trace", "duration": 5.69, "full_text_visible_at": 4.912, "hold_after_full_text": 0.778, "passed": true}, {"beat": "cta", "expected_words": 13, "first_word": "vous", "last_word": "bio", "rendered_words": 32, "missing_words": [], "ocr_text": "CHANGER DE REGIME MATRIMONIAL EN COURS DE MARIAGE VOUS SOUHAITEZ FAIRE LE POINT SUR VOTRE SITUATION ? PRENEZ RENDEZ.VOUS VIA LE LIEN DANS MA BIO 08108 Information generale • pas un conseil personnalise", "render_trace": "Vous souhaitez faire le point ? Rendez-vous via le lien dans ma bio.", "verification_method": "ocr+trace", "duration": 3.304, "full_text_visible_at": 2.974, "hold_after_full_text": 0.33, "passed": true}], "failures": [], "ocr_status": "effectué"}
{"passed": true, "failures": [], "expected_duration": 40.0, "target_duration": [38, 42], "resolution": "1080x1920", "audio": true, "word_check": true, "layout_check": "zones fixes sans chevauchement"}
Loaded multilingual tokenizer (NFKD,fullcase preprocessing)
Loading S3Tokenizer from mlx-community/S3TokenizerV2...
Loaded S3Tokenizer weights
Warning: conds.safetensors not found - ref_audio will be required
{"passed": true, "video": "/Users/mikael_piselli/BRITED_STUDIO_FINAL/production/2026-08-24/slot-2/reels/regimes_changement__reels.mp4", "expected_total_words": 106, "beats": [{"beat": "hook", "expected_words": 10, "first_word": "vous", "last_word": "mariage", "rendered_words": 27, "missing_words": [], "ocr_text": "CHANGER DE REGIME MATRIMONIAL EN COURS DE MARIAGE VOUS PENSEZ CHANGER DE REGIME MATRIMONIAL EN COURS DE MARIAGE ? o,o 01107 Information generale • pas un conseil personnalise", "render_trace": "Vous pensez changer de régime matrimonial en cours de mariage ?", "verification_method": "ocr+trace", "duration": 4.666, "full_text_visible_at": 2.303, "hold_after_full_text": 2.363, "passed": true}, {"beat": "question", "expected_words": 10, "first_word": "question", "last_word": "condition", "rendered_words": 34, "missing_words": [], "ocr_text": "CHANGER DE REGIME MATRIMONIAL EN COURS DE MARIAGE A VOUS DE JOUER QUESTION : PEUT.ON CHANGER DE REGIME SANS DELAI NI CONDITION ? oui NON LA REPONSE ARRIVE 02107 Information generale • pas un conseil personnalise", "render_trace": "Question : Peut-on changer de régime sans délai ni condition ?", "verification_method": "ocr+trace", "duration": 4.959, "full_text_visible_at": 2.648, "hold_after_full_text": 2.311, "passed": true}, {"beat": "reponse", "expected_words": 6, "first_word": "oui", "last_word": "notarie", "rendered_words": 21, "missing_words": [], "ocr_text": "CHANGER DE REGIME MATRIMONIAL EN COURS DE MARIAGE OUI, EN PRINCIPE PAR ACTE NOTARIE. 03107 Information generale • pas un conseil personnalise", "render_trace": "Oui, en principe par acte notarié.", "verification_method": "ocr+trace", "duration": 2.388, "full_text_visible_at": 1.964, "hold_after_full_text": 0.424, "passed": true}, {"beat": "regle", "expected_words": 16, "first_word": "le", "last_word": "s'opposer", "rendered_words": 31, "missing_words": [], "ocr_text": "CHANGER DE REGIME MATRIMONIAL EN COURS DE MARIAGE LE NOTAIRE INFORME LES ENFANTS MAJEURS ET LES CREANCIERS : ILS DISPOSENT DE TROIS MOIS POUR S'OPPOSER. 04107 Information generale • pas un conseil personnalise", "render_trace": "Le notaire informe les enfants majeurs et les créanciers : ils disposent de trois mois pour s'opposer.", "verification_method": "ocr+trace", "duration": 4.405, "full_text_visible_at": 3.778, "hold_after_full_text": 0.627, "passed": true}, {"beat": "exemple", "expected_words": 17, "first_word": "exemple", "last_word": "professionnel", "rendered_words": 32, "missing_words": [], "ocr_text": "CHANGER DE REGIME MATRIMONIAL EN COURS DE MARIAGE EXEMPLE: UN ENTREPRENEUR CHOISIT LA SEPARATION DE BIENS POUR ISOLER LE PATRIMOINE DU CONJOINT DU RISQUE PROFESSIONNEL. 05107 Information generale • pas un conseil personnalise", "render_trace": "Exemple : un entrepreneur choisit la séparation de biens pour isoler le patrimoine du conjoint du risque professionnel.", "verification_method": "ocr+trace", "duration": 5.661, "full_text_visible_at": 4.909, "hold_after_full_text": 0.752, "passed": true}, {"beat": "nuance", "expected_words": 34, "first_word": "en", "last_word": "fonciere", "rendered_words": 49, "missing_words": [], "ocr_text": "CHANGER DE REGIME MATRIMONIAL EN COURS DE MARIAGE EN CAS D'OPPOSITION, LE TRIBUNAL HOMOLOGUE L'ACTE. POUR UN MINEUR, LE NOTAIRE PEUT SAISIR LE JUGE SI SES INTERETS SEMBLENT MENACES. LE CHANGEMENT IMPOSE AUSSI DE LIQUIDER L'ANCIEN REGIME ET PARFOIS UNE PUBLICITE FONCIERE. 06107 Information generale • pas un conseil personnalise", "render_trace": "En cas d'opposition, le tribunal homologue l'acte. Pour un mineur, le notaire peut saisir le juge si ses intérêts semblent menacés. Le changement impose aussi de liquider l'ancien régime et parfois une publicité foncière.", "verification_method": "ocr+trace", "duration": 10.38, "full_text_visible_at": 7.706, "hold_after_full_text": 2.674, "passed": true}, {"beat": "cta", "expected_words": 13, "first_word": "vous", "last_word": "bio", "rendered_words": 32, "missing_words": [], "ocr_text": "CHANGER DE REGIME MATRIMONIAL EN COURS DE MARIAGE VOUS SOUHAITEZ FAIRE LE POINT SUR VOTRE SITUATION ? PRENEZ RENDEZ.VOUS VIA LE LIEN DANS MA BIO 07107 Information generale • pas un conseil personnalise", "render_trace": "Vous souhaitez faire le point ? Rendez-vous via le lien dans ma bio.", "verification_method": "ocr+trace", "duration": 3.041, "full_text_visible_at": 2.737, "hold_after_full_text": 0.304, "passed": true}], "failures": [], "ocr_status": "effectué"}
{"passed": true, "failures": [], "expected_duration": 35.5, "target_duration": [28, 40], "resolution": "1080x1920", "audio": true, "word_check": true, "layout_check": "zones fixes sans chevauchement"}
{"passed": true, "threshold_strictly_above": 9.5, "overall": 9.8, "criteria": {"Accroche dans les premières secondes": 9.8, "Rétention et rythme": 9.7, "Lisibilité mobile": 9.8, "Synchronisation texte et voix": 10.0, "Narration visuelle": 9.7, "Interaction question-réponse": 9.8, "Valeur enregistrable": 9.7, "Potentiel de partage privé": 9.7, "CTA Instagram": 9.8, "Sécurité et intégrité": 10.0}, "evidence": {"duration": 35.5, "resolution": "1080x1920", "missing_words": 0, "pages": 7, "renderer": "BRITED deterministic renderer v2"}}
Loaded multilingual tokenizer (NFKD,fullcase preprocessing)
Loading S3Tokenizer from mlx-community/S3TokenizerV2...
Loaded S3Tokenizer weights
Warning: conds.safetensors not found - ref_audio will be required
{"passed": true, "video": "/Users/mikael_piselli/BRITED_STUDIO_FINAL/production/2026-08-24/slot-2/shorts/regimes_changement__shorts.mp4", "expected_total_words": 144, "beats": [{"beat": "hook", "expected_words": 10, "first_word": "vous", "last_word": "mariage", "rendered_words": 25, "missing_words": [], "ocr_text": "CHANGER DE REGIME MATRIMONIAL EN COURS DE MARIAGE VOUS POUVEZ CHANGER DE REGIME MATRIMONIAL EN COURS DE MARIAGE ? 01108 Information generale • pas un conseil personnalise", "render_trace": "Vous pouvez changer de régime matrimonial en cours de mariage ?", "verification_method": "ocr+trace", "duration": 3.343, "full_text_visible_at": 2.784, "hold_after_full_text": 0.559, "passed": true}, {"beat": "reponse", "expected_words": 7, "first_word": "oui", "last_word": "notarie", "rendered_words": 22, "missing_words": [], "ocr_text": "CHANGER DE REGIME MATRIMONIAL EN COURS DE MARIAGE oui, GENERALEMENT C'EST POSSIBLE PAR ACTE NOTARIE. 02108 Information generale • pas un conseil personnalise", "render_trace": "Oui, généralement c’est possible par acte notarié.", "verification_method": "ocr+trace", "duration": 3.33, "full_text_visible_at": 2.772, "hold_after_full_text": 0.558, "passed": true}, {"beat": "regle_1", "expected_words": 26, "first_word": "le", "last_word": "d'opposition", "rendered_words": 41, "missing_words": [], "ocr_text": "CHANGER DE REGIME MATRIMONIAL EN COURS DE MARIAGE LE NOTAIRE VERIFIE L'INTERET FAMILIAL, INFORME LES ENFANTS MAJEURS ET PUBLIE POUR PREVENIR LES CREANCIERS CEUX.CI DISPOSENT DE TROIS MOIS POUR S'OPPOSER. EN CAS D'OPPOSITION, 03108 Information generale • pas un conseil personnalise", "render_trace": "Le notaire vérifie l’intérêt familial, informe les enfants majeurs et publie pour prévenir les créanciers ; ceux-ci disposent de trois mois pour s’opposer. En cas d’opposition,", "verification_method": "ocr+trace", "duration": 8.37, "full_text_visible_at": 7.308, "hold_after_full_text": 1.062, "passed": true}, {"beat": "regle_2", "expected_words": 21, "first_word": "le", "last_word": "interets", "rendered_words": 36, "missing_words": [], "ocr_text": "CHANGER DE REGIME MATRIMONIAL EN COURS DE MARIAGE LE TRIBUNAL HOMOLOGUE L'ACTE. POUR UN ENFANT MINEUR, LE NOTAIRE PEUT SAISIR LE JUGE S'IL REDOUTE UNE ATtEINTE A SES INTERETS. 04108 Information generale • pas un conseil personnalise", "render_trace": "le tribunal homologue l’acte. Pour un enfant mineur, le notaire peut saisir le juge s’il redoute une atteinte à ses intérêts.", "verification_method": "ocr+trace", "duration": 6.57, "full_text_visible_at": 5.688, "hold_after_full_text": 0.882, "passed": true}, {"beat": "exemple_1", "expected_words": 23, "first_word": "le", "last_word": "concernes", "rendered_words": 38, "missing_words": [], "ocr_text": "CHANGER DE REGIME MATRIMONIAL EN COURS DE MARIAGE LE CHANGEMENT OBLIGE A LIQUIDER L'ANCIEN REGIME : IL FAUT ETABLIR LA COMPOSITION DES PATRIMOINES, CALCULER LES RECOMPENSES ET, SI DES IMMEUBLES SONT CONCERNES, 05108 Information generale • pas un conseil personnalise", "render_trace": "Le changement oblige à liquider l’ancien régime : il faut établir la composition des patrimoines, calculer les récompenses et, si des immeubles sont concernés,", "verification_method": "ocr+trace", "duration": 8.29, "full_text_visible_at": 7.236, "hold_after_full_text": 1.054, "passed": true}, {"beat": "exemple_2", "expected_words": 24, "first_word": "faire", "last_word": "professionnels", "rendered_words": 38, "missing_words": [], "ocr_text": "CHANGER DE REGIME MATRIMONIAL EN COURS DE MARIAGE FAIRE LA PUBLICITE FONCIERE. EXEMPLE UN CHEF D'ENTREPRISE PEUT PASSER A LASEPARATION DE BIENS POUR PROTEGER LE PATRIMOINE DU CONJOINT DES RISQUES PROFESSIONNELS. 06108 Information generale • pas un conseil personnalise", "render_trace": "faire la publicité foncière. Exemple : un chef d’entreprise peut passer à la séparation de biens pour protéger le patrimoine du conjoint des risques professionnels.", "verification_method": "ocr+trace", "duration": 7.93, "full_text_visible_at": 6.912, "hold_after_full_text": 1.018, "passed": true}, {"beat": "nuance", "expected_words": 16, "first_word": "attention", "last_word": "parent", "rendered_words": 31, "missing_words": [], "ocr_text": "CHANGER DE REGIME MATRIMONIAL EN COURS DE MARIAGE AThENTION : LA COMMUNAUTE UNIVERSELLE PEUT PRIVER LES ENFANTS DE L'ABAThEMENT SUR LA SUCCESSION DU PREMIER PARENT. 07108 Information generale • pas un conseil personnalise", "render_trace": "Attention : la communauté universelle peut priver les enfants de l’abattement sur la succession du premier parent.", "verification_method": "ocr+trace", "duration": 6.37, "full_text_visible_at": 5.508, "hold_after_full_text": 0.862, "passed": true}, {"beat": "cta", "expected_words": 17, "first_word": "vous", "last_word": "profil", "rendered_words": 32, "missing_words": [], "ocr_text": "CHANGER DE REGIME MATRIMONIAL EN COURS DE MARIAGE VOUS SOUHAITEZ FAIRE LE POINT SUR VOTRE SITUATION ? PRENEZ RENDEZ.VOUS VIA LE LIEN SUR MON PROFIL 08108 Information generale • pas un conseil personnalise", "render_trace": "Vous souhaitez faire le point sur votre situation ? Prenez rendez-vous via le lien sur mon profil.", "verification_method": "ocr+trace", "duration": 5.12, "full_text_visible_at": 4.608, "hold_after_full_text": 0.512, "passed": true}], "failures": [], "ocr_status": "effectué"}
{"passed": true, "failures": [], "expected_duration": 49.32, "target_duration": [40, 58], "resolution": "1080x1920", "audio": true, "word_check": true, "layout_check": "zones fixes sans chevauchement"}
Loaded multilingual tokenizer (NFKD,fullcase preprocessing)
Loading S3Tokenizer from mlx-community/S3TokenizerV2...
Loaded S3Tokenizer weights
Warning: conds.safetensors not found - ref_audio will be required
[94mText:[0m Changer de régime est possible. Mais le notaire suffit-il ?
[94mVoice:[0m af_heart
[94mSpeed:[0m 0.84x
[94mLanguage:[0m fr
[94mText:[0m Selon vous, l’acte notarié suffit-il ?
[94mVoice:[0m af_heart
[94mSpeed:[0m 0.94x
[94mLanguage:[0m fr
[94mText:[0m Non. L’acte est indispensable, mais d’autres étapes s’ajoutent.
[94mVoice:[0m af_heart
[94mSpeed:[0m 0.94x
[94mLanguage:[0m fr
[94mText:[0m Les enfants majeurs et les créanciers sont informés. Ils disposent de trois mois pour s’opposer.
[94mVoice:[0m af_heart
[94mSpeed:[0m 0.94x
[94mLanguage:[0m fr
[94mText:[0m En cas d’opposition, le tribunal homologue l’acte. Pour un mineur, le notaire peut saisir le juge si ses intérêts semblent menacés.
[94mVoice:[0m af_heart
[94mSpeed:[0m 0.94x
[94mLanguage:[0m fr
[94mText:[0m Exemple : un entrepreneur choisit la séparation de biens pour mieux isoler son conjoint du risque professionnel.
[94mVoice:[0m af_heart
[94mSpeed:[0m 0.94x
[94mLanguage:[0m fr
[94mText:[0m Attention : ce choix peut avoir des conséquences successorales et fiscales. Mesurez ses effets avant de signer.
[94mVoice:[0m af_heart
[94mSpeed:[0m 0.94x
[94mLanguage:[0m fr
[94mText:[0m Vous souhaitez faire le point sur votre situation ? Prenez rendez-vous via le lien dans ma bio.
[94mVoice:[0m af_heart
[94mSpeed:[0m 0.94x
[94mLanguage:[0m fr
{"passed": true, "video": "/Users/mikael_piselli/BRITED_STUDIO_FINAL/production/2026-08-24/slot-2/tiktok/regimes_changement__tiktok.mp4", "expected_total_words": 109, "beats": [{"beat": "hook", "expected_words": 10, "first_word": "changer", "last_word": "il", "rendered_words": 27, "missing_words": [], "ocr_text": "CHANGER DE REGIME MATRIMONIAL EN COURS DE MARIAGE CHANGER DE REGIME EST POSSIBLE. MAIS LE NOTAIRE SUFFIT.IL ? o,o 01108 Information generale • pas un conseil personnalise", "render_trace": "Changer de régime est possible. Mais le notaire suffit-il ?", "verification_method": "ocr+trace", "duration": 3.434, "full_text_visible_at": 2.879, "hold_after_full_text": 0.555, "passed": true}, {"beat": "question", "expected_words": 6, "first_word": "selon", "last_word": "il", "rendered_words": 30, "missing_words": [], "ocr_text": "CHANGER DE REGIME MATRIMONIAL EN COURS DE MARIAGE A VOUS DE JOUER SELON VOUS, L'ACTE NOTARIE SUFFIT.IL ? oui NON LA REPONSE ARRIVE 02108 Information generale • pas un conseil personnalise", "render_trace": "Selon vous, l’acte notarié suffit-il ?", "verification_method": "ocr+trace", "duration": 5.653, "full_text_visible_at": 2.171, "hold_after_full_text": 3.482, "passed": true}, {"beat": "reponse", "expected_words": 8, "first_word": "non", "last_word": "s'ajoutent", "rendered_words": 23, "missing_words": [], "ocr_text": "CHANGER DE REGIME MATRIMONIAL EN COURS DE MARIAGE NON. L'ACTE EST INDISPENSABLE, MAIS D'AUTRES ETAPES S'AJOUTENT. 03108 Information generale • pas un conseil personnalise", "render_trace": "Non. L’acte est indispensable, mais d’autres étapes s’ajoutent.", "verification_method": "ocr+trace", "duration": 4.494, "full_text_visible_at": 3.833, "hold_after_full_text": 0.661, "passed": true}, {"beat": "regle", "expected_words": 15, "first_word": "les", "last_word": "s'opposer", "rendered_words": 30, "missing_words": [], "ocr_text": "CHANGER DE REGIME MATRIMONIAL EN COURS DE MARIAGE LES ENFANTS MAJEURS ET LES CREANCIERS SONT INFORMES. ILS DISPOSENT DE TROIS MOIS POUR S'OPPOSER. 04108 Information generale • pas un conseil personnalise", "render_trace": "Les enfants majeurs et les créanciers sont informés. Ils disposent de trois mois pour s’opposer.", "verification_method": "ocr+trace", "duration": 4.155, "full_text_visible_at": 3.527, "hold_after_full_text": 0.628, "passed": true}, {"beat": "precision", "expected_words": 21, "first_word": "en", "last_word": "menaces", "rendered_words": 36, "missing_words": [], "ocr_text": "CHANGER DE REGIME MATRIMONIAL EN COURS DE MARIAGE EN CAS D'OPPOSITION, LE TRIBUNAL HOMOLOGUE L'ACTE. POUR UN MINEUR, LE NOTAIRE PEUT SAISIR LE JUGE SI SES INTERETS SEMBLENT MENACES. 05108 Information generale • pas un conseil personnalise", "render_trace": "En cas d’opposition, le tribunal homologue l’acte. Pour un mineur, le notaire peut saisir le juge si ses intérêts semblent menacés.", "verification_method": "ocr+trace", "duration": 6.378, "full_text_visible_at": 5.529, "hold_after_full_text": 0.849, "passed": true}, {"beat": "exemple", "expected_words": 16, "first_word": "exemple", "last_word": "professionnel", "rendered_words": 31, "missing_words": [], "ocr_text": "CHANGER DE REGIME MATRIMONIAL EN COURS DE MARIAGE EXEMPLE: UN ENTREPRENEUR CHOISIT LA SEPARATION DE BIENS POUR MIEUX ISOLER SON CONJOINT DU RISQUE PROFESSIONNEL. 06108 Information generale • pas un conseil personnalise", "render_trace": "Exemple : un entrepreneur choisit la séparation de biens pour mieux isoler son conjoint du risque professionnel.", "verification_method": "ocr+trace", "duration": 6.152, "full_text_visible_at": 5.325, "hold_after_full_text": 0.827, "passed": true}, {"beat": "nuance", "expected_words": 16, "first_word": "attention", "last_word": "signer", "rendered_words": 31, "missing_words": [], "ocr_text": "CHANGER DE REGIME MATRIMONIAL EN COURS DE MARIAGE AThENTION : CE CHOIX PEUT AVOIR DES CONSEQUENCES SUCCESSORALES ET FISCALES. MESUREZ SES EFFETS AVANT DE SIGNER. 07108 Information generale • pas un conseil personnalise", "render_trace": "Attention : ce choix peut avoir des conséquences successorales et fiscales. Mesurez ses effets avant de signer.", "verification_method": "ocr+trace", "duration": 5.738, "full_text_visible_at": 4.952, "hold_after_full_text": 0.786, "passed": true}, {"beat": "cta", "expected_words": 17, "first_word": "vous", "last_word": "bio", "rendered_words": 32, "missing_words": [], "ocr_text": "CHANGER DE REGIME MATRIMONIAL EN COURS DE MARIAGE VOUS SOUHAITEZ FAIRE LE POINT SUR VOTRE SITUATION ? PRENEZ RENDEZ.VOUS VIA LE LIEN DANS MA BIO 08108 Information generale • pas un conseil personnalise", "render_trace": "Vous souhaitez faire le point sur votre situation ? Prenez rendez-vous via le lien dans ma bio.", "verification_method": "ocr+trace", "duration": 3.995, "full_text_visible_at": 3.595, "hold_after_full_text": 0.4, "passed": true}], "failures": [], "ocr_status": "effectué"}
{"passed": true, "failures": [], "expected_duration": 40.0, "target_duration": [38, 42], "resolution": "1080x1920", "audio": true, "word_check": true, "layout_check": "zones fixes sans chevauchement"}
Loaded multilingual tokenizer (NFKD,fullcase preprocessing)
Loading S3Tokenizer from mlx-community/S3TokenizerV2...
Loaded S3Tokenizer weights
Warning: conds.safetensors not found - ref_audio will be required
[94mText:[0m Vous envisagez de changer de régime matrimonial ?
[94mVoice:[0m af_heart
[94mSpeed:[0m 0.84x
[94mLanguage:[0m fr
[94mText:[0m Selon vous, l’acte notarié suffit-il ?
[94mVoice:[0m af_heart
[94mSpeed:[0m 0.94x
[94mLanguage:[0m fr
[94mText:[0m Non. L’acte est indispensable, mais d’autres étapes sont obligatoires.
[94mVoice:[0m af_heart
[94mSpeed:[0m 0.94x
[94mLanguage:[0m fr
[94mText:[0m Les enfants majeurs et les créanciers sont informés. Ils disposent de trois mois pour s’opposer.
[94mVoice:[0m af_heart
[94mSpeed:[0m 0.94x
[94mLanguage:[0m fr
[94mText:[0m En cas d’opposition, le tribunal homologue l’acte. Pour un mineur, le notaire peut saisir le juge si ses intérêts semblent menacés.
[94mVoice:[0m af_heart
[94mSpeed:[0m 0.94x
[94mLanguage:[0m fr
[94mText:[0m Exemple : un entrepreneur choisit la séparation de biens pour isoler son conjoint du risque professionnel.
[94mVoice:[0m af_heart
[94mSpeed:[0m 0.94x
[94mLanguage:[0m fr
[94mText:[0m Le changement peut nécessiter de liquider l’ancien régime et avoir des conséquences fiscales.
[94mVoice:[0m af_heart
[94mSpeed:[0m 0.94x
[94mLanguage:[0m fr
[94mText:[0m Vous souhaitez faire le point sur votre situation ? Prenez rendez-vous via le lien dans ma bio.
[94mVoice:[0m af_heart
[94mSpeed:[0m 0.94x
[94mLanguage:[0m fr
{"passed": true, "video": "/Users/mikael_piselli/BRITED_STUDIO_FINAL/production/2026-08-24/slot-2/reels/regimes_changement__reels.mp4", "expected_total_words": 103, "beats": [{"beat": "hook", "expected_words": 7, "first_word": "vous", "last_word": "matrimonial", "rendered_words": 24, "missing_words": [], "ocr_text": "CHANGER DE REGIME MATRIMONIAL EN COURS DE MARIAGE VOUS ENVISAGEZ DE CHANGER DE REGIME MATRIMONIAL ? o,o 01108 Information generale • pas un conseil personnalise", "render_trace": "Vous envisagez de changer de régime matrimonial ?", "verification_method": "ocr+trace", "duration": 4.363, "full_text_visible_at": 2.068, "hold_after_full_text": 2.295, "passed": true}, {"beat": "question", "expected_words": 6, "first_word": "selon", "last_word": "il", "rendered_words": 30, "missing_words": [], "ocr_text": "CHANGER DE REGIME MATRIMONIAL EN COURS DE MARIAGE A VOUS DE JOUER SELON VOUS, L'ACTE NOTARIE SUFFIT.IL ? oui NON LA REPONSE ARRIVE 02108 Information generale • pas un conseil personnalise", "render_trace": "Selon vous, l’acte notarié suffit-il ?", "verification_method": "ocr+trace", "duration": 4.86, "full_text_visible_at": 1.837, "hold_after_full_text": 3.023, "passed": true}, {"beat": "reponse", "expected_words": 9, "first_word": "non", "last_word": "obligatoires", "rendered_words": 24, "missing_words": [], "ocr_text": "CHANGER DE REGIME MATRIMONIAL EN COURS DE MARIAGE NON. L'ACTE EST INDISPENSABLE, MAIS D'AUTRES ETAPES SONT OBLIGATOIRES. 03108 Information generale • pas un conseil personnalise", "render_trace": "Non. L’acte est indispensable, mais d’autres étapes sont obligatoires.", "verification_method": "ocr+trace", "duration": 3.216, "full_text_visible_at": 2.712, "hold_after_full_text": 0.504, "passed": true}, {"beat": "regle", "expected_words": 15, "first_word": "les", "last_word": "s'opposer", "rendered_words": 30, "missing_words": [], "ocr_text": "CHANGER DE REGIME MATRIMONIAL EN COURS DE MARIAGE LES ENFANTS MAJEURS ET LES CREANCIERS SONT INFORMES. ILS DISPOSENT DE TROIS MOIS POUR S'OPPOSER. 04108 Information generale • pas un conseil personnalise", "render_trace": "Les enfants majeurs et les créanciers sont informés. Ils disposent de trois mois pour s’opposer.", "verification_method": "ocr+trace", "duration": 4.058, "full_text_visible_at": 3.47, "hold_after_full_text": 0.588, "passed": true}, {"beat": "precision", "expected_words": 21, "first_word": "en", "last_word": "menaces", "rendered_words": 36, "missing_words": [], "ocr_text": "CHANGER DE REGIME MATRIMONIAL EN COURS DE MARIAGE EN CAS D'OPPOSITION, LE TRIBUNAL HOMOLOGUE L'ACTE. POUR UN MINEUR, LE NOTAIRE PEUT SAISIR LE JUGE SI SES INTERETS SEMBLENT MENACES. 05108 Information generale • pas un conseil personnalise", "render_trace": "En cas d’opposition, le tribunal homologue l’acte. Pour un mineur, le notaire peut saisir le juge si ses intérêts semblent menacés.", "verification_method": "ocr+trace", "duration": 5.257, "full_text_visible_at": 4.549, "hold_after_full_text": 0.708, "passed": true}, {"beat": "exemple", "expected_words": 15, "first_word": "exemple", "last_word": "professionnel", "rendered_words": 30, "missing_words": [], "ocr_text": "CHANGER DE REGIME MATRIMONIAL EN COURS DE MARIAGE EXEMPLE: UN ENTREPRENEUR CHOISIT LA SEPARATION DE BIENS POUR ISOLER SON CONJOINT DU RISQUE PROFESSIONNEL. 06108 Information generale • pas un conseil personnalise", "render_trace": "Exemple : un entrepreneur choisit la séparation de biens pour isoler son conjoint du risque professionnel.", "verification_method": "ocr+trace", "duration": 4.965, "full_text_visible_at": 4.287, "hold_after_full_text": 0.678, "passed": true}, {"beat": "nuance", "expected_words": 13, "first_word": "le", "last_word": "fiscales", "rendered_words": 28, "missing_words": [], "ocr_text": "CHANGER DE REGIME MATRIMONIAL EN COURS DE MARIAGE LE CHANGEMENT PEUT NECESSITER DE LIQUIDER L'ANCIEN REGIME ET AVOIR DES CONSEQUENCES FISCALES. 07108 Information generale • pas un conseil personnalise", "render_trace": "Le changement peut nécessiter de liquider l’ancien régime et avoir des conséquences fiscales.", "verification_method": "ocr+trace", "duration": 5.443, "full_text_visible_at": 3.295, "hold_after_full_text": 2.148, "passed": true}, {"beat": "cta", "expected_words": 17, "first_word": "vous", "last_word": "bio", "rendered_words": 32, "missing_words": [], "ocr_text": "CHANGER DE REGIME MATRIMONIAL EN COURS DE MARIAGE VOUS SOUHAITEZ FAIRE LE POINT SUR VOTRE SITUATION ? PRENEZ RENDEZ.VOUS VIA LE LIEN DANS MA BIO 08108 Information generale • pas un conseil personnalise", "render_trace": "Vous souhaitez faire le point sur votre situation ? Prenez rendez-vous via le lien dans ma bio.", "verification_method": "ocr+trace", "duration": 3.337, "full_text_visible_at": 3.004, "hold_after_full_text": 0.333, "passed": true}], "failures": [], "ocr_status": "effectué"}
{"passed": true, "failures": [], "expected_duration": 35.5, "target_duration": [28, 40], "resolution": "1080x1920", "audio": true, "word_check": true, "layout_check": "zones fixes sans chevauchement"}
{"passed": true, "threshold_strictly_above": 9.5, "overall": 9.8, "criteria": {"Accroche dans les premières secondes": 9.8, "Rétention et rythme": 9.7, "Lisibilité mobile": 9.8, "Synchronisation texte et voix": 10.0, "Narration visuelle": 9.7, "Interaction question-réponse": 9.8, "Valeur enregistrable": 9.7, "Potentiel de partage privé": 9.7, "CTA Instagram": 9.8, "Sécurité et intégrité": 10.0}, "evidence": {"duration": 35.5, "resolution": "1080x1920", "missing_words": 0, "pages": 8, "renderer": "BRITED deterministic renderer v2"}}
Loaded multilingual tokenizer (NFKD,fullcase preprocessing)
Loading S3Tokenizer from mlx-community/S3TokenizerV2...
Loaded S3Tokenizer weights
Warning: conds.safetensors not found - ref_audio will be required
[94mText:[0m Selon vous, une signature chez le notaire suffit-elle pour changer de régime matrimonial ?
[94mVoice:[0m af_heart
[94mSpeed:[0m 0.84x
[94mLanguage:[0m fr
[94mText:[0m Non. L’acte notarié est indispensable, mais d’autres étapes peuvent être nécessaires.
[94mVoice:[0m af_heart
[94mSpeed:[0m 0.94x
[94mLanguage:[0m fr
[94mText:[0m Les enfants majeurs et les créanciers sont informés, car le changement peut modifier les biens sur lesquels ils peuvent être payés.
[94mVoice:[0m af_heart
[94mSpeed:[0m 0.94x
[94mLanguage:[0m fr
[94mText:[0m Tous disposent de trois mois pour s’opposer. En cas d’opposition, le tribunal doit homologuer l’acte.
[94mVoice:[0m af_heart
[94mSpeed:[0m 0.94x
[94mLanguage:[0m fr
[94mText:[0m Pour un mineur, le notaire peut saisir le juge si ses intérêts risquent d’être compromis.
[94mVoice:[0m af_heart
[94mSpeed:[0m 0.94x
[94mLanguage:[0m fr
[94mText:[0m Si elle est nécessaire, la liquidation de l’ancien régime figure dans l’acte : elle établit les patrimoines et les comptes entre époux.
[94mVoice:[0m af_heart
[94mSpeed:[0m 0.94x
[94mLanguage:[0m fr
[94mText:[0m Exemple : un entrepreneur choisit la séparation de biens pour mieux isoler son conjoint du risque professionnel.
[94mVoice:[0m af_heart
[94mSpeed:[0m 0.94x
[94mLanguage:[0m fr
[94mText:[0m Le bon régime dépend de votre famille, de vos biens et de vos objectifs. Étudiez toutes ses conséquences avant de signer.
[94mVoice:[0m af_heart
[94mSpeed:[0m 0.94x
[94mLanguage:[0m fr
[94mText:[0m Vous souhaitez faire le point sur votre situation ? Prenez rendez-vous via le lien sur mon profil.
[94mVoice:[0m af_heart
[94mSpeed:[0m 0.94x
[94mLanguage:[0m fr
{"passed": true, "video": "/Users/mikael_piselli/BRITED_STUDIO_FINAL/production/2026-08-24/slot-2/shorts/regimes_changement__shorts.mp4", "expected_total_words": 151, "beats": [{"beat": "hook", "expected_words": 14, "first_word": "selon", "last_word": "matrimonial", "rendered_words": 29, "missing_words": [], "ocr_text": "CHANGER DE REGIME MATRIMONIAL EN COURS DE MARIAGE SELON VOUS, UNE SIGNATURE CHEZ LE NOTAIRE SUFFIT.ELLE POUR CHANGER DE REGIME MATRIMONIAL ? 01109 Information generale • pas un conseil personnalise", "render_trace": "Selon vous, une signature chez le notaire suffit-elle pour changer de régime matrimonial ?", "verification_method": "ocr+trace", "duration": 4.75, "full_text_visible_at": 4.05, "hold_after_full_text": 0.7, "passed": true}, {"beat": "reponse", "expected_words": 11, "first_word": "non", "last_word": "necessaires", "rendered_words": 26, "missing_words": [], "ocr_text": "CHANGER DE REGIME MATRIMONIAL EN COURS DE MARIAGE NON L'ACTE NOTARIE EST INDISPENSABLE, MAIS D'AUTRES ETAPES PEUVENT ETRE NECESSAIRES. 02109 Information generale • pas un conseil personnalise", "render_trace": "Non. L’acte notarié est indispensable, mais d’autres étapes peuvent être nécessaires.", "verification_method": "ocr+trace", "duration": 5.29, "full_text_visible_at": 4.536, "hold_after_full_text": 0.754, "passed": true}, {"beat": "regle", "expected_words": 21, "first_word": "les", "last_word": "payes", "rendered_words": 36, "missing_words": [], "ocr_text": "CHANGER DE REGIME MATRIMONIAL EN COURS DE MARIAGE LES ENFANTS MAJEURS ET LES CREANCIERS SONT INFORMES, CAR LE CHANGEMENT PEUT MODIFIER LES BIENS SUR LESQUELS ILS PEUVENT ETRE PAYES. 03109 Information generale • pas un conseil personnalise", "render_trace": "Les enfants majeurs et les créanciers sont informés, car le changement peut modifier les biens sur lesquels ils peuvent être payés.", "verification_method": "ocr+trace", "duration": 6.05, "full_text_visible_at": 5.22, "hold_after_full_text": 0.83, "passed": true}, {"beat": "opposition", "expected_words": 15, "first_word": "tous", "last_word": "l'acte", "rendered_words": 30, "missing_words": [], "ocr_text": "CHANGER DE REGIME MATRIMONIAL EN COURS DE MARIAGE TOUS DISPOSENT DE TROIS MOIS POUR S'OPPOSER. EN CAS D'OPPOSITION, LE TRIBUNAL DOIT HOMOLOGUER L'ACTE. 04109 Information generale • pas un conseil personnalise", "render_trace": "Tous disposent de trois mois pour s’opposer. En cas d’opposition, le tribunal doit homologuer l’acte.", "verification_method": "ocr+trace", "duration": 5.49, "full_text_visible_at": 4.716, "hold_after_full_text": 0.774, "passed": true}, {"beat": "mineur", "expected_words": 15, "first_word": "pour", "last_word": "compromis", "rendered_words": 30, "missing_words": [], "ocr_text": "CHANGER DE REGIME MATRIMONIAL EN COURS DE MARIAGE POUR UN MINEUR, LE NOTAIRE PEUT SAISIR LE JUGE SI SES INTERETS RISQUENT D'ETRE COMPROMIS. 05109 Information generale • pas un conseil personnalise", "render_trace": "Pour un mineur, le notaire peut saisir le juge si ses intérêts risquent d’être compromis.", "verification_method": "ocr+trace", "duration": 4.65, "full_text_visible_at": 3.96, "hold_after_full_text": 0.69, "passed": true}, {"beat": "liquidation", "expected_words": 21, "first_word": "si", "last_word": "epoux", "rendered_words": 36, "missing_words": [], "ocr_text": "CHANGER DE REGIME MATRIMONIAL EN COURS DE MARIAGE SI ELLE EST NECESSAIRE, LA LIQUIDATION DE L'ANCIEN REGIME FIGURE DANS L'ACTE : ELLE ETABLIT LES PATRIMOINES ET LES COMPTES ENTRE EPOUX. 06109 Information generale • pas un conseil personnalise", "render_trace": "Si elle est nécessaire, la liquidation de l’ancien régime figure dans l’acte : elle établit les patrimoines et les comptes entre époux.", "verification_method": "ocr+trace", "duration": 6.57, "full_text_visible_at": 5.688, "hold_after_full_text": 0.882, "passed": true}, {"beat": "exemple", "expected_words": 16, "first_word": "exemple", "last_word": "professionnel", "rendered_words": 31, "missing_words": [], "ocr_text": "CHANGER DE REGIME MATRIMONIAL EN COURS DE MARIAGE EXEMPLE: UN ENTREPRENEUR CHOISIT LA SEPARATION DE BIENS POUR MIEUX ISOLER SON CONJOINT DU RISQUE PROFESSIONNEL. 07109 Information generale • pas un conseil personnalise", "render_trace": "Exemple : un entrepreneur choisit la séparation de biens pour mieux isoler son conjoint du risque professionnel.", "verification_method": "ocr+trace", "duration": 6.17, "full_text_visible_at": 5.328, "hold_after_full_text": 0.842, "passed": true}, {"beat": "nuance", "expected_words": 21, "first_word": "le", "last_word": "signer", "rendered_words": 36, "missing_words": [], "ocr_text": "CHANGER DE REGIME MATRIMONIAL EN COURS DE MARIAGE LE BON REGIME DEPEND DE VOTRE FAMILLE, DE VOS BIENS ET DE VOS OBJECTIFS. ETUDIEZ TOUTES SES CONSEQUENCES AVANT DE SIGNER. 08109 Information generale • pas un conseil personnalise", "render_trace": "Le bon régime dépend de votre famille, de vos biens et de vos objectifs. Étudiez toutes ses conséquences avant de signer.", "verification_method": "ocr+trace", "duration": 6.85, "full_text_visible_at": 5.94, "hold_after_full_text": 0.91, "passed": true}, {"beat": "cta", "expected_words": 17, "first_word": "vous", "last_word": "profil", "rendered_words": 32, "missing_words": [], "ocr_text": "CHANGER DE REGIME MATRIMONIAL EN COURS DE MARIAGE VOUS SOUHAITEZ FAIRE LE POINT SUR VOTRE SITUATION ? PRENEZ RENDEZ.VOUS VIA LE LIEN SUR MON PROFIL 09109 Information generale • pas un conseil personnalise", "render_trace": "Vous souhaitez faire le point sur votre situation ? Prenez rendez-vous via le lien sur mon profil.", "verification_method": "ocr+trace", "duration": 5.2, "full_text_visible_at": 4.68, "hold_after_full_text": 0.52, "passed": true}], "failures": [], "ocr_status": "effectué"}
{"passed": true, "failures": [], "expected_duration": 51.02, "target_duration": [40, 58], "resolution": "1080x1920", "audio": true, "word_check": true, "layout_check": "zones fixes sans chevauchement"}
Loaded multilingual tokenizer (NFKD,fullcase preprocessing)
Loading S3Tokenizer from mlx-community/S3TokenizerV2...
Loaded S3Tokenizer weights
Warning: conds.safetensors not found - ref_audio will be required
[94mText:[0m PACS et concubinage : attention, ils ne protègent pas de la même façon.
[94mVoice:[0m af_heart
[94mSpeed:[0m 0.84x
[94mLanguage:[0m fr
[94mText:[0m Question : mon partenaire héritera‑t‑il de moi, oui ou non ?
[94mVoice:[0m af_heart
[94mSpeed:[0m 0.94x
[94mLanguage:[0m fr
[94mText:[0m Réponse : non, pas de plein droit — l'exonération fiscale existe,
[94mVoice:[0m af_heart
[94mSpeed:[0m 0.94x
[94mLanguage:[0m fr
[94mText:[0m mais sans testament il n'est pas héritier.
[94mVoice:[0m af_heart
[94mSpeed:[0m 0.94x
[94mLanguage:[0m fr
[94mText:[0m Règle : le partenaire de PACS est exonéré de droits mais, sans testament, sa part dans la succession est de 0 %.
[94mVoice:[0m af_heart
[94mSpeed:[0m 0.94x
[94mLanguage:[0m fr
[94mText:[0m Exemple : si vous êtes propriétaire avec enfants, sans testament le partenaire pacsé reçoit 0 € de la succession ;
[94mVoice:[0m af_heart
[94mSpeed:[0m 0.94x
[94mLanguage:[0m fr
[94mText:[0m le concubin est taxé à 60 % sur la part léguée.
[94mVoice:[0m af_heart
[94mSpeed:[0m 0.94x
[94mLanguage:[0m fr
[94mText:[0m Nuance : en présence d'enfants le testament est limité par la réserve héréditaire.
[94mVoice:[0m af_heart
[94mSpeed:[0m 0.94x
[94mLanguage:[0m fr
[94mText:[0m Le saviez‑vous ? Commentez, Partagez, Abonnez‑vous.
[94mVoice:[0m af_heart
[94mSpeed:[0m 0.94x
[94mLanguage:[0m fr
Loaded multilingual tokenizer (NFKD,fullcase preprocessing)
Loading S3Tokenizer from mlx-community/S3TokenizerV2...
Loaded S3Tokenizer weights
Warning: conds.safetensors not found - ref_audio will be required
[94mText:[0m Protégez-vous vraiment en séparation de biens ?
[94mVoice:[0m af_heart
[94mSpeed:[0m 0.84x
[94mLanguage:[0m fr
[94mText:[0m La séparation vous met‑elle à l'abri des dettes ménagères ? OUI / NON.
[94mVoice:[0m af_heart
[94mSpeed:[0m 0.94x
[94mLanguage:[0m fr
[94mText:[0m Non. Vous pouvez rester responsable pour les dépenses du ménage.
[94mVoice:[0m af_heart
[94mSpeed:[0m 0.94x
[94mLanguage:[0m fr
[94mText:[0m Règle : chaque époux est propriétaire de ses biens selon l'article 1536, mais l'article 220 rend les deux solidaires des dettes ménagères.
[94mVoice:[0m af_heart
[94mSpeed:[0m 0.94x
[94mLanguage:[0m fr
[94mText:[0m Le régime protège le patrimoine, pas la personne.
[94mVoice:[0m af_heart
[94mSpeed:[0m 0.94x
[94mLanguage:[0m fr
[94mText:[0m Exemple : si l'un paie le loyer et l'école, l'autre peut être tenu solidairement ; et si vous achetez la maison à deux,
[94mVoice:[0m af_heart
[94mSpeed:[0m 0.94x
[94mLanguage:[0m fr
[94mText:[0m elle devient indivise.
[94mVoice:[0m af_heart
[94mSpeed:[0m 0.94x
[94mLanguage:[0m fr
[94mText:[0m Attention : sans preuve d'origine des fonds, un bien non justifié est présumé indivis par moitié (art.1538).
[94mVoice:[0m af_heart
[94mSpeed:[0m 0.94x
[94mLanguage:[0m fr
[94mText:[0m Le saviez-vous ? Commentez, Partagez, Abonnez‑vous.
[94mVoice:[0m af_heart
[94mSpeed:[0m 0.94x
[94mLanguage:[0m fr
{"passed": true, "video": "/Users/mikael_piselli/BRITED_STUDIO_FINAL/production/2026-08-25/slot-1/tiktok/regimes_separation_de_biens__tiktok.mp4", "expected_total_words": 106, "beats": [{"beat": "hook", "expected_words": 7, "first_word": "protegez", "last_word": "biens", "rendered_words": 20, "missing_words": [], "ocr_text": "LASEPARATION DE BIENS ETSA FAUSSE SECURITE PROTEGEZ.VOUS VRAIMENT EN SEPARATION DE BIENS ? 01109 Information generale • pas un conseil personnalise", "render_trace": "Protégez-vous vraiment en séparation de biens ?", "verification_method": "ocr+trace", "duration": 2.49, "full_text_visible_at": 2.04, "hold_after_full_text": 0.45, "passed": true}, {"beat": "question", "expected_words": 12, "first_word": "la", "last_word": "non", "rendered_words": 33, "missing_words": [], "ocr_text": "LASEPARATION DE BIENS ETSA FAUSSE SECURITE A VOUS DE JOUER LA SEPARATION VOUS MELELLE A L'ABRI DES DEThES MENAGERES ? OUI / NON. oui NON LA REPONSE ARRIVE 02109 Information generale • pas un conseil personnalise", "render_trace": "La séparation vous met‑elle à l'abri des dettes ménagères ? OUI / NON.", "verification_method": "ocr+trace", "duration": 5.356, "full_text_visible_at": 3.535, "hold_after_full_text": 1.821, "passed": true}, {"beat": "reponse", "expected_words": 10, "first_word": "non", "last_word": "menage", "rendered_words": 23, "missing_words": [], "ocr_text": "LASEPARATION DE BIENS ETSA FAUSSE SECURITE NON. VOUS POUVEZ RESTER RESPONSABLE POUR LES DEPENSES DU MENAGE. 03109 Information generale • pas un conseil personnalise", "render_trace": "Non. Vous pouvez rester responsable pour les dépenses du ménage.", "verification_method": "ocr+trace", "duration": 3.294, "full_text_visible_at": 2.764, "hold_after_full_text": 0.53, "passed": true}, {"beat": "regle_1", "expected_words": 21, "first_word": "regle", "last_word": "menageres", "rendered_words": 36, "missing_words": [], "ocr_text": "LASEPARATION DE BIENS ETSA FAUSSE SECURITE REGLE : CHAQUE EPOUX EST PROPRIETAIRE DE SES BIENS SELON L'ARTICLE 1536, MAIS L'ARTICLE 220 REND LES DEUX SOLIDAIRES DES DEThES MENAGERES. 50 50 04109 Information generale • pas un conseil personnalise", "render_trace": "Règle : chaque époux est propriétaire de ses biens selon l'article 1536, mais l'article 220 rend les deux solidaires des dettes ménagères.", "verification_method": "ocr+trace", "duration": 8.257, "full_text_visible_at": 7.231, "hold_after_full_text": 1.026, "passed": true}, {"beat": "regle_2", "expected_words": 8, "first_word": "le", "last_word": "personne", "rendered_words": 23, "missing_words": [], "ocr_text": "LASEPARATION DE BIENS ETSA FAUSSE SECURITE LE REGIME PROTEGE LE PATRIMOINE, PAS LA PERSONNE. 50 50 05109 Information generale • pas un conseil personnalise", "render_trace": "Le régime protège le patrimoine, pas la personne.", "verification_method": "ocr+trace", "duration": 2.723, "full_text_visible_at": 2.25, "hold_after_full_text": 0.473, "passed": true}, {"beat": "exemple_1", "expected_words": 21, "first_word": "exemple", "last_word": "deux", "rendered_words": 34, "missing_words": [], "ocr_text": "LASEPARATION DE BIENS ETSA FAUSSE SECURITE EXEMPLE : SI L'UN PAIE LE LOYER ET L'ECOLE, L'AUTRE PEUT ETRE TENU SOLIDAIREMENT; ET SI VOUS ACHETEZ LA MAISON A DEUX, 06109 Information generale • pas un conseil personnalise", "render_trace": "Exemple : si l'un paie le loyer et l'école, l'autre peut être tenu solidairement ; et si vous achetez la maison à deux,", "verification_method": "ocr+trace", "duration": 6.15, "full_text_visible_at": 5.335, "hold_after_full_text": 0.815, "passed": true}, {"beat": "exemple_2", "expected_words": 3, "first_word": "elle", "last_word": "indivise", "rendered_words": 16, "missing_words": [], "ocr_text": "LASEPARATION DE BIENS ETSA FAUSSE SECURITE ELLE DEVIENT INDIVISE. 07109 Information generale • pas un conseil personnalise", "render_trace": "elle devient indivise.", "verification_method": "ocr+trace", "duration": 1.687, "full_text_visible_at": 1.318, "hold_after_full_text": 0.369, "passed": true}, {"beat": "nuance", "expected_words": 17, "first_word": "attention", "last_word": "1538", "rendered_words": 30, "missing_words": [], "ocr_text": "LASEPARATION DE BIENS ETSA FAUSSE SECURITE AThENTION : SANS PREUVE D'ORIGINE DES FONDS, UN BIEN NON JUSTIFIE EST PRESUME INDIVIS PAR MOITIE (ART.1538). 08109 Information generale • pas un conseil personnalise", "render_trace": "Attention : sans preuve d'origine des fonds, un bien non justifié est présumé indivis par moitié (art.1538).", "verification_method": "ocr+trace", "duration": 6.829, "full_text_visible_at": 5.945, "hold_after_full_text": 0.884, "passed": true}, {"beat": "cta", "expected_words": 7, "first_word": "le", "last_word": "vous", "rendered_words": 7, "missing_words": [], "ocr_text": "", "render_trace": "Le saviez-vous ? Commentez, Partagez, Abonnez‑vous.", "verification_method": "render_trace+frame", "duration": 3.214, "full_text_visible_at": 2.892, "hold_after_full_text": 0.322, "passed": true}], "failures": [], "ocr_status": "effectué"}
{"passed": true, "failures": [], "expected_duration": 40.0, "target_duration": [38, 42], "resolution": "1080x1920", "audio": true, "word_check": true, "layout_check": "zones fixes sans chevauchement"}
Loaded multilingual tokenizer (NFKD,fullcase preprocessing)
Loading S3Tokenizer from mlx-community/S3TokenizerV2...
Loaded S3Tokenizer weights
Warning: conds.safetensors not found - ref_audio will be required
[94mText:[0m Vous pensez être protégé·e parce que vous êtes en séparation de biens ?
[94mVoice:[0m af_heart
[94mSpeed:[0m 0.84x
[94mLanguage:[0m fr
[94mText:[0m Question : la séparation de biens protège‑t‑elle des dettes ménagères ? OUI / NON.
[94mVoice:[0m af_heart
[94mSpeed:[0m 0.94x
[94mLanguage:[0m fr
[94mText:[0m Réponse : non — elle protège le patrimoine, pas la personne.
[94mVoice:[0m af_heart
[94mSpeed:[0m 0.94x
[94mLanguage:[0m fr
[94mText:[0m Règle : chaque époux reste propriétaire de ses biens (art.1536) mais l'article 220 rend les époux solidaires des dettes du ménage.
[94mVoice:[0m af_heart
[94mSpeed:[0m 0.94x
[94mLanguage:[0m fr
[94mText:[0m Exemple : acheter la résidence principale ensemble crée une indivision et engage les deux.
[94mVoice:[0m af_heart
[94mSpeed:[0m 0.94x
[94mLanguage:[0m fr
[94mText:[0m Nuance : sans preuve d'origine des fonds, l'article 1538 suppose l'indivision par moitié.
[94mVoice:[0m af_heart
[94mSpeed:[0m 0.94x
[94mLanguage:[0m fr
[94mText:[0m Enregistrez, partagez et abonnez‑vous.
[94mVoice:[0m af_heart
[94mSpeed:[0m 0.94x
[94mLanguage:[0m fr
Loaded multilingual tokenizer (NFKD,fullcase preprocessing)
Loading S3Tokenizer from mlx-community/S3TokenizerV2...
Loaded S3Tokenizer weights
Warning: conds.safetensors not found - ref_audio will be required
[94mText:[0m Vous vivez en couple : qui héritera ?
[94mVoice:[0m af_heart
[94mSpeed:[0m 0.84x
[94mLanguage:[0m fr
[94mText:[0m Mon partenaire de PACS héritera‑t‑il ? OUI / NON
[94mVoice:[0m af_heart
[94mSpeed:[0m 0.94x
[94mLanguage:[0m fr
[94mText:[0m Non : le partenaire de PACS n'hérite pas sans testament.
[94mVoice:[0m af_heart
[94mSpeed:[0m 0.94x
[94mLanguage:[0m fr
[94mText:[0m Il bénéficie seulement de l'exonération fiscale (CGI art. 796‑0 bis) si quelque chose lui est transmis.
[94mVoice:[0m af_heart
[94mSpeed:[0m 0.94x
[94mLanguage:[0m fr
[94mText:[0m Exemple : couple pacsé propriétaire, avec enfants d'une précédente union. Sans testament, la part du défunt va aux enfants ; le partenaire reste en indivision et bénéficie d'un maintien au logement pendant un an.
[94mVoice:[0m af_heart
[94mSpeed:[0m 0.94x
[94mLanguage:[0m fr
[94mText:[0m Le testament est limité par la réserve héréditaire. Le concubin n'hérite pas et subit le taux de 60 % (CGI art. 777).
[94mVoice:[0m af_heart
[94mSpeed:[0m 0.94x
[94mLanguage:[0m fr
[94mText:[0m Enregistrez, partagez et abonnez‑vous.
[94mVoice:[0m af_heart
[94mSpeed:[0m 0.94x
[94mLanguage:[0m fr
{"passed": true, "video": "/Users/mikael_piselli/BRITED_STUDIO_FINAL/production/2026-08-25/slot-2/reels/regimes_pacs_concubinage__reels.mp4", "expected_total_words": 99, "beats": [{"beat": "hook", "expected_words": 6, "first_word": "vous", "last_word": "heritera", "rendered_words": 21, "missing_words": [], "ocr_text": "PACS ET CONCUBINAGE: CE QUI N'EST PAS PROTEGE VOUS VIVEZ EN COUPLE : QUI HERITERA ? 01107 Information generale • pas un conseil personnalise", "render_trace": "Vous vivez en couple : qui héritera ?", "verification_method": "ocr+trace", "duration": 3.775, "full_text_visible_at": 1.639, "hold_after_full_text": 2.136, "passed": true}, {"beat": "question", "expected_words": 9, "first_word": "mon", "last_word": "non", "rendered_words": 31, "missing_words": [], "ocr_text": "PACS ETCONCUBINAGE: CE QUI N'EST PAS PROTEGE A VOUS DE JOUER MON PARTENAIRE DE PACS HERITERAtn:IL ? OUI / NON oui NON LA REPONSE ARRIVE 02107 Information generale • pas un conseil personnalise", "render_trace": "Mon partenaire de PACS héritera‑t‑il ? OUI / NON", "verification_method": "ocr+trace", "duration": 4.599, "full_text_visible_at": 2.621, "hold_after_full_text": 1.978, "passed": true}, {"beat": "reponse", "expected_words": 9, "first_word": "non", "last_word": "testament", "rendered_words": 23, "missing_words": [], "ocr_text": "PACS ETCONCUBINAGE: CE QUI N'EST PAS PROTEGE NON : LE PARTENAIRE DE PACS N'HERITE PAS SANS TESTAMENT. 03107 Information generale • pas un conseil personnalise", "render_trace": "Non : le partenaire de PACS n'hérite pas sans testament.", "verification_method": "ocr+trace", "duration": 2.706, "full_text_visible_at": 2.263, "hold_after_full_text": 0.443, "passed": true}, {"beat": "regle", "expected_words": 17, "first_word": "il", "last_word": "transmis", "rendered_words": 29, "missing_words": [], "ocr_text": "PACS ETCONCUBINAGE: CE QUI N'EST PAS PROTEGE IL BENEFICIE SEULEMENT DE L'EXONERATION FISCALE (CGI ART. 79600 BIS) SI QUELQUE CHOSE LUI ESTTRANSMIS. 04107 Information generale • pas un conseil personnalise", "render_trace": "Il bénéficie seulement de l'exonération fiscale (CGI art. 796‑0 bis) si quelque chose lui est transmis.", "verification_method": "ocr+trace", "duration": 6.17, "full_text_visible_at": 5.381, "hold_after_full_text": 0.789, "passed": true}, {"beat": "exemple", "expected_words": 32, "first_word": "exemple", "last_word": "an", "rendered_words": 46, "missing_words": [], "ocr_text": "PACS ETCONCUBINAGE: CE QUI N'EST PAS PROTEGE EXEMPLE : COUPLE PACSE PROPRIETAIRE, AVEC ENFANTS D'UNE PRECEDENTE UNION. SANS TESTAMENT, LA PART DU DEFUNT VA AUX ENFANTS ; LE PARTENAIRE RESTE EN INDIVISION ET BENEFICIE D'UN MAINTIEN AU LOGEMENT PENDANT UN AN. 05107 Information generale • pas un conseil personnalise", "render_trace": "Exemple : couple pacsé propriétaire, avec enfants d'une précédente union. Sans testament, la part du défunt va aux enfants ; le partenaire reste en indivision et bénéficie d'un maintien au logement pendant un an.", "verification_method": "ocr+trace", "duration": 8.408, "full_text_visible_at": 7.395, "hold_after_full_text": 1.013, "passed": true}, {"beat": "nuance", "expected_words": 21, "first_word": "le", "last_word": "777", "rendered_words": 35, "missing_words": [], "ocr_text": "PACS ETCONCUBINAGE: CE QUI N'EST PAS PROTEGE LE TESTAMENT EST LIMITE PAR LA RESERVE HEREDITAIRE. LE CONCUBIN N'HERITE PAS ET SUBIT LE TAUX DE 60 /. (CGI ART. 777). 06107 Information generale • pas un conseil personnalise", "render_trace": "Le testament est limité par la réserve héréditaire. Le concubin n'hérite pas et subit le taux de 60 % (CGI art. 777).", "verification_method": "ocr+trace", "duration": 7.634, "full_text_visible_at": 5.353, "hold_after_full_text": 2.281, "passed": true}, {"beat": "cta", "expected_words": 5, "first_word": "enregistrez", "last_word": "vous", "rendered_words": 33, "missing_words": [], "ocr_text": "PACS ETCONCUBINAGE: CE QUI N'EST PAS PROTEGE LE SAVIEZ.VOUS ? ENREGISTREZ PARTAGEZ ABONNEZ.VOUS ENREGISTrEZ • PARTAGEZ ET ABONNEZ.VOUS POUR MIEUX COMPRENDRE ET PROTEGER VOTRE PATRIMOINE 07107 Information generale • pas un conseil personnalise", "render_trace": "Enregistrez, partagez et abonnez‑vous.", "verification_method": "ocr+trace", "duration": 2.207, "full_text_visible_at": 1.987, "hold_after_full_text": 0.22, "passed": true}], "failures": [], "ocr_status": "effectué"}
{"passed": true, "failures": [], "expected_duration": 35.5, "target_duration": [28, 40], "resolution": "1080x1920", "audio": true, "word_check": true, "layout_check": "zones fixes sans chevauchement"}
{"passed": true, "threshold_strictly_above": 9.5, "overall": 9.8, "criteria": {"Accroche dans les premières secondes": 9.8, "Rétention et rythme": 9.7, "Lisibilité mobile": 9.8, "Synchronisation texte et voix": 10.0, "Narration visuelle": 9.7, "Interaction question-réponse": 9.8, "Valeur enregistrable": 9.7, "Potentiel de partage privé": 9.7, "CTA Instagram": 9.8, "Sécurité et intégrité": 10.0}, "evidence": {"duration": 35.5, "resolution": "1080x1920", "missing_words": 0, "pages": 7, "renderer": "BRITED deterministic renderer v2"}}
Loaded multilingual tokenizer (NFKD,fullcase preprocessing)
Loading S3Tokenizer from mlx-community/S3TokenizerV2...
Loaded S3Tokenizer weights
Warning: conds.safetensors not found - ref_audio will be required
[94mText:[0m La séparation de biens protège‑t‑elle contre les dettes ménagères ?
[94mVoice:[0m af_heart
[94mSpeed:[0m 0.84x
[94mLanguage:[0m fr
[94mText:[0m Non : elle n’isole pas des dettes du ménage.
[94mVoice:[0m af_heart
[94mSpeed:[0m 0.94x
[94mLanguage:[0m fr
[94mText:[0m En droit, chaque époux conserve la propriété de ce qu’il possédait avant et acquiert seul ce qu’il achète pendant le mariage (art. 1536).
[94mVoice:[0m af_heart
[94mSpeed:[0m 0.94x
[94mLanguage:[0m fr
[94mText:[0m Mais l’article 220 rend les deux époux solidaires des dettes contractées pour l’entretien du ménage et l’éducation des enfants.
[94mVoice:[0m af_heart
[94mSpeed:[0m 0.94x
[94mLanguage:[0m fr
[94mText:[0m Par exemple, un loyer ou des factures pris au nom d’un seul époux engagent les deux.
[94mVoice:[0m af_heart
[94mSpeed:[0m 0.94x
[94mLanguage:[0m fr
[94mText:[0m Acheter la résidence principale en indivision crée une mise en commun de fait, et sans justificatifs un bien non prouvé est réputé indivis par moitié (art.
[94mVoice:[0m af_heart
[94mSpeed:[0m 0.94x
[94mLanguage:[0m fr
[94mText:[0m 1538).
[94mVoice:[0m af_heart
[94mSpeed:[0m 0.94x
[94mLanguage:[0m fr
[94mText:[0m Conservez la traçabilité des fonds. Abonnez‑vous pour d’autres explications.
[94mVoice:[0m af_heart
[94mSpeed:[0m 0.94x
[94mLanguage:[0m fr
Loaded multilingual tokenizer (NFKD,fullcase preprocessing)
Loading S3Tokenizer from mlx-community/S3TokenizerV2...
Loaded S3Tokenizer weights
Warning: conds.safetensors not found - ref_audio will be required
[94mText:[0m PACS et concubinage : qui est protégé à la mort ?
[94mVoice:[0m af_heart
[94mSpeed:[0m 0.84x
[94mLanguage:[0m fr
[94mText:[0m Court : le partenaire de PACS a une exonération fiscale mais n'hérite rien sans testament ;
[94mVoice:[0m af_heart
[94mSpeed:[0m 0.94x
[94mLanguage:[0m fr
[94mText:[0m le concubin n'a pas vocation successorale.
[94mVoice:[0m af_heart
[94mSpeed:[0m 0.94x
[94mLanguage:[0m fr
[94mText:[0m Le PACS donne une exonération totale des droits de succession (CGI art.796‑0 bis) mais n'accorde pas la qualité d'héritier : sans testament,
[94mVoice:[0m af_heart
[94mSpeed:[0m 0.94x
[94mLanguage:[0m fr
[94mText:[0m la succession va aux enfants, ou à défaut aux ascendants et collatéraux. Le concubin ne fait pas partie des héritiers ;
[94mVoice:[0m af_heart
[94mSpeed:[0m 0.94x
[94mLanguage:[0m fr
[94mText:[0m s'il reçoit via testament il sera imposé au taux de 60% (CGI art.777).
[94mVoice:[0m af_heart
[94mSpeed:[0m 0.94x
[94mLanguage:[0m fr
[94mText:[0m Exemple : couple pacsé propriétaire, enfants d'une précédente union. Sans testament, la moitié du défunt revient aux enfants ;
[94mVoice:[0m af_heart
[94mSpeed:[0m 0.94x
[94mLanguage:[0m fr
[94mText:[0m le partenaire survivant reste en indivision et peut perdre le logement au terme du droit temporaire.
[94mVoice:[0m af_heart
[94mSpeed:[0m 0.94x
[94mLanguage:[0m fr
[94mText:[0m Un testament peut favoriser le partenaire ou le concubin mais il est limité par la réserve héréditaire des enfants.
[94mVoice:[0m af_heart
[94mSpeed:[0m 0.94x
[94mLanguage:[0m fr
[94mText:[0m Abonnez‑vous pour d'autres explications juridiques et commentez si vous voulez un exemple chiffré.
[94mVoice:[0m af_heart
[94mSpeed:[0m 0.94x
[94mLanguage:[0m fr
Loaded multilingual tokenizer (NFKD,fullcase preprocessing)
Loading S3Tokenizer from mlx-community/S3TokenizerV2...
Loaded S3Tokenizer weights
Warning: conds.safetensors not found - ref_audio will be required
[94mText:[0m Vous pensez qu'on ne peut pas changer de régime pendant le mariage ?
[94mVoice:[0m af_heart
[94mSpeed:[0m 1.02x
[94mLanguage:[0m fr
[94mText:[0m Peut on changer de régime matrimonial ?
[94mVoice:[0m af_heart
[94mSpeed:[0m 0.99x
[94mLanguage:[0m fr
[94mText:[0m Oui : par acte notarié, sans délai minimum ni homologation systématique.
[94mVoice:[0m af_heart
[94mSpeed:[0m 1.08x
[94mLanguage:[0m fr
[94mText:[0m Le notaire informe les enfants majeurs et publie pour prévenir les créanciers ; ils ont trois mois pour s'opposer.
[94mVoice:[0m af_heart
[94mSpeed:[0m 1.01x
[94mLanguage:[0m fr
[94mText:[0m Exemple : un chef d'entreprise passe de la communauté à la séparation de biens pour isoler le risque professionnel.
[94mVoice:[0m af_heart
[94mSpeed:[0m 1.01x
[94mLanguage:[0m fr
[94mText:[0m Si des enfants sont mineurs, l'homologation judiciaire reste exigée ; la communauté universelle supprime la succession du premier parent et peut faire perdre l'abattement aux enfants.
[94mVoice:[0m af_heart
[94mSpeed:[0m 0.98x
[94mLanguage:[0m fr
[94mText:[0m Vous souhaitez faire le point sur votre situation ?
[94mVoice:[0m af_heart
[94mSpeed:[0m 0.88x
[94mLanguage:[0m fr
[94mText:[0m Prenez rendez vous via le lien dans ma bio.
[94mVoice:[0m af_heart
[94mSpeed:[0m 0.88x
[94mLanguage:[0m fr
Loaded multilingual tokenizer (NFKD,fullcase preprocessing)
Loading S3Tokenizer from mlx-community/S3TokenizerV2...
Loaded S3Tokenizer weights
Warning: conds.safetensors not found - ref_audio will be required
[94mText:[0m Peut on changer de régime matrimonial ?
[94mVoice:[0m af_heart
[94mSpeed:[0m 0.99x
[94mLanguage:[0m fr
Loaded multilingual tokenizer (NFKD,fullcase preprocessing)
Loading S3Tokenizer from mlx-community/S3TokenizerV2...
Loaded S3Tokenizer weights
Warning: conds.safetensors not found - ref_audio will be required
[94mText:[0m Peut on changer de régime matrimonial ?
[94mVoice:[0m af_heart
[94mSpeed:[0m 0.99x
[94mLanguage:[0m fr
Loaded multilingual tokenizer (NFKD,fullcase preprocessing)
Loading S3Tokenizer from mlx-community/S3TokenizerV2...
Loaded S3Tokenizer weights
Warning: conds.safetensors not found - ref_audio will be required
[94mText:[0m Changer de régime matrimonial en cours de mariage : c'est possible ?
[94mVoice:[0m af_heart
[94mSpeed:[0m 1.02x
[94mLanguage:[0m fr
[94mText:[0m Oui, en général par acte notarié, sans délai minimum.
[94mVoice:[0m af_heart
[94mSpeed:[0m 1.08x
[94mLanguage:[0m fr
[94mText:[0m Le notaire informe les enfants majeurs et publie pour prévenir les créanciers ; ils ont trois mois pour s'opposer ; l'homologation judiciaire reste nécessaire si des enfants mineurs sont présents.
[94mVoice:[0m af_heart
[94mSpeed:[0m 1.01x
[94mLanguage:[0m fr
[94mText:[0m Exemple : un chef d'entreprise quitte la communauté pour passer en séparation de biens afin d'isoler son activité ; le notaire liquide le régime précédent et calcule les récompenses.
[94mVoice:[0m af_heart
[94mSpeed:[0m 1.01x
[94mLanguage:[0m fr
[94mText:[0m Attention : la communauté universelle avec attribution intégrale prive les enfants du droit de succession du premier parent et supprime l'abattement appliqué à ce premier décès.
[94mVoice:[0m af_heart
[94mSpeed:[0m 0.98x
[94mLanguage:[0m fr
[94mText:[0m Vous souhaitez faire le point sur votre situation ?
[94mVoice:[0m af_heart
[94mSpeed:[0m 0.88x
[94mLanguage:[0m fr
[94mText:[0m Prenez rendez vous via le lien dans ma bio.
[94mVoice:[0m af_heart
[94mSpeed:[0m 0.88x
[94mLanguage:[0m fr
Loaded multilingual tokenizer (NFKD,fullcase preprocessing)
Loading S3Tokenizer from mlx-community/S3TokenizerV2...
Loaded S3Tokenizer weights
Warning: conds.safetensors not found - ref_audio will be required
[94mText:[0m Le notaire informe les enfants majeurs et publie pour prévenir les créanciers ; ils ont trois mois pour s'opposer ; l'homologation judiciaire reste nécessaire si des enfants mineurs sont présents.
[94mVoice:[0m af_heart
[94mSpeed:[0m 1.01x
[94mLanguage:[0m fr
[94mText:[0m Attention : la communauté universelle avec attribution intégrale prive les enfants du droit de succession du premier parent et supprime l'abattement appliqué à ce premier décès.
[94mVoice:[0m af_heart
[94mSpeed:[0m 0.98x
[94mLanguage:[0m fr
Loaded multilingual tokenizer (NFKD,fullcase preprocessing)
Loading S3Tokenizer from mlx-community/S3TokenizerV2...
Loaded S3Tokenizer weights
Warning: conds.safetensors not found - ref_audio will be required
[94mText:[0m Le notaire informe les enfants majeurs et publie pour prévenir les créanciers ; ils ont trois mois pour s'opposer ; l'homologation judiciaire reste nécessaire si des enfants mineurs sont présents.
[94mVoice:[0m af_heart
[94mSpeed:[0m 1.01x
[94mLanguage:[0m fr
[94mText:[0m Attention : la communauté universelle avec attribution intégrale prive les enfants du droit de succession du premier parent et supprime l'abattement appliqué à ce premier décès.
[94mVoice:[0m af_heart
[94mSpeed:[0m 0.98x
[94mLanguage:[0m fr
Loaded multilingual tokenizer (NFKD,fullcase preprocessing)
Loading S3Tokenizer from mlx-community/S3TokenizerV2...
Loaded S3Tokenizer weights
Warning: conds.safetensors not found - ref_audio will be required
[94mText:[0m Mon partenaire de paxe ou mon concubin héritera t il de moi ?
[94mVoice:[0m af_heart
[94mSpeed:[0m 1.02x
[94mLanguage:[0m fr
[94mText:[0m Le partenaire de paxe est exonéré de droits de succession mais, sans testament, il n'hérite de rien ; le concubin n'a aucune vocation successorale et serait taxé à soixante pour cent sur ce qu'un testament lui laisse.
[94mVoice:[0m af_heart
[94mSpeed:[0m 1.08x
[94mLanguage:[0m fr
[94mText:[0m Qui hérite relève du Code civil ; combien on paie relève du Code général des impôts.
[94mVoice:[0m af_heart
[94mSpeed:[0m 1.01x
[94mLanguage:[0m fr
[94mText:[0m Exemple : un couple paxée propriétaire avec enfants d'une première union : une part revient aux enfants et se retrouve en indivision malgré l'exonération.
[94mVoice:[0m af_heart
[94mSpeed:[0m 1.01x
[94mLanguage:[0m fr
[94mText:[0m Attention : le testament est limité par la réserve héréditaire ; le partenaire paxée ne bénéficie que d'un maintien au logement d'un an.
[94mVoice:[0m af_heart
[94mSpeed:[0m 0.98x
[94mLanguage:[0m fr
[94mText:[0m Vous souhaitez faire le point sur votre situation ?
[94mVoice:[0m af_heart
[94mSpeed:[0m 0.88x
[94mLanguage:[0m fr
[94mText:[0m Prenez rendez vous via le lien dans ma bio.
[94mVoice:[0m af_heart
[94mSpeed:[0m 0.88x
[94mLanguage:[0m fr
{"agent": "controle_oral_whisper_local", "passed": true, "failures": [], "model": "/Users/Shared/BRITED-Models/whisper-large-v3-turbo", "checks": ["transcription", "mots_manquants", "hallucinations", "microcoupures", "repetitions"], "pages": [{"beat": "hook", "expected": "Mon partenaire de paxe ou mon concubin héritera t il de moi ?", "transcript": "Mon partenaire de Pax ou mon concubin éritera théil de moi.", "similarity": 0.8696, "missing": ["t", "il"], "critical_missing": [], "unexpected": ["theil"], "no_speech_probability": 0.0, "compression_ratio": 0.9242, "passed": true}, {"beat": "reponse", "expected": "Le partenaire de paxe est exonéré de droits de succession mais, sans testament, il n'hérite de rien ; le concubin n'a aucune vocation successorale et serait taxé à soixante pour cent sur ce qu'un testament lui laisse.", "transcript": "Le partenaire de Pax est exonéré de droits de succession, mais sans testament, il n'hérite de rien. Le concubin n'a aucune vocation successorale et serait taxé à 60% sur ce qu'un testament lui laisse.", "similarity": 1.0, "missing": [], "critical_missing": [], "unexpected": [], "no_speech_probability": 0.0, "compression_ratio": 1.3312, "passed": true}, {"beat": "regle", "expected": "Qui hérite relève du Code civil ; combien on paie relève du Code général des impôts.", "transcript": "Qui hérite relève du code civil. Combien on paie relève du code général des impôts.", "similarity": 1.0, "missing": [], "critical_missing": [], "unexpected": [], "no_speech_probability": 0.0, "compression_ratio": 1.0988, "passed": true}, {"beat": "exemple", "expected": "Exemple : un couple paxée propriétaire avec enfants d'une première union : une part revient aux enfants et se retrouve en indivision malgré l'exonération.", "transcript": "Exemple, un couple paxé propriétaire avec enfant d'une première union. Une part revient aux enfants et se retrouve en indivision malgré l'exonération.", "similarity": 0.9167, "missing": ["pacse", "enfants"], "critical_missing": [], "unexpected": ["pacs", "enfant"], "no_speech_probability": 0.0, "compression_ratio": 1.2302, "passed": true}, {"beat": "nuance", "expected": "Attention : le testament est limité par la réserve héréditaire ; le partenaire paxée ne bénéficie que d'un maintien au logement d'un an.", "transcript": "Attention, le testament est limité par la réserve héréditaire. Le partenaire Paxé ne bénéficie que d'un maintien au logement d'un an.", "similarity": 0.9565, "missing": ["pacse"], "critical_missing": [], "unexpected": ["pacs"], "no_speech_probability": 0.0, "compression_ratio": 1.2281, "passed": true}, {"beat": "cta", "expected": "Vous souhaitez faire le point sur votre situation ? Prenez rendez vous via le lien dans ma bio.", "transcript": "Vous souhaitez faire le point sur votre situation ? Prenez rendez-vous via le lien dans ma bio.", "similarity": 1.0, "missing": [], "critical_missing": [], "unexpected": [], "no_speech_probability": 0.0, "compression_ratio": 1.092, "passed": true}]}
Loaded multilingual tokenizer (NFKD,fullcase preprocessing)
Loading S3Tokenizer from mlx-community/S3TokenizerV2...
Loaded S3Tokenizer weights
Warning: conds.safetensors not found - ref_audio will be required
[94mText:[0m Chaque bénéficiaire peut il bénéficier de cent cinquante-deux mille cinq cents euros sur une assurance vie ?
[94mVoice:[0m af_heart
[94mSpeed:[0m 1.05x
[94mLanguage:[0m fr
[94mText:[0m Oui — pour les primes versées avant soixante dix ans, chaque bénéficiaire a un abattement de cent cinquante-deux mille cinq cents euros.
[94mVoice:[0m af_heart
[94mSpeed:[0m 1.05x
[94mLanguage:[0m fr
[94mText:[0m Fiscalement, c'est prévu par l'article neuf cent quatre-vingt-dix I : chaque bénéficiaire bénéficie de cent cinquante-deux mille cinq cents euros ; au delà la part taxable est taxée vingt pour cent jusqu'à sept cent mille euros, puis trente et un virgule vingt cinq pour cent.
[94mVoice:[0m af_heart
[94mSpeed:[0m 1.01x
[94mLanguage:[0m fr
[94mText:[0m Exemple concret : si vous désignez trois bénéficiaires, chacun a cent cinquante-deux mille cinq cents euros d'abattement, soit quatre cent cinquante-sept mille cinq cents euros transmis sans taxation.
[94mVoice:[0m af_heart
[94mSpeed:[0m 1.01x
[94mLanguage:[0m fr
[94mText:[0m Important : l'abattement est apprécié par bénéficiaire tous contrats confondus et dépend de l'âge du souscripteur au moment de chaque versement.
[94mVoice:[0m af_heart
[94mSpeed:[0m 0.99x
[94mLanguage:[0m fr
[94mText:[0m Vous souhaitez faire le point sur votre situation ?
[94mVoice:[0m af_heart
[94mSpeed:[0m 1.05x
[94mLanguage:[0m fr
[94mText:[0m Prenez rendez vous via le lien dans ma bio.
[94mVoice:[0m af_heart
[94mSpeed:[0m 1.05x
[94mLanguage:[0m fr
{"agent": "controle_oral_whisper_local", "passed": true, "failures": [], "model": "/Users/Shared/BRITED-Models/whisper-large-v3-turbo", "checks": ["transcription", "mots_manquants", "hallucinations", "microcoupures", "repetitions"], "pages": [{"beat": "hook", "expected": "Chaque bénéficiaire peut il bénéficier de cent cinquante-deux mille cinq cents euros sur une assurance vie ?", "transcript": "Chaque bénéficiaire peut-il bénéficier de 152 500 euros sur une assurance vie ?", "similarity": 1.0, "missing": [], "critical_missing": [], "unexpected": [], "no_speech_probability": 0.0, "compression_ratio": 1.0247, "passed": true}, {"beat": "reponse", "expected": "Oui — pour les primes versées avant soixante dix ans, chaque bénéficiaire a un abattement de cent cinquante-deux mille cinq cents euros.", "transcript": "Oui, pour les primes versées avant 70 ans, chaque bénéficiaire a un abattement de 152 500 euros.", "similarity": 1.0, "missing": [], "critical_missing": [], "unexpected": [], "no_speech_probability": 0.0, "compression_ratio": 1.0312, "passed": true}, {"beat": "regle", "expected": "Fiscalement, c'est prévu par l'article neuf cent quatre-vingt-dix I : chaque bénéficiaire bénéficie de cent cinquante-deux mille cinq cents euros ; au delà la part taxable est taxée vingt pour cent jusqu'à sept cent mille euros, puis trente et un virgule vingt cinq pour cent.", "transcript": "Fiscalement, c'est prévu par l'article 990i, chaque bénéficiaire bénéficie de 152 500 euros. Au-delà, la part taxable est taxée 20% jusqu'à 700 000 euros, puis 31,25%.", "similarity": 1.0, "missing": [], "critical_missing": [], "unexpected": [], "no_speech_probability": 0.0, "compression_ratio": 1.1986, "passed": true}, {"beat": "exemple", "expected": "Exemple concret : si vous désignez trois bénéficiaires, chacun a cent cinquante-deux mille cinq cents euros d'abattement, soit quatre cent cinquante-sept mille cinq cents euros transmis sans taxation.", "transcript": "Exemple concret, si vous désignez trois bénéficiaires, chacun à 152 500 euros d'abattement, soit 457 500 euros transmis sans taxation.", "similarity": 1.0, "missing": [], "critical_missing": [], "unexpected": [], "no_speech_probability": 0.0, "compression_ratio": 1.1405, "passed": true}, {"beat": "nuance", "expected": "Important : l'abattement est apprécié par bénéficiaire tous contrats confondus et dépend de l'âge du souscripteur au moment de chaque versement.", "transcript": "Important, l'abattement est apprécié par bénéficiaires tous contrats confondus et dépend de l'âge du souscripteur au moment de chaque versement.", "similarity": 0.9545, "missing": ["beneficiaire"], "critical_missing": [], "unexpected": ["beneficiaires"], "no_speech_probability": 0.0, "compression_ratio": 1.2397, "passed": true}, {"beat": "cta", "expected": "Vous souhaitez faire le point sur votre situation ? Prenez rendez vous via le lien dans ma bio.", "transcript": "Vous souhaitez faire le point sur votre situation ? Prenez rendez-vous via le lien dans ma bio.", "similarity": 1.0, "missing": [], "critical_missing": [], "unexpected": [], "no_speech_probability": 0.0, "compression_ratio": 1.092, "passed": true}]}
{"passed": true, "video": "/Users/mikael_piselli/BRITED_STUDIO_FINAL/production/2026-08-26/slot-2/shorts/assurance_vie_990i_152500__shorts.mp4", "expected_total_words": 125, "beats": [{"beat": "hook", "expected_words": 13, "first_word": "chaque", "last_word": "vie", "rendered_words": 22, "missing_words": [], "ocr_tolerated_by_exact_render_trace": false, "ocr_text": "LES 152 500 E PAR BENEFICIAIRE DE LIASSURANCE-VIE CHAQUE BENEFICIAIRE PEUT-IL BENEFICIER DE 152 500 EUROS SUR UNE ASSURANCE-VIE ?", "render_trace": "Chaque bénéficiaire peut-il bénéficier de 152 500 euros sur une assurance-vie ?", "verification_method": "ocr+trace", "duration": 5.491, "full_text_visible_at": 4.132, "hold_after_full_text": 1.359, "passed": true}, {"beat": "reponse", "expected_words": 18, "first_word": "oui", "last_word": "euros", "rendered_words": 28, "missing_words": [], "ocr_tolerated_by_exact_render_trace": false, "ocr_text": "LES 152 500 E PAR BENEFICIAIRE DE LIASSURANCE-VIE REPONSE oui POUR LES PRIMES VERSEES AVANT SOIXANTE-DIX ANS, CHAQUE BENEFICIAIRE A UN ABAThEMENT DE 152 500 EUROS.", "render_trace": "Oui — pour les primes versées avant soixante-dix ans, chaque bénéficiaire a un abattement de 152 500 euros.", "verification_method": "ocr+trace", "duration": 7.617, "full_text_visible_at": 6.657, "hold_after_full_text": 0.96, "passed": true}, {"beat": "regle", "expected_words": 37, "first_word": "fiscalement", "last_word": "cent", "rendered_words": 45, "missing_words": [], "ocr_tolerated_by_exact_render_trace": false, "ocr_text": "LES 152 500 E PAR BENEFICIAIRE DE LIASSURANCE-VIE FISCALEMENT, CIEST PREVU PAR LIARTICLE 9901 : CHAQUE BENEFICIAIRE BENEFICIE DE 152 500 EUROS ' AU-DELA LA PART TAXABLE EST TAXEE VINGT POUR CENT JUSQUIA 700 000 EUROS, PUIS TRENTE ET UN VIRGULE VINGT-CINQ POUR CENT.", "render_trace": "Fiscalement, c'est prévu par l'article 990 I : chaque bénéficiaire bénéficie de 152 500 euros ; au-delà la part taxable est taxée vingt pour cent jusqu'à 700 000 euros, puis trente et un virgule vingt-cinq pour cent.", "verification_method": "ocr+trace", "duration": 14.793, "full_text_visible_at": 13.116, "hold_after_full_text": 1.677, "passed": true}, {"beat": "exemple", "expected_words": 20, "first_word": "exemple", "last_word": "taxation", "rendered_words": 29, "missing_words": [], "ocr_tolerated_by_exact_render_trace": true, "ocr_text": "LES 152 500 E PAR BENEFICIAIRE DE LIASSURANCE-VIE EXEMPLE CONCRET : SI VOUS DESIGNEZ TROIS BENEFICIAIRES, CHACUN A 152 500 EUROS DIABAThEMENT, SOIT 457 500 EUROS TRANSMIS SANS TAXATION.", "render_trace": "Exemple concret : si vous désignez trois bénéficiaires, chacun a 152 500 euros d'abattement, soit 457 500 euros transmis sans taxation.", "verification_method": "ocr+trace", "duration": 10.219, "full_text_visible_at": 8.999, "hold_after_full_text": 1.22, "passed": true}, {"beat": "nuance", "expected_words": 20, "first_word": "important", "last_word": "versement", "rendered_words": 29, "missing_words": [], "ocr_tolerated_by_exact_render_trace": false, "ocr_text": "LES 152 500 E PAR BENEFICIAIRE DE LIASSURANCE-VIE IMPORTANT : LIABATtEMENT EST APPRECIE PAR BENEFICIAIRE TOUS CONTRATS CONFONDUS ET DEPEND DE LIAGE DU SOUSCRIPTEUR AU MOMENT DE CHAQUE VERSEMENT.", "render_trace": "Important : l'abattement est apprécié par bénéficiaire tous contrats confondus et dépend de l'âge du souscripteur au moment de chaque versement.", "verification_method": "ocr+trace", "duration": 8.188, "full_text_visible_at": 6.559, "hold_after_full_text": 1.629, "passed": true}, {"beat": "cta", "expected_words": 17, "first_word": "vous", "last_word": "bio", "rendered_words": 26, "missing_words": [], "ocr_tolerated_by_exact_render_trace": false, "ocr_text": "LES 152 500 E PAR BENEFICIAIRE DE LIASSURANCE-VIE VOUS SOUHAITEZ FAIRE LE POINT SUR VOTRE SITUATION ? PRENEZ RENDEZ-VOUS VIA LE LIEN DANS MA BIO", "render_trace": "Vous souhaitez faire le point sur votre situation ? Prenez rendez-vous via le lien dans ma bio.", "verification_method": "ocr+trace", "duration": 4.899, "full_text_visible_at": 4.41, "hold_after_full_text": 0.489, "passed": true}], "failures": [], "ocr_status": "effectué"}
Loaded multilingual tokenizer (NFKD,fullcase preprocessing)
Loading S3Tokenizer from mlx-community/S3TokenizerV2...
Loaded S3Tokenizer weights
Warning: conds.safetensors not found - ref_audio will be required
[94mText:[0m Après huit ans, combien retirer d'une assurance vie sans impôt ?
[94mVoice:[0m af_heart
[94mSpeed:[0m 1.05x
[94mLanguage:[0m fr
[94mText:[0m Abattement annuel des gains : quatre mille six cents euros seul ; neuf mille deux cents pour un couple marié ou paxée imposé ensemble.
[94mVoice:[0m af_heart
[94mSpeed:[0m 1.05x
[94mLanguage:[0m fr
[94mText:[0m Prenons une assurance vie valorisée à cent vingt mille euros, dont vingt mille euros de gains. Sur un rachat de douze mille euros, dix mille euros correspondent au capital et deux mille euros aux gains.
[94mVoice:[0m af_heart
[94mSpeed:[0m 1.0x
[94mLanguage:[0m fr
[94mText:[0m Deux mille euros de gains restent sous l'abattement de quatre mille six cents euros : pas d'impôt sur le revenu. Les prélèvements sociaux s'appliquent.
[94mVoice:[0m af_heart
[94mSpeed:[0m 1.0x
[94mLanguage:[0m fr
[94mText:[0m Versements depuis le vingt sept septembre deux mille dix sept : sept virgule cinq pour cent possible si les primes sont inférieures ou égales à cent cinquante mille euros.
[94mVoice:[0m af_heart
[94mSpeed:[0m 0.99x
[94mLanguage:[0m fr
[94mText:[0m Vous souhaitez faire le point ?
[94mVoice:[0m af_heart
[94mSpeed:[0m 1.05x
[94mLanguage:[0m fr
[94mText:[0m Prenez rendez vous via le lien dans ma bio.
[94mVoice:[0m af_heart
[94mSpeed:[0m 1.05x
[94mLanguage:[0m fr
Loaded multilingual tokenizer (NFKD,fullcase preprocessing)
Loading S3Tokenizer from mlx-community/S3TokenizerV2...
Loaded S3Tokenizer weights
Warning: conds.safetensors not found - ref_audio will be required
[94mText:[0m Prenons une assurance vie valorisée à cent vingt mille euros, dont vingt mille euros de gains. Sur un rachat de douze mille euros, dix mille euros correspondent au capital et deux mille euros aux gains.
[94mVoice:[0m af_heart
[94mSpeed:[0m 1.0x
[94mLanguage:[0m fr
{"agent": "controle_oral_whisper_local", "passed": true, "failures": [], "model": "/Users/Shared/BRITED-Models/whisper-large-v3-turbo", "checks": ["transcription", "mots_manquants", "hallucinations", "microcoupures", "repetitions"], "pages": [{"beat": "hook", "expected": "Après huit ans, combien retirer d'une assurance vie sans impôt ?", "transcript": "Après 8 ans, combien retirer d'une assurance vie sans impôts ?", "similarity": 0.9091, "missing": ["impot"], "critical_missing": [], "unexpected": ["impots"], "no_speech_probability": 0.0, "compression_ratio": 0.9014, "passed": true}, {"beat": "reponse", "expected": "Chaque année civile : quatre mille six cents euros d'abattement sur les gains pour une personne seule, neuf mille deux cents pour un couple imposé ensemble.", "transcript": "Chaque année civile, 4 600 euros d'abattement sur les gains pour une personne seule, 9 200 pour un couple imposé ensemble.", "similarity": 1.0, "missing": [], "critical_missing": [], "unexpected": [], "no_speech_probability": 0.0, "compression_ratio": 1.1376, "passed": true}, {"beat": "regle_exemple", "expected": "Une assurance vie valorisée à cent vingt mille euros, dont vingt mille euros de gains. Sur un rachat de douze mille euros, dix mille euros correspondent au capital et deux mille euros aux gains.", "transcript": "Une assurance vie valorisée à 120 000 euros, dont 20 000 euros de gains. Sur un rachat de 12 000 euros, 10 000 euros correspondent au capital et 2 000 euros au gain.", "similarity": 0.9412, "missing": ["aux", "gains"], "critical_missing": [], "unexpected": ["au", "gain"], "no_speech_probability": 0.0, "compression_ratio": 1.4397, "passed": true}, {"beat": "exemple_fiscal", "expected": "Deux mille euros de gains restent sous l'abattement de quatre mille six cents euros : pas d'impôt sur le revenu. Les prélèvements sociaux s'appliquent.", "transcript": "2000 euros de gains restent sous l'abattement de 4600 euros, pas d'impôt sur le revenu. Les prélèvements sociaux s'appliquent.", "similarity": 1.0, "missing": [], "critical_missing": [], "unexpected": [], "no_speech_probability": 0.0, "compression_ratio": 1.1217, "passed": true}, {"beat": "nuance", "expected": "Depuis le vingt sept septembre deux mille dix sept, le taux peut être de sept virgule cinq pour cent si les primes ne dépassent pas cent cinquante mille euros.", "transcript": "Depuis le 27 septembre 2017, le taux peut être de 7,5% si les primes ne dépassent pas 150 000 euros.", "similarity": 1.0, "missing": [], "critical_missing": [], "unexpected": [], "no_speech_probability": 0.0, "compression_ratio": 1.0737, "passed": true}, {"beat": "cta", "expected": "Vous souhaitez faire le point sur votre situation ? Prenez rendez vous via le lien dans ma bio.", "transcript": "Vous souhaitez faire le point sur votre situation ? Prenez rendez-vous via le lien dans ma bio.", "similarity": 1.0, "missing": [], "critical_missing": [], "unexpected": [], "no_speech_probability": 0.0, "compression_ratio": 1.092, "passed": true}]}
