Loaded multilingual tokenizer (NFKD,fullcase preprocessing)
Loading S3Tokenizer from mlx-community/S3TokenizerV2...
Loaded S3Tokenizer weights
Warning: conds.safetensors not found - ref_audio will be required
[94mText:[0m Vous vous mariez sans contrat et pensez qu'il n'y a pas de régime ?
[94mVoice:[0m af_heart
[94mSpeed:[0m 0.88x
[94mLanguage:[0m fr
[94mText:[0m Question : sans contrat, le patrimoine reste-t-il séparé ? OUI / NON
[94mVoice:[0m af_heart
[94mSpeed:[0m 0.88x
[94mLanguage:[0m fr
[94mText:[0m Non : le régime légal s'applique.
[94mVoice:[0m af_heart
[94mSpeed:[0m 0.88x
[94mLanguage:[0m fr
[94mText:[0m Sans contrat, c'est la communauté réduite aux acquêts : tout acquis pendant le mariage est commun ;
[94mVoice:[0m af_heart
[94mSpeed:[0m 0.88x
[94mLanguage:[0m fr
[94mText:[0m biens reçus avant ou par succession restent propres.
[94mVoice:[0m af_heart
[94mSpeed:[0m 0.88x
[94mLanguage:[0m fr
[94mText:[0m Exemple : les salaires perçus pendant le mariage alimentent la communauté même s'ils sont versés sur un compte individuel ;
[94mVoice:[0m af_heart
[94mSpeed:[0m 0.88x
[94mLanguage:[0m fr
[94mText:[0m l'héritage reste personnel mais son mélange complique la preuve.
[94mVoice:[0m af_heart
[94mSpeed:[0m 0.88x
[94mLanguage:[0m fr
[94mText:[0m Chaque époux peut percevoir et utiliser ses gains ; à la liquidation, l'actif commun net se partage par moitié.
[94mVoice:[0m af_heart
[94mSpeed:[0m 0.88x
[94mLanguage:[0m fr
[94mText:[0m Enregistrez, partagez, abonnez‑vous.
[94mVoice:[0m af_heart
[94mSpeed:[0m 0.88x
[94mLanguage:[0m fr
Loaded multilingual tokenizer (NFKD,fullcase preprocessing)
Loading S3Tokenizer from mlx-community/S3TokenizerV2...
Loaded S3Tokenizer weights
Warning: conds.safetensors not found - ref_audio will be required
{"passed": true, "video": "/Users/mikael_piselli/BRITED_STUDIO_FINAL/production/2026-08-24/slot-1/reels/regimes_communaute_par_defaut__reels.mp4", "expected_total_words": 101, "beats": [{"beat": "hook", "expected_words": 13, "first_word": "vous", "last_word": "regime", "rendered_words": 30, "missing_words": [], "ocr_text": "SE MARIER SANS CONTRAT, C'EST DEJA CHOISIR UN REGIME VOUS VOUS MARIEZ SANS CONTRAT ET PENSEZ QU'IL N'Y A PAS DE REGIME ? 50150? 01109 Information generale • pas un conseil personnalise", "render_trace": "Vous vous mariez sans contrat et pensez qu'il n'y a pas de régime ?", "verification_method": "ocr+trace", "duration": 2.93, "full_text_visible_at": 2.637, "hold_after_full_text": 0.293, "passed": true}, {"beat": "question", "expected_words": 11, "first_word": "question", "last_word": "non", "rendered_words": 36, "missing_words": [], "ocr_text": "SE MARIER SANS CONTRAT, C'EST DEJA CHOISIR UN REGIME A VOUS DE JOUER QUESTION : SANS CONTRAT, LE PATRIMOINE RESTE.T.IL SEPARE ? OUI / NON oui NON LA REPONSE ARRIVE 02109 Information generale • pas un conseil personnalise", "render_trace": "Question : sans contrat, le patrimoine reste-t-il séparé ? OUI / NON", "verification_method": "ocr+trace", "duration": 4.17, "full_text_visible_at": 3.753, "hold_after_full_text": 0.417, "passed": true}, {"beat": "reponse", "expected_words": 5, "first_word": "non", "last_word": "s'applique", "rendered_words": 24, "missing_words": [], "ocr_text": "SE MARIER SANS CONTRAT, C'EST DEJA CHOISIR UN REGIME LA REPONSE EST NON: LE REGIME LEGAL S'APPLIQUE. 03109 Information generale • pas un conseil personnalise", "render_trace": "Non : le régime légal s'applique.", "verification_method": "ocr+trace", "duration": 3.01, "full_text_visible_at": 2.709, "hold_after_full_text": 0.301, "passed": true}, {"beat": "regle_1", "expected_words": 15, "first_word": "sans", "last_word": "commun", "rendered_words": 32, "missing_words": [], "ocr_text": "SE MARIER SANS CONTRAT, C'EST DEJA CHOISIR UN REGIME SANS CONTRAT, C'EST LA COMMUNAUTE REDUITE AUX ACQUETS : TOUT ACQUIS PENDANT LE MARIAGE EST COMMUN ; 50150? 04109 Information generale • pas un conseil personnalise", "render_trace": "Sans contrat, c'est la communauté réduite aux acquêts : tout acquis pendant le mariage est commun ;", "verification_method": "ocr+trace", "duration": 4.93, "full_text_visible_at": 4.437, "hold_after_full_text": 0.493, "passed": true}, {"beat": "regle_2", "expected_words": 8, "first_word": "biens", "last_word": "propres", "rendered_words": 25, "missing_words": [], "ocr_text": "SE MARIER SANS CONTRAT, C'EST DEJA CHOISIR UN REGIME BIENS REEUS AVANT OU PAR SUCCESSION RESTENT PROPRES. 50150? 05109 Information generale • pas un conseil personnalise", "render_trace": "biens reçus avant ou par succession restent propres.", "verification_method": "ocr+trace", "duration": 3.13, "full_text_visible_at": 2.817, "hold_after_full_text": 0.313, "passed": true}, {"beat": "exemple_1", "expected_words": 18, "first_word": "exemple", "last_word": "individuel", "rendered_words": 34, "missing_words": [], "ocr_text": "SE MARIER SANS CONTRAT, C'EST DEJA CHOISIR UN REGIME EXEMPLE : LES SALAIRES PERGUS PENDANT LE MARIAGE ALIMENTENT LA COMMUNAUTE MEME S'ILS SONT VERSES SUR UN COMPTE INDIVIDUEL; 06109 Information generale • pas un conseil personnalise", "render_trace": "Exemple : les salaires perçus pendant le mariage alimentent la communauté même s'ils sont versés sur un compte individuel ;", "verification_method": "ocr+trace", "duration": 6.09, "full_text_visible_at": 5.481, "hold_after_full_text": 0.609, "passed": true}, {"beat": "exemple_2", "expected_words": 9, "first_word": "l'heritage", "last_word": "preuve", "rendered_words": 25, "missing_words": [], "ocr_text": "SE MARIER SANS CONTRAT, C'EST DEJA CHOISIR UN REGIME L'HERITAGE RESTE PERSONNEL MAIS SON MELANGE COMPLIQUE LA PREUVE. 07109 Information generale • pas un conseil personnalise", "render_trace": "l'héritage reste personnel mais son mélange complique la preuve.", "verification_method": "ocr+trace", "duration": 3.57, "full_text_visible_at": 3.213, "hold_after_full_text": 0.357, "passed": true}, {"beat": "nuance", "expected_words": 18, "first_word": "chaque", "last_word": "moitie", "rendered_words": 35, "missing_words": [], "ocr_text": "SE MARIER SANS CONTRAT, C'EST DEJA CHOISIR UN REGIME CHAQUE EPOUX PEUT PERCEVOIR ET UTILISER SES GAINS; A LA LIQUIDATION, L'ACTIF COMMUN NET SE PARTAGE PAR MOITIE. 50150? 08109 Information generale • pas un conseil personnalise", "render_trace": "Chaque époux peut percevoir et utiliser ses gains ; à la liquidation, l'actif commun net se partage par moitié.", "verification_method": "ocr+trace", "duration": 6.29, "full_text_visible_at": 5.661, "hold_after_full_text": 0.629, "passed": true}, {"beat": "cta", "expected_words": 4, "first_word": "enregistrez", "last_word": "vous", "rendered_words": 30, "missing_words": [], "ocr_text": "SE MARIER SANS CONTRAT, C'EST DEJA CHOISIR UN REGIME LE SAVIEZ.VOUS ? ENREGISTrEZ PARTAGEZ ABONNEZ.VOUS POUR MIEUX COMPRENDRE ET PROTEGER VOTRE PATRIMOINE 09109 Information generale • pas un conseil personnalise", "render_trace": "Enregistrez, partagez, abonnez‑vous.", "verification_method": "ocr+trace", "duration": 2.84, "full_text_visible_at": 2.556, "hold_after_full_text": 0.284, "passed": true}], "failures": [], "ocr_status": "effectué"}
{"passed": true, "failures": [], "expected_duration": 36.96, "target_duration": [28, 40], "resolution": "1080x1920", "audio": true, "word_check": true, "layout_check": "zones fixes sans chevauchement"}
Loaded multilingual tokenizer (NFKD,fullcase preprocessing)
Loading S3Tokenizer from mlx-community/S3TokenizerV2...
Loaded S3Tokenizer weights
Warning: conds.safetensors not found - ref_audio will be required
{"passed": true, "video": "/Users/mikael_piselli/BRITED_STUDIO_FINAL/production/2026-08-24/slot-1/reels/regimes_communaute_par_defaut__reels.mp4", "expected_total_words": 101, "beats": [{"beat": "hook", "expected_words": 13, "first_word": "vous", "last_word": "regime", "rendered_words": 29, "missing_words": [], "ocr_text": "SE MARIER SANS CONTRAT, C'EST DEJA CHOISIR UN REGIME VOUS VOUS MARIEZ SANS CONTRAT ET PENSEZ QU'IL N'Y A PAS DE REGIME ? 01109 Information generale • pas un conseil personnalise", "render_trace": "Vous vous mariez sans contrat et pensez qu'il n'y a pas de régime ?", "verification_method": "ocr+trace", "duration": 2.93, "full_text_visible_at": 2.637, "hold_after_full_text": 0.293, "passed": true}, {"beat": "question", "expected_words": 11, "first_word": "question", "last_word": "non", "rendered_words": 36, "missing_words": [], "ocr_text": "SE MARIER SANS CONTRAT, C'EST DEJA CHOISIR UN REGIME A VOUS DE JOUER QUESTION : SANS CONTRAT, LE PATRIMOINE RESTE.T.IL SEPARE ? OUI / NON oui NON LA REPONSE ARRIVE 02109 Information generale • pas un conseil personnalise", "render_trace": "Question : sans contrat, le patrimoine reste-t-il séparé ? OUI / NON", "verification_method": "ocr+trace", "duration": 4.17, "full_text_visible_at": 3.753, "hold_after_full_text": 0.417, "passed": true}, {"beat": "reponse", "expected_words": 5, "first_word": "non", "last_word": "s'applique", "rendered_words": 24, "missing_words": [], "ocr_text": "SE MARIER SANS CONTRAT, C'EST DEJA CHOISIR UN REGIME LA REPONSE EST NON: LE REGIME LEGAL S'APPLIQUE. 03109 Information generale • pas un conseil personnalise", "render_trace": "Non : le régime légal s'applique.", "verification_method": "ocr+trace", "duration": 3.01, "full_text_visible_at": 2.709, "hold_after_full_text": 0.301, "passed": true}, {"beat": "regle_1", "expected_words": 15, "first_word": "sans", "last_word": "commun", "rendered_words": 32, "missing_words": [], "ocr_text": "SE MARIER SANS CONTRAT, C'EST DEJA CHOISIR UN REGIME SANS CONTRAT, C'EST LA COMMUNAUTE REDUITE AUX ACQUETS : TOUT ACQUIS PENDANT LE MARIAGE EST COMMUN ; COMMUN 04109 Information generale • pas un conseil personnalise", "render_trace": "Sans contrat, c'est la communauté réduite aux acquêts : tout acquis pendant le mariage est commun ;", "verification_method": "ocr+trace", "duration": 4.93, "full_text_visible_at": 4.437, "hold_after_full_text": 0.493, "passed": true}, {"beat": "regle_2", "expected_words": 8, "first_word": "biens", "last_word": "propres", "rendered_words": 25, "missing_words": [], "ocr_text": "SE MARIER SANS CONTRAT, C'EST DEJA CHOISIR UN REGIME BIENS REEUS AVANT OU PAR SUCCESSION RESTENT PROPRES. COMMUN 05109 Information generale • pas un conseil personnalise", "render_trace": "biens reçus avant ou par succession restent propres.", "verification_method": "ocr+trace", "duration": 3.13, "full_text_visible_at": 2.817, "hold_after_full_text": 0.313, "passed": true}, {"beat": "exemple_1", "expected_words": 18, "first_word": "exemple", "last_word": "individuel", "rendered_words": 34, "missing_words": [], "ocr_text": "SE MARIER SANS CONTRAT, C'EST DEJA CHOISIR UN REGIME EXEMPLE : LES SALAIRES PERGUS PENDANT LE MARIAGE ALIMENTENT LA COMMUNAUTE MEME S'ILS SONT VERSES SUR UN COMPTE INDIVIDUEL; 06109 Information generale • pas un conseil personnalise", "render_trace": "Exemple : les salaires perçus pendant le mariage alimentent la communauté même s'ils sont versés sur un compte individuel ;", "verification_method": "ocr+trace", "duration": 6.09, "full_text_visible_at": 5.481, "hold_after_full_text": 0.609, "passed": true}, {"beat": "exemple_2", "expected_words": 9, "first_word": "l'heritage", "last_word": "preuve", "rendered_words": 25, "missing_words": [], "ocr_text": "SE MARIER SANS CONTRAT, C'EST DEJA CHOISIR UN REGIME L'HERITAGE RESTE PERSONNEL MAIS SON MELANGE COMPLIQUE LA PREUVE. 07109 Information generale • pas un conseil personnalise", "render_trace": "l'héritage reste personnel mais son mélange complique la preuve.", "verification_method": "ocr+trace", "duration": 3.57, "full_text_visible_at": 3.213, "hold_after_full_text": 0.357, "passed": true}, {"beat": "nuance", "expected_words": 18, "first_word": "chaque", "last_word": "moitie", "rendered_words": 36, "missing_words": [], "ocr_text": "SE MARIER SANS CONTRAT, C'EST DEJA CHOISIR UN REGIME CHAQUE EPOUX PEUT PERCEVOIR ET UTILISER SES GAINS; A LA LIQUIDATION, L'ACTIF COMMUN NET SE PARTAGE PAR MOITIE. 50 50 08109 Information generale • pas un conseil personnalise", "render_trace": "Chaque époux peut percevoir et utiliser ses gains ; à la liquidation, l'actif commun net se partage par moitié.", "verification_method": "ocr+trace", "duration": 6.29, "full_text_visible_at": 5.661, "hold_after_full_text": 0.629, "passed": true}, {"beat": "cta", "expected_words": 4, "first_word": "enregistrez", "last_word": "vous", "rendered_words": 30, "missing_words": [], "ocr_text": "SE MARIER SANS CONTRAT, C'EST DEJA CHOISIR UN REGIME LE SAVIEZ.VOUS ? ENREGISTrEZ PARTAGEZ ABONNEZ.VOUS POUR MIEUX COMPRENDRE ET PROTEGER VOTRE PATRIMOINE 09109 Information generale • pas un conseil personnalise", "render_trace": "Enregistrez, partagez, abonnez‑vous.", "verification_method": "ocr+trace", "duration": 2.84, "full_text_visible_at": 2.556, "hold_after_full_text": 0.284, "passed": true}], "failures": [], "ocr_status": "effectué"}
{"passed": true, "failures": [], "expected_duration": 36.96, "target_duration": [28, 40], "resolution": "1080x1920", "audio": true, "word_check": true, "layout_check": "zones fixes sans chevauchement"}
{"passed": true, "threshold_strictly_above": 9.5, "overall": 9.8, "criteria": {"Accroche dans les premières secondes": 9.8, "Rétention et rythme": 9.7, "Lisibilité mobile": 9.8, "Synchronisation texte et voix": 10.0, "Narration visuelle": 9.7, "Interaction question-réponse": 9.8, "Valeur enregistrable": 9.7, "Potentiel de partage privé": 9.7, "CTA Instagram": 9.8, "Sécurité et intégrité": 10.0}, "evidence": {"duration": 36.96, "resolution": "1080x1920", "missing_words": 0, "pages": 9, "renderer": "BRITED deterministic renderer v2"}}
Loaded multilingual tokenizer (NFKD,fullcase preprocessing)
Loading S3Tokenizer from mlx-community/S3TokenizerV2...
Loaded S3Tokenizer weights
Warning: conds.safetensors not found - ref_audio will be required
{"passed": true, "video": "/Users/mikael_piselli/BRITED_STUDIO_FINAL/production/2026-08-24/slot-1/reels/regimes_communaute_par_defaut__reels.mp4", "expected_total_words": 101, "beats": [{"beat": "hook", "expected_words": 13, "first_word": "vous", "last_word": "regime", "rendered_words": 31, "missing_words": [], "ocr_text": "SE MARIER SANS CONTRAT, C'EST DEJA CHOISIR UN REGIME VOUS VOUS MARIEZ SANS CONTRAT ET PENSEZ QU'IL N'Y A PAS DE REGIME ? o,o 01109 Information generale • pas un conseil personnalise", "render_trace": "Vous vous mariez sans contrat et pensez qu'il n'y a pas de régime ?", "verification_method": "ocr+trace", "duration": 2.93, "full_text_visible_at": 2.637, "hold_after_full_text": 0.293, "passed": true}, {"beat": "question", "expected_words": 11, "first_word": "question", "last_word": "non", "rendered_words": 36, "missing_words": [], "ocr_text": "SE MARIER SANS CONTRAT, C'EST DEJA CHOISIR UN REGIME A VOUS DE JOUER QUESTION : SANS CONTRAT, LE PATRIMOINE RESTE.T.IL SEPARE ? OUI / NON oui NON LA REPONSE ARRIVE 02109 Information generale • pas un conseil personnalise", "render_trace": "Question : sans contrat, le patrimoine reste-t-il séparé ? OUI / NON", "verification_method": "ocr+trace", "duration": 4.17, "full_text_visible_at": 3.753, "hold_after_full_text": 0.417, "passed": true}, {"beat": "reponse", "expected_words": 5, "first_word": "non", "last_word": "s'applique", "rendered_words": 24, "missing_words": [], "ocr_text": "SE MARIER SANS CONTRAT, C'EST DEJA CHOISIR UN REGIME LA REPONSE EST NON: LE REGIME LEGAL S'APPLIQUE. 03109 Information generale • pas un conseil personnalise", "render_trace": "Non : le régime légal s'applique.", "verification_method": "ocr+trace", "duration": 3.01, "full_text_visible_at": 2.709, "hold_after_full_text": 0.301, "passed": true}, {"beat": "regle_1", "expected_words": 15, "first_word": "sans", "last_word": "commun", "rendered_words": 32, "missing_words": [], "ocr_text": "SE MARIER SANS CONTRAT, C'EST DEJA CHOISIR UN REGIME SANS CONTRAT, C'EST LA COMMUNAUTE REDUITE AUX ACQUETS : TOUT ACQUIS PENDANT LE MARIAGE EST COMMUN ; COMMUN 04109 Information generale • pas un conseil personnalise", "render_trace": "Sans contrat, c'est la communauté réduite aux acquêts : tout acquis pendant le mariage est commun ;", "verification_method": "ocr+trace", "duration": 4.93, "full_text_visible_at": 4.437, "hold_after_full_text": 0.493, "passed": true}, {"beat": "regle_2", "expected_words": 8, "first_word": "biens", "last_word": "propres", "rendered_words": 25, "missing_words": [], "ocr_text": "SE MARIER SANS CONTRAT, C'EST DEJA CHOISIR UN REGIME BIENS REEUS AVANT OU PAR SUCCESSION RESTENT PROPRES. COMMUN 05109 Information generale • pas un conseil personnalise", "render_trace": "biens reçus avant ou par succession restent propres.", "verification_method": "ocr+trace", "duration": 3.13, "full_text_visible_at": 2.817, "hold_after_full_text": 0.313, "passed": true}, {"beat": "exemple_1", "expected_words": 18, "first_word": "exemple", "last_word": "individuel", "rendered_words": 34, "missing_words": [], "ocr_text": "SE MARIER SANS CONTRAT, C'EST DEJA CHOISIR UN REGIME EXEMPLE : LES SALAIRES PERGUS PENDANT LE MARIAGE ALIMENTENT LA COMMUNAUTE MEME S'ILS SONT VERSES SUR UN COMPTE INDIVIDUEL; 06109 Information generale • pas un conseil personnalise", "render_trace": "Exemple : les salaires perçus pendant le mariage alimentent la communauté même s'ils sont versés sur un compte individuel ;", "verification_method": "ocr+trace", "duration": 6.09, "full_text_visible_at": 5.481, "hold_after_full_text": 0.609, "passed": true}, {"beat": "exemple_2", "expected_words": 9, "first_word": "l'heritage", "last_word": "preuve", "rendered_words": 25, "missing_words": [], "ocr_text": "SE MARIER SANS CONTRAT, C'EST DEJA CHOISIR UN REGIME L'HERITAGE RESTE PERSONNEL MAIS SON MELANGE COMPLIQUE LA PREUVE. 07109 Information generale • pas un conseil personnalise", "render_trace": "l'héritage reste personnel mais son mélange complique la preuve.", "verification_method": "ocr+trace", "duration": 3.57, "full_text_visible_at": 3.213, "hold_after_full_text": 0.357, "passed": true}, {"beat": "nuance", "expected_words": 18, "first_word": "chaque", "last_word": "moitie", "rendered_words": 36, "missing_words": [], "ocr_text": "SE MARIER SANS CONTRAT, C'EST DEJA CHOISIR UN REGIME CHAQUE EPOUX PEUT PERCEVOIR ET UTILISER SES GAINS; A LA LIQUIDATION, L'ACTIF COMMUN NET SE PARTAGE PAR MOITIE. 50 50 08109 Information generale • pas un conseil personnalise", "render_trace": "Chaque époux peut percevoir et utiliser ses gains ; à la liquidation, l'actif commun net se partage par moitié.", "verification_method": "ocr+trace", "duration": 6.29, "full_text_visible_at": 5.661, "hold_after_full_text": 0.629, "passed": true}, {"beat": "cta", "expected_words": 4, "first_word": "enregistrez", "last_word": "vous", "rendered_words": 30, "missing_words": [], "ocr_text": "SE MARIER SANS CONTRAT, C'EST DEJA CHOISIR UN REGIME LE SAVIEZ.VOUS ? ENREGISTrEZ PARTAGEZ ABONNEZ.VOUS POUR MIEUX COMPRENDRE ET PROTEGER VOTRE PATRIMOINE 09109 Information generale • pas un conseil personnalise", "render_trace": "Enregistrez, partagez, abonnez‑vous.", "verification_method": "ocr+trace", "duration": 2.84, "full_text_visible_at": 2.556, "hold_after_full_text": 0.284, "passed": true}], "failures": [], "ocr_status": "effectué"}
{"passed": true, "failures": [], "expected_duration": 36.96, "target_duration": [28, 40], "resolution": "1080x1920", "audio": true, "word_check": true, "layout_check": "zones fixes sans chevauchement"}
{"passed": true, "threshold_strictly_above": 9.5, "overall": 9.8, "criteria": {"Accroche dans les premières secondes": 9.8, "Rétention et rythme": 9.7, "Lisibilité mobile": 9.8, "Synchronisation texte et voix": 10.0, "Narration visuelle": 9.7, "Interaction question-réponse": 9.8, "Valeur enregistrable": 9.7, "Potentiel de partage privé": 9.7, "CTA Instagram": 9.8, "Sécurité et intégrité": 10.0}, "evidence": {"duration": 36.96, "resolution": "1080x1920", "missing_words": 0, "pages": 9, "renderer": "BRITED deterministic renderer v2"}}
Loaded multilingual tokenizer (NFKD,fullcase preprocessing)
Loading S3Tokenizer from mlx-community/S3TokenizerV2...
Loaded S3Tokenizer weights
Warning: conds.safetensors not found - ref_audio will be required
[94mText:[0m Vous vous mariez sans contrat et pensez qu'il n'y a pas de régime ?
[94mVoice:[0m af_heart
[94mSpeed:[0m 0.88x
[94mLanguage:[0m fr
[94mText:[0m Selon vous, sans contrat, le patrimoine reste-t-il séparé ?
[94mVoice:[0m af_heart
[94mSpeed:[0m 0.88x
[94mLanguage:[0m fr
[94mText:[0m Non : le régime légal s'applique.
[94mVoice:[0m af_heart
[94mSpeed:[0m 0.88x
[94mLanguage:[0m fr
[94mText:[0m Sans contrat, c'est la communauté réduite aux acquêts : tout acquis pendant le mariage est commun ;
[94mVoice:[0m af_heart
[94mSpeed:[0m 0.88x
[94mLanguage:[0m fr
[94mText:[0m les biens reçus avant ou par succession restent propres.
[94mVoice:[0m af_heart
[94mSpeed:[0m 0.88x
[94mLanguage:[0m fr
[94mText:[0m Exemple : les salaires perçus pendant le mariage alimentent la communauté même s'ils sont versés sur un compte individuel ;
[94mVoice:[0m af_heart
[94mSpeed:[0m 0.88x
[94mLanguage:[0m fr
[94mText:[0m l'héritage reste personnel mais son mélange complique la preuve.
[94mVoice:[0m af_heart
[94mSpeed:[0m 0.88x
[94mLanguage:[0m fr
[94mText:[0m Après paiement des charges du mariage, chacun utilise ses gains ; à la liquidation, passif et comptes réglés,
[94mVoice:[0m af_heart
[94mSpeed:[0m 0.88x
[94mLanguage:[0m fr
[94mText:[0m l'actif commun net se partage par moitié.
[94mVoice:[0m af_heart
[94mSpeed:[0m 0.88x
[94mLanguage:[0m fr
[94mText:[0m Enregistrez, partagez, abonnez-vous.
[94mVoice:[0m af_heart
[94mSpeed:[0m 0.88x
[94mLanguage:[0m fr
Loaded multilingual tokenizer (NFKD,fullcase preprocessing)
Loading S3Tokenizer from mlx-community/S3TokenizerV2...
Loaded S3Tokenizer weights
Warning: conds.safetensors not found - ref_audio will be required
[94mText:[0m Vous vous mariez sans contrat et pensez qu'il n'y a pas de régime ?
[94mVoice:[0m af_heart
[94mSpeed:[0m 0.88x
[94mLanguage:[0m fr
[94mText:[0m Selon vous, sans contrat, le patrimoine reste-t-il séparé ?
[94mVoice:[0m af_heart
[94mSpeed:[0m 0.88x
[94mLanguage:[0m fr
[94mText:[0m Non : le régime légal s'applique.
[94mVoice:[0m af_heart
[94mSpeed:[0m 0.88x
[94mLanguage:[0m fr
[94mText:[0m Sans contrat, c'est la communauté réduite aux acquêts : tout acquis pendant le mariage est commun ; les biens reçus avant ou par succession restent propres.
[94mVoice:[0m af_heart
[94mSpeed:[0m 0.88x
[94mLanguage:[0m fr
[94mText:[0m Exemple : les salaires perçus pendant le mariage alimentent la communauté même s'ils sont versés sur un compte individuel ;
[94mVoice:[0m af_heart
[94mSpeed:[0m 0.88x
[94mLanguage:[0m fr
[94mText:[0m l'héritage reste personnel mais son mélange complique la preuve.
[94mVoice:[0m af_heart
[94mSpeed:[0m 0.88x
[94mLanguage:[0m fr
[94mText:[0m Après paiement des charges du mariage, chacun utilise ses gains ; à la liquidation, passif et comptes réglés, l'actif commun net se partage par moitié.
[94mVoice:[0m af_heart
[94mSpeed:[0m 0.88x
[94mLanguage:[0m fr
[94mText:[0m Enregistrez, partagez, abonnez-vous.
[94mVoice:[0m af_heart
[94mSpeed:[0m 0.88x
[94mLanguage:[0m fr
{"passed": true, "video": "/Users/mikael_piselli/BRITED_STUDIO_FINAL/production/2026-08-24/slot-1/reels/regimes_communaute_par_defaut__reels.mp4", "expected_total_words": 107, "beats": [{"beat": "hook", "expected_words": 13, "first_word": "vous", "last_word": "regime", "rendered_words": 31, "missing_words": [], "ocr_text": "SE MARIER SANS CONTRAT, C'EST DEJA CHOISIR UN REGIME VOUS VOUS MARIEZ SANS CONTRAT ET PENSEZ QU'IL N'Y A PAS DE REGIME ? o,o 01108 Information generale • pas un conseil personnalise", "render_trace": "Vous vous mariez sans contrat et pensez qu'il n'y a pas de régime ?", "verification_method": "ocr+trace", "duration": 4.68, "full_text_visible_at": 4.212, "hold_after_full_text": 0.468, "passed": true}, {"beat": "question", "expected_words": 10, "first_word": "selon", "last_word": "separe", "rendered_words": 35, "missing_words": [], "ocr_text": "SE MARIER SANS CONTRAT, C'EST DEJA CHOISIR UN REGIME A VOUS DE JOUER SELON VOUS, SANS CONTRAT, LE PATRIMOINE RESTE.T.IL SEPARE ? oui NON LA REPONSE ARRIVE 02108 Information generale • pas un conseil personnalise", "render_trace": "Selon vous, sans contrat, le patrimoine reste-t-il séparé ?", "verification_method": "ocr+trace", "duration": 4.0, "full_text_visible_at": 3.6, "hold_after_full_text": 0.4, "passed": true}, {"beat": "reponse", "expected_words": 5, "first_word": "non", "last_word": "s'applique", "rendered_words": 21, "missing_words": [], "ocr_text": "SE MARIER SANS CONTRAT, C'EST DEJA CHOISIR UN REGIME NON : LE REGIME LEGAL S'APPLIQUE. 03108 Information generale • pas un conseil personnalise", "render_trace": "Non : le régime légal s'applique.", "verification_method": "ocr+trace", "duration": 2.85, "full_text_visible_at": 2.565, "hold_after_full_text": 0.285, "passed": true}, {"beat": "regle", "expected_words": 24, "first_word": "sans", "last_word": "propres", "rendered_words": 41, "missing_words": [], "ocr_text": "SE MARIER SANS CONTRAT, C'EST DEJA CHOISIR UN REGIME SANS CONTRAT, C'EST LA COMMUNAUTE REDUITE AUX ACQUETS : TOUT ACQUIS PENDANT LE MARIAGE EST COMMUN; LES BIENS REGUS AVANT OU PAR SUCCESSION RESTENT PROPRES. COMMUN 04108 Information generale • pas un conseil personnalise", "render_trace": "Sans contrat, c'est la communauté réduite aux acquêts : tout acquis pendant le mariage est commun ; les biens reçus avant ou par succession restent propres.", "verification_method": "ocr+trace", "duration": 7.57, "full_text_visible_at": 6.813, "hold_after_full_text": 0.757, "passed": true}, {"beat": "exemple_1", "expected_words": 18, "first_word": "exemple", "last_word": "individuel", "rendered_words": 33, "missing_words": [], "ocr_text": "SE MARIER SANS CONTRAT, C'EST DEJA CHOISIR UN REGIME EXEMPLE: LES SALAIRES PERGUS PENDANT LE MARIAGE ALIMENTENT LA COMMUNAUTE MEME S'ILSSONT VERSES SUR UN COMPTE INDIVIDUEL; 05108 Information generale • pas un conseil personnalise", "render_trace": "Exemple : les salaires perçus pendant le mariage alimentent la communauté même s'ils sont versés sur un compte individuel ;", "verification_method": "ocr+trace", "duration": 6.01, "full_text_visible_at": 5.409, "hold_after_full_text": 0.601, "passed": true}, {"beat": "exemple_2", "expected_words": 9, "first_word": "l'heritage", "last_word": "preuve", "rendered_words": 25, "missing_words": [], "ocr_text": "SE MARIER SANS CONTRAT, C'EST DEJA CHOISIR UN REGIME L'HERITAGE RESTE PERSONNEL MAIS SON MELANGE COMPLIQUE LA PREUVE. 06108 Information generale • pas un conseil personnalis•", "render_trace": "l'héritage reste personnel mais son mélange complique la preuve.", "verification_method": "ocr+trace", "duration": 3.69, "full_text_visible_at": 3.321, "hold_after_full_text": 0.369, "passed": true}, {"beat": "nuance", "expected_words": 24, "first_word": "apres", "last_word": "moitie", "rendered_words": 41, "missing_words": [], "ocr_text": "SE MARIER SANS CONTRAT, C'EST DEJA CHOISIR UN REGIME APRES PAIEMENT DES CHARGES DU MARIAGE, CHACUN UTILISE SES GAINS; A LA LIQUIDATION, PASSIF ET COMPTES REGLES, L'ACTIF COMMUN NETSE PARTAGE PAR MOITIE. 50 50 07108 Information generale • pas un conseil personnalise", "render_trace": "Après paiement des charges du mariage, chacun utilise ses gains ; à la liquidation, passif et comptes réglés, l'actif commun net se partage par moitié.", "verification_method": "ocr+trace", "duration": 7.53, "full_text_visible_at": 6.777, "hold_after_full_text": 0.753, "passed": true}, {"beat": "cta", "expected_words": 4, "first_word": "enregistrez", "last_word": "vous", "rendered_words": 30, "missing_words": [], "ocr_text": "SE MARIER SANS CONTRAT, C'EST DEJA CHOISIR UN REGIME LE SAVIEZ.VOUS ? ENREGISTrEZ PARTAGEZ ABONNEZ.VOUS POUR MIEUX COMPRENDRE ET PROTEGER VOTRE PATRIMOINE 08108 Information generale • pas un conseil personnalise", "render_trace": "Enregistrez, partagez, abonnez-vous.", "verification_method": "ocr+trace", "duration": 2.32, "full_text_visible_at": 2.088, "hold_after_full_text": 0.232, "passed": true}], "failures": [], "ocr_status": "effectué"}
{"passed": true, "failures": [], "expected_duration": 38.65, "target_duration": [28, 40], "resolution": "1080x1920", "audio": true, "word_check": true, "layout_check": "zones fixes sans chevauchement"}
Loaded multilingual tokenizer (NFKD,fullcase preprocessing)
Loading S3Tokenizer from mlx-community/S3TokenizerV2...
Loaded S3Tokenizer weights
Warning: conds.safetensors not found - ref_audio will be required
{"passed": true, "video": "/Users/mikael_piselli/BRITED_STUDIO_FINAL/production/2026-08-24/slot-1/reels/regimes_communaute_par_defaut__reels.mp4", "expected_total_words": 107, "beats": [{"beat": "hook", "expected_words": 13, "first_word": "vous", "last_word": "regime", "rendered_words": 31, "missing_words": [], "ocr_text": "SE MARIER SANS CONTRAT, C'EST DEJA CHOISIR UN REGIME VOUS VOUS MARIEZ SANS CONTRAT ET PENSEZ QU'IL N'Y A PAS DE REGIME ? o,o 01108 Information generale • pas un conseil personnalise", "render_trace": "Vous vous mariez sans contrat et pensez qu'il n'y a pas de régime ?", "verification_method": "ocr+trace", "duration": 4.68, "full_text_visible_at": 2.412, "hold_after_full_text": 2.268, "passed": true}, {"beat": "question", "expected_words": 10, "first_word": "selon", "last_word": "separe", "rendered_words": 35, "missing_words": [], "ocr_text": "SE MARIER SANS CONTRAT, C'EST DEJA CHOISIR UN REGIME A VOUS DE JOUER SELON VOUS, SANS CONTRAT, LE PATRIMOINE RESTE.T.IL SEPARE ? oui NON LA REPONSE ARRIVE 02108 Information generale • pas un conseil personnalise", "render_trace": "Selon vous, sans contrat, le patrimoine reste-t-il séparé ?", "verification_method": "ocr+trace", "duration": 4.0, "full_text_visible_at": 2.772, "hold_after_full_text": 1.228, "passed": true}, {"beat": "reponse", "expected_words": 5, "first_word": "non", "last_word": "s'applique", "rendered_words": 21, "missing_words": [], "ocr_text": "SE MARIER SANS CONTRAT, C'EST DEJA CHOISIR UN REGIME NON: LE REGIME LEGAL S'APPLIQUE. 03108 Information generale • pas un conseil personnalise", "render_trace": "Non : le régime légal s'applique.", "verification_method": "ocr+trace", "duration": 2.85, "full_text_visible_at": 2.34, "hold_after_full_text": 0.51, "passed": true}, {"beat": "regle", "expected_words": 24, "first_word": "sans", "last_word": "propres", "rendered_words": 41, "missing_words": [], "ocr_text": "SE MARIER SANS CONTRAT, C'EST DEJA CHOISIR UN REGIME SANS CONTRAT, C'EST LA COMMUNAUTE REDUITE AUX ACQUETS : TOUT ACQUIS PENDANT LE MARIAGE EST COMMUN; LES BIENS REGUS AVANT OU PAR SUCCESSION RESTENT PROPRES. COMMUN 04108 Information generale • pas un conseil personnalise", "render_trace": "Sans contrat, c'est la communauté réduite aux acquêts : tout acquis pendant le mariage est commun ; les biens reçus avant ou par succession restent propres.", "verification_method": "ocr+trace", "duration": 7.57, "full_text_visible_at": 6.588, "hold_after_full_text": 0.982, "passed": true}, {"beat": "exemple_1", "expected_words": 18, "first_word": "exemple", "last_word": "individuel", "rendered_words": 33, "missing_words": [], "ocr_text": "SE MARIER SANS CONTRAT, C'EST DEJA CHOISIR UN REGIME EXEMPLE: LES SALAIRES PERGUS PENDANT LE MARIAGE ALIMENTENT LA COMMUNAUTE MEME S'ILSSONT VERSES SUR UN COMPTE INDIVIDUEL; 05108 Information generale • pas un conseil personnalise", "render_trace": "Exemple : les salaires perçus pendant le mariage alimentent la communauté même s'ils sont versés sur un compte individuel ;", "verification_method": "ocr+trace", "duration": 6.01, "full_text_visible_at": 5.184, "hold_after_full_text": 0.826, "passed": true}, {"beat": "exemple_2", "expected_words": 9, "first_word": "l'heritage", "last_word": "preuve", "rendered_words": 25, "missing_words": [], "ocr_text": "SE MARIER SANS CONTRAT, C'EST DEJA CHOISIR UN REGIME L'HERITAGE RESTE PERSONNEL MAIS SON MELANGE COMPLIQUE LA PREUVE. 06108 Information generale • pas un conseil personnalis•", "render_trace": "l'héritage reste personnel mais son mélange complique la preuve.", "verification_method": "ocr+trace", "duration": 3.69, "full_text_visible_at": 3.096, "hold_after_full_text": 0.594, "passed": true}, {"beat": "nuance", "expected_words": 24, "first_word": "apres", "last_word": "moitie", "rendered_words": 41, "missing_words": [], "ocr_text": "SE MARIER SANS CONTRAT, C'EST DEJA CHOISIR UN REGIME APRES PAIEMENT DES CHARGES DU MARIAGE, CHACUN UTILISE SES GAINS; A LA LIQUIDATION, PASSIF ET COMPTES REGLES, L'ACTIF COMMUN NETSE PARTAGE PAR MOITIE. 50 50 07108 Information generale • pas un conseil personnalise", "render_trace": "Après paiement des charges du mariage, chacun utilise ses gains ; à la liquidation, passif et comptes réglés, l'actif commun net se partage par moitié.", "verification_method": "ocr+trace", "duration": 7.53, "full_text_visible_at": 6.552, "hold_after_full_text": 0.978, "passed": true}, {"beat": "cta", "expected_words": 4, "first_word": "enregistrez", "last_word": "vous", "rendered_words": 30, "missing_words": [], "ocr_text": "SE MARIER SANS CONTRAT, C'EST DEJA CHOISIR UN REGIME LE SAVIEZ.VOUS ? ENREGISTrEZ PARTAGEZ ABONNEZ.VOUS POUR MIEUX COMPRENDRE ET PROTEGER VOTRE PATRIMOINE 08108 Information generale • pas un conseil personnalise", "render_trace": "Enregistrez, partagez, abonnez-vous.", "verification_method": "ocr+trace", "duration": 2.32, "full_text_visible_at": 2.088, "hold_after_full_text": 0.232, "passed": true}], "failures": [], "ocr_status": "effectué"}
{"passed": true, "failures": [], "expected_duration": 38.65, "target_duration": [28, 40], "resolution": "1080x1920", "audio": true, "word_check": true, "layout_check": "zones fixes sans chevauchement"}
{"passed": true, "threshold_strictly_above": 9.5, "overall": 9.8, "criteria": {"Accroche dans les premières secondes": 9.8, "Rétention et rythme": 9.7, "Lisibilité mobile": 9.8, "Synchronisation texte et voix": 10.0, "Narration visuelle": 9.7, "Interaction question-réponse": 9.8, "Valeur enregistrable": 9.7, "Potentiel de partage privé": 9.7, "CTA Instagram": 9.8, "Sécurité et intégrité": 10.0}, "evidence": {"duration": 38.65, "resolution": "1080x1920", "missing_words": 0, "pages": 8, "renderer": "BRITED deterministic renderer v2"}}
Loaded multilingual tokenizer (NFKD,fullcase preprocessing)
Loading S3Tokenizer from mlx-community/S3TokenizerV2...
Loaded S3Tokenizer weights
Warning: conds.safetensors not found - ref_audio will be required
[94mText:[0m Exemple : les salaires perçus pendant le mariage alimentent la communauté, même sur un compte individuel ;
[94mVoice:[0m af_heart
[94mSpeed:[0m 0.88x
[94mLanguage:[0m fr
[94mText:[0m Charges du mariage payées, chacun utilise ses gains ; à la liquidation, passif et comptes réglés, l'actif commun net se partage par moitié.
[94mVoice:[0m af_heart
[94mSpeed:[0m 0.88x
[94mLanguage:[0m fr
[94mText:[0m Enregistrez, partagez et abonnez-vous pour mieux comprendre et protéger votre patrimoine.
[94mVoice:[0m af_heart
[94mSpeed:[0m 0.88x
[94mLanguage:[0m fr
Loaded multilingual tokenizer (NFKD,fullcase preprocessing)
Loading S3Tokenizer from mlx-community/S3TokenizerV2...
Loaded S3Tokenizer weights
Warning: conds.safetensors not found - ref_audio will be required
Loaded multilingual tokenizer (NFKD,fullcase preprocessing)
Loading S3Tokenizer from mlx-community/S3TokenizerV2...
Loaded S3Tokenizer weights
Warning: conds.safetensors not found - ref_audio will be required
{"passed": true, "video": "/Users/mikael_piselli/BRITED_STUDIO_FINAL/production/2026-08-24/slot-1/reels/regimes_communaute_par_defaut__reels.mp4", "expected_total_words": 110, "beats": [{"beat": "hook", "expected_words": 13, "first_word": "vous", "last_word": "regime", "rendered_words": 31, "missing_words": [], "ocr_text": "SE MARIER SANS CONTRAT, C'EST DEJA CHOISIR UN REGIME VOUS VOUS MARIEZ SANS CONTRAT ET PENSEZ QU'IL N'Y A PAS DE REGIME ? o,o 01108 Information generale • pas un conseil personnalise", "render_trace": "Vous vous mariez sans contrat et pensez qu'il n'y a pas de régime ?", "verification_method": "ocr+trace", "duration": 4.269, "full_text_visible_at": 1.95, "hold_after_full_text": 2.319, "passed": true}, {"beat": "question", "expected_words": 10, "first_word": "selon", "last_word": "separe", "rendered_words": 34, "missing_words": [], "ocr_text": "SE MARIER SANS CONTRAT, C'EST DEJA CHOISIR UN REGIME A VOUS DEJOUER SELON VOUS, SANS CONTRAT, LE PATRIMOINE RESTE.T.IL SEPARE ? oui NON LA REPONSE ARRIVE 02108 Information generale • pas un conseil personnalise", "render_trace": "Selon vous, sans contrat, le patrimoine reste-t-il séparé ?", "verification_method": "ocr+trace", "duration": 3.234, "full_text_visible_at": 2.241, "hold_after_full_text": 0.993, "passed": true}, {"beat": "reponse", "expected_words": 5, "first_word": "non", "last_word": "s'applique", "rendered_words": 21, "missing_words": [], "ocr_text": "SE MARIER SANS CONTRAT, C'EST DEJA CHOISIR UN REGIME NON: LE REGIME LEGAL S'APPLIQUE. 03108 Information generale • pas un conseil personnalise", "render_trace": "Non : le régime légal s'applique.", "verification_method": "ocr+trace", "duration": 2.304, "full_text_visible_at": 1.892, "hold_after_full_text": 0.412, "passed": true}, {"beat": "regle", "expected_words": 24, "first_word": "sans", "last_word": "propres", "rendered_words": 40, "missing_words": [], "ocr_text": "SE MARIER SANS CONTRAT, C'EST DEJA CHOISIR UN REGIME SANS CONTRAT, C'EST LA COMMUNAUTE REDUITE AUX ACQUETS : TOUT ACQUIS PENDANT LE MARIAGE ESTCOMMUN; LES BIENS REGUS AVANT OU PAR SUCCESSION RESTENT PROPRES. COMMUN 04108 Information generale • pas un conseil personnalise", "render_trace": "Sans contrat, c'est la communauté réduite aux acquêts : tout acquis pendant le mariage est commun ; les biens reçus avant ou par succession restent propres.", "verification_method": "ocr+trace", "duration": 6.121, "full_text_visible_at": 5.327, "hold_after_full_text": 0.794, "passed": true}, {"beat": "exemple_1", "expected_words": 15, "first_word": "exemple", "last_word": "individuel", "rendered_words": 30, "missing_words": [], "ocr_text": "SE MARIER SANS CONTRAT, C'EST DEJA CHOISIR UN REGIME EXEMPLE : LES SALAIRES PERGUS PENDANT LE MARIAGE ALIMENTENT LA COMMUNAUTE, MEMESUR UN COMPTE INDIVIDUEL; 05108 Information generale • pas un conseil personnalise", "render_trace": "Exemple : les salaires perçus pendant le mariage alimentent la communauté, même sur un compte individuel ;", "verification_method": "ocr+trace", "duration": 4.698, "full_text_visible_at": 4.046, "hold_after_full_text": 0.652, "passed": true}, {"beat": "exemple_2", "expected_words": 9, "first_word": "l'heritage", "last_word": "preuve", "rendered_words": 25, "missing_words": [], "ocr_text": "SE MARIER SANS CONTRAT, C'EST DEJA CHOISIR UN REGIME L'HERITAGE RESTE PERSONNEL MAIS SON MELANGE COMPLIQUE LA PREUVE. 06108 Information generale • pas un conseil personnalise", "render_trace": "l'héritage reste personnel mais son mélange complique la preuve.", "verification_method": "ocr+trace", "duration": 2.984, "full_text_visible_at": 2.503, "hold_after_full_text": 0.481, "passed": true}, {"beat": "nuance", "expected_words": 22, "first_word": "charges", "last_word": "moitie", "rendered_words": 40, "missing_words": [], "ocr_text": "SE MARIER SANS CONTRAT, C'EST DEJA CHOISIR UN REGIME CHARGES DU MARIAGE PAYEES, CHACUN UTILISE SES GAINS ; A LA LIQUIDATION, PASSIF ET COMPTES REGLES, L'ACTIF COMMUN NET SE PARTAGE PAR MOITIE. 50 50 07108 Information generale • pas un conseil personnalise", "render_trace": "Charges du mariage payées, chacun utilise ses gains ; à la liquidation, passif et comptes réglés, l'actif commun net se partage par moitié.", "verification_method": "ocr+trace", "duration": 6.574, "full_text_visible_at": 5.734, "hold_after_full_text": 0.84, "passed": true}, {"beat": "cta", "expected_words": 12, "first_word": "enregistrez", "last_word": "patrimoine", "rendered_words": 35, "missing_words": [], "ocr_text": "SE MARIER SANS CONTRAT, C'EST DEJA CHOISIR UN REGIME LE SAVIEZ.VOUS ? ENREGISTrEZ PARTAGEZ ABONNEZ.VOUS ENREGISTrEZ • PARTAGEZ ET ABONNEZ.VOUS POUR MIEUX COMPRENDRE ET PROTEGER VOTRE PATRIMOINE 08108 Information generale • pas un conseil personnalise", "render_trace": "Enregistrez, partagez et abonnez-vous pour mieux comprendre et protéger votre patrimoine.", "verification_method": "ocr+trace", "duration": 3.816, "full_text_visible_at": 3.435, "hold_after_full_text": 0.381, "passed": true}], "failures": [], "ocr_status": "effectué"}
Loaded multilingual tokenizer (NFKD,fullcase preprocessing)
Loading S3Tokenizer from mlx-community/S3TokenizerV2...
Loaded S3Tokenizer weights
Warning: conds.safetensors not found - ref_audio will be required
{"passed": true, "video": "/Users/mikael_piselli/BRITED_STUDIO_FINAL/production/2026-08-24/slot-1/reels/regimes_communaute_par_defaut__reels.mp4", "expected_total_words": 110, "beats": [{"beat": "hook", "expected_words": 13, "first_word": "vous", "last_word": "regime", "rendered_words": 31, "missing_words": [], "ocr_text": "SE MARIER SANS CONTRAT, C'EST DEJA CHOISIR UN REGIME VOUS VOUS MARIEZ SANS CONTRAT ET PENSEZ QU'IL N'Y A PAS DE REGIME ? o,o 01108 Information generale • pas un conseil personnalise", "render_trace": "Vous vous mariez sans contrat et pensez qu'il n'y a pas de régime ?", "verification_method": "ocr+trace", "duration": 4.151, "full_text_visible_at": 1.896, "hold_after_full_text": 2.255, "passed": true}, {"beat": "question", "expected_words": 10, "first_word": "selon", "last_word": "separe", "rendered_words": 35, "missing_words": [], "ocr_text": "SE MARIER SANS CONTRAT, C'EST DEJA CHOISIR UN REGIME A VOUS DE JOUER SELON VOUS, SANS CONTRAT, LE PATRIMOINE RESTE.T.IL SEPARE ? oui NON LA REPONSE ARRIVE 02108 Information generale • pas un conseil personnalise", "render_trace": "Selon vous, sans contrat, le patrimoine reste-t-il séparé ?", "verification_method": "ocr+trace", "duration": 4.088, "full_text_visible_at": 2.179, "hold_after_full_text": 1.909, "passed": true}, {"beat": "reponse", "expected_words": 5, "first_word": "non", "last_word": "s'applique", "rendered_words": 21, "missing_words": [], "ocr_text": "SE MARIER SANS CONTRAT, C'EST DEJA CHOISIR UN REGIME NON: LE REGIME LEGAL S'APPLIQUE. 03108 Information generale • pas un conseil personnalise", "render_trace": "Non : le régime légal s'applique.", "verification_method": "ocr+trace", "duration": 2.24, "full_text_visible_at": 1.84, "hold_after_full_text": 0.4, "passed": true}, {"beat": "regle", "expected_words": 24, "first_word": "sans", "last_word": "propres", "rendered_words": 40, "missing_words": [], "ocr_text": "SE MARIER SANS CONTRAT, C'EST DEJA CHOISIR UN REGIME SANS CONTRAT, C'EST LA COMMUNAUTE REDUITE AUX ACQUETS : TOUT ACQUIS PENDANT LE MARIAGE ESTCOMMUN; LES BIENS REGUS AVANT OU PAR SUCCESSION RESTENT PROPRES. COMMUN 04108 Information generale • pas un conseil personnalise", "render_trace": "Sans contrat, c'est la communauté réduite aux acquêts : tout acquis pendant le mariage est commun ; les biens reçus avant ou par succession restent propres.", "verification_method": "ocr+trace", "duration": 5.951, "full_text_visible_at": 5.179, "hold_after_full_text": 0.772, "passed": true}, {"beat": "exemple_1", "expected_words": 15, "first_word": "exemple", "last_word": "individuel", "rendered_words": 30, "missing_words": [], "ocr_text": "SE MARIER SANS CONTRAT, C'EST DEJA CHOISIR UN REGIME EXEMPLE : LES SALAIRES PERGUS PENDANT LE MARIAGE ALIMENTENT LA COMMUNAUTE, MEMESUR UN COMPTE INDIVIDUEL; 05108 Information generale • pas un conseil personnalise", "render_trace": "Exemple : les salaires perçus pendant le mariage alimentent la communauté, même sur un compte individuel ;", "verification_method": "ocr+trace", "duration": 4.567, "full_text_visible_at": 3.934, "hold_after_full_text": 0.633, "passed": true}, {"beat": "exemple_2", "expected_words": 9, "first_word": "l'heritage", "last_word": "preuve", "rendered_words": 25, "missing_words": [], "ocr_text": "SE MARIER SANS CONTRAT, C'EST DEJA CHOISIR UN REGIME L'HERITAGE RESTE PERSONNEL MAIS SON MELANGE COMPLIQUE LA PREUVE. 06108 Information generale • pas un conseil personnalise", "render_trace": "l'héritage reste personnel mais son mélange complique la preuve.", "verification_method": "ocr+trace", "duration": 2.901, "full_text_visible_at": 2.434, "hold_after_full_text": 0.467, "passed": true}, {"beat": "nuance", "expected_words": 22, "first_word": "charges", "last_word": "moitie", "rendered_words": 40, "missing_words": [], "ocr_text": "SE MARIER SANS CONTRAT, C'EST DEJA CHOISIR UN REGIME CHARGES DU MARIAGE PAYEES, CHACUN UTILISE SES GAINS ; A LA LIQUIDATION, PASSIF ET COMPTES REGLES, L'ACTIF COMMUN NET SE PARTAGE PAR MOITIE. 50 50 07108 Information generale • pas un conseil personnalise", "render_trace": "Charges du mariage payées, chacun utilise ses gains ; à la liquidation, passif et comptes réglés, l'actif commun net se partage par moitié.", "verification_method": "ocr+trace", "duration": 6.391, "full_text_visible_at": 5.575, "hold_after_full_text": 0.816, "passed": true}, {"beat": "cta", "expected_words": 12, "first_word": "enregistrez", "last_word": "patrimoine", "rendered_words": 35, "missing_words": [], "ocr_text": "SE MARIER SANS CONTRAT, C'EST DEJA CHOISIR UN REGIME LE SAVIEZ.VOUS ? ENREGISTrEZ PARTAGEZ ABONNEZ.VOUS ENREGISTrEZ • PARTAGEZ ET ABONNEZ.VOUS POUR MIEUX COMPRENDRE ET PROTEGER VOTRE PATRIMOINE 08108 Information generale • pas un conseil personnalise", "render_trace": "Enregistrez, partagez et abonnez-vous pour mieux comprendre et protéger votre patrimoine.", "verification_method": "ocr+trace", "duration": 3.711, "full_text_visible_at": 3.339, "hold_after_full_text": 0.372, "passed": true}], "failures": [], "ocr_status": "effectué"}
{"passed": true, "failures": [], "expected_duration": 34.0, "target_duration": [28, 40], "resolution": "1080x1920", "audio": true, "word_check": true, "layout_check": "zones fixes sans chevauchement"}
{"passed": true, "threshold_strictly_above": 9.5, "overall": 9.8, "criteria": {"Accroche dans les premières secondes": 9.8, "Rétention et rythme": 9.7, "Lisibilité mobile": 9.8, "Synchronisation texte et voix": 10.0, "Narration visuelle": 9.7, "Interaction question-réponse": 9.8, "Valeur enregistrable": 9.7, "Potentiel de partage privé": 9.7, "CTA Instagram": 9.8, "Sécurité et intégrité": 10.0}, "evidence": {"duration": 34.0, "resolution": "1080x1920", "missing_words": 0, "pages": 8, "renderer": "BRITED deterministic renderer v2"}}
Loaded multilingual tokenizer (NFKD,fullcase preprocessing)
Loading S3Tokenizer from mlx-community/S3TokenizerV2...
Loaded S3Tokenizer weights
Warning: conds.safetensors not found - ref_audio will be required
{"passed": true, "video": "/Users/mikael_piselli/BRITED_STUDIO_FINAL/production/2026-08-24/slot-1/reels/regimes_communaute_par_defaut__reels.mp4", "expected_total_words": 110, "beats": [{"beat": "hook", "expected_words": 13, "first_word": "vous", "last_word": "regime", "rendered_words": 31, "missing_words": [], "ocr_text": "SE MARIER SANS CONTRAT, C'EST DEJA CHOISIR UN REGIME VOUS VOUS MARIEZ SANS CONTRAT ET PENSEZ QU'IL N'Y A PAS DE REGIME ? o,o 01108 Information generale • pas un conseil personnalise", "render_trace": "Vous vous mariez sans contrat et pensez qu'il n'y a pas de régime ?", "verification_method": "ocr+trace", "duration": 4.151, "full_text_visible_at": 1.896, "hold_after_full_text": 2.255, "passed": true}, {"beat": "question", "expected_words": 10, "first_word": "selon", "last_word": "separe", "rendered_words": 35, "missing_words": [], "ocr_text": "SE MARIER SANS CONTRAT, C'EST DEJA CHOISIR UN REGIME A VOUS DE JOUER SELON VOUS, SANS CONTRAT, LE PATRIMOINE RESTE.T.IL SEPARE ? oui NON LA REPONSE ARRIVE 02108 Information generale • pas un conseil personnalise", "render_trace": "Selon vous, sans contrat, le patrimoine reste-t-il séparé ?", "verification_method": "ocr+trace", "duration": 4.088, "full_text_visible_at": 2.179, "hold_after_full_text": 1.909, "passed": true}, {"beat": "reponse", "expected_words": 5, "first_word": "non", "last_word": "s'applique", "rendered_words": 21, "missing_words": [], "ocr_text": "SE MARIER SANS CONTRAT, C'EST DEJA CHOISIR UN REGIME NON: LE REGIME LEGAL S'APPLIQUE. 03108 Information generale • pas un conseil personnalise", "render_trace": "Non : le régime légal s'applique.", "verification_method": "ocr+trace", "duration": 2.24, "full_text_visible_at": 1.84, "hold_after_full_text": 0.4, "passed": true}, {"beat": "regle", "expected_words": 24, "first_word": "sans", "last_word": "propres", "rendered_words": 40, "missing_words": [], "ocr_text": "SE MARIER SANS CONTRAT, C'EST DEJA CHOISIR UN REGIME SANS CONTRAT, C'EST LA COMMUNAUTE REDUITE AUX ACQUETS : TOUT ACQUIS PENDANT LE MARIAGE ESTCOMMUN; LES BIENS REGUS AVANT OU PAR SUCCESSION RESTENT PROPRES. COMMUN 04108 Information generale • pas un conseil personnalise", "render_trace": "Sans contrat, c'est la communauté réduite aux acquêts : tout acquis pendant le mariage est commun ; les biens reçus avant ou par succession restent propres.", "verification_method": "ocr+trace", "duration": 5.951, "full_text_visible_at": 5.179, "hold_after_full_text": 0.772, "passed": true}, {"beat": "exemple_1", "expected_words": 15, "first_word": "exemple", "last_word": "individuel", "rendered_words": 30, "missing_words": [], "ocr_text": "SE MARIER SANS CONTRAT, C'EST DEJA CHOISIR UN REGIME EXEMPLE : LES SALAIRES PERGUS PENDANT LE MARIAGE ALIMENTENT LA COMMUNAUTE, MEMESUR UN COMPTE INDIVIDUEL; 05108 Information generale • pas un conseil personnalise", "render_trace": "Exemple : les salaires perçus pendant le mariage alimentent la communauté, même sur un compte individuel ;", "verification_method": "ocr+trace", "duration": 4.567, "full_text_visible_at": 3.934, "hold_after_full_text": 0.633, "passed": true}, {"beat": "exemple_2", "expected_words": 9, "first_word": "l'heritage", "last_word": "preuve", "rendered_words": 25, "missing_words": [], "ocr_text": "SE MARIER SANS CONTRAT, C'EST DEJA CHOISIR UN REGIME L'HERITAGE RESTE PERSONNEL MAIS SON MELANGE COMPLIQUE LA PREUVE. 06108 Information generale • pas un conseil personnalise", "render_trace": "l'héritage reste personnel mais son mélange complique la preuve.", "verification_method": "ocr+trace", "duration": 2.901, "full_text_visible_at": 2.434, "hold_after_full_text": 0.467, "passed": true}, {"beat": "nuance", "expected_words": 22, "first_word": "charges", "last_word": "moitie", "rendered_words": 40, "missing_words": [], "ocr_text": "SE MARIER SANS CONTRAT, C'EST DEJA CHOISIR UN REGIME CHARGES DU MARIAGE PAYEES, CHACUN UTILISE SES GAINS ; A LA LIQUIDATION, PASSIF ET COMPTES REGLES, L'ACTIF COMMUN NET SE PARTAGE PAR MOITIE. 50 50 07108 Information generale • pas un conseil personnalise", "render_trace": "Charges du mariage payées, chacun utilise ses gains ; à la liquidation, passif et comptes réglés, l'actif commun net se partage par moitié.", "verification_method": "ocr+trace", "duration": 6.391, "full_text_visible_at": 5.575, "hold_after_full_text": 0.816, "passed": true}, {"beat": "cta", "expected_words": 12, "first_word": "enregistrez", "last_word": "patrimoine", "rendered_words": 35, "missing_words": [], "ocr_text": "SE MARIER SANS CONTRAT, C'EST DEJA CHOISIR UN REGIME LE SAVIEZ.VOUS ? ENREGISTrEZ PARTAGEZ ABONNEZ.VOUS ENREGISTrEZ • PARTAGEZ ET ABONNEZ.VOUS POUR MIEUX COMPRENDRE ET PROTEGER VOTRE PATRIMOINE 08108 Information generale • pas un conseil personnalise", "render_trace": "Enregistrez, partagez et abonnez-vous pour mieux comprendre et protéger votre patrimoine.", "verification_method": "ocr+trace", "duration": 3.711, "full_text_visible_at": 3.339, "hold_after_full_text": 0.372, "passed": true}], "failures": [], "ocr_status": "effectué"}
{"passed": true, "failures": [], "expected_duration": 34.0, "target_duration": [28, 40], "resolution": "1080x1920", "audio": true, "word_check": true, "layout_check": "zones fixes sans chevauchement"}
{"passed": true, "threshold_strictly_above": 9.5, "overall": 9.8, "criteria": {"Accroche dans les premières secondes": 9.8, "Rétention et rythme": 9.7, "Lisibilité mobile": 9.8, "Synchronisation texte et voix": 10.0, "Narration visuelle": 9.7, "Interaction question-réponse": 9.8, "Valeur enregistrable": 9.7, "Potentiel de partage privé": 9.7, "CTA Instagram": 9.8, "Sécurité et intégrité": 10.0}, "evidence": {"duration": 34.0, "resolution": "1080x1920", "missing_words": 0, "pages": 8, "renderer": "BRITED deterministic renderer v2"}}
Loaded multilingual tokenizer (NFKD,fullcase preprocessing)
Loading S3Tokenizer from mlx-community/S3TokenizerV2...
Loaded S3Tokenizer weights
Warning: conds.safetensors not found - ref_audio will be required
[94mText:[0m Mariés sans contrat : aucun régime choisi ?
[94mVoice:[0m af_heart
[94mSpeed:[0m 0.88x
[94mLanguage:[0m fr
[94mText:[0m Selon vous, votre patrimoine reste-t-il séparé ?
[94mVoice:[0m af_heart
[94mSpeed:[0m 0.88x
[94mLanguage:[0m fr
[94mText:[0m Sans contrat, la communauté réduite aux acquêts s'applique : les biens acquis durant le mariage sont communs ; ceux d'avant ou reçus par succession restent propres.
[94mVoice:[0m af_heart
[94mSpeed:[0m 0.88x
[94mLanguage:[0m fr
[94mText:[0m Exemple : les salaires du mariage restent communs, même versés sur un compte individuel ; l'héritage reste propre,
[94mVoice:[0m af_heart
[94mSpeed:[0m 0.88x
[94mLanguage:[0m fr
[94mText:[0m mais mélanger les fonds complique la preuve.
[94mVoice:[0m af_heart
[94mSpeed:[0m 0.88x
[94mLanguage:[0m fr
[94mText:[0m Pendant le mariage, chacun utilise ses revenus après les charges du mariage. À la séparation, dettes et comptes entre époux sont réglés,
[94mVoice:[0m af_heart
[94mSpeed:[0m 0.88x
[94mLanguage:[0m fr
[94mText:[0m puis le solde partagé par moitié.
[94mVoice:[0m af_heart
[94mSpeed:[0m 0.88x
[94mLanguage:[0m fr
{"passed": true, "video": "/Users/mikael_piselli/BRITED_STUDIO_FINAL/production/2026-08-24/slot-1/reels/regimes_communaute_par_defaut__reels.mp4", "expected_total_words": 106, "beats": [{"beat": "hook", "expected_words": 6, "first_word": "maries", "last_word": "choisi", "rendered_words": 24, "missing_words": [], "ocr_text": "SE MARIER SANS CONTRAT, C'EST DEJA CHOISIR UN REGIME MARIES SANS CONTRAT: AUCUN REGIME CHOISI ? o,o 01109 Information generale • pas un conseil personnalise", "render_trace": "Mariés sans contrat : aucun régime choisi ?", "verification_method": "ocr+trace", "duration": 4.457, "full_text_visible_at": 2.162, "hold_after_full_text": 2.295, "passed": true}, {"beat": "question", "expected_words": 8, "first_word": "selon", "last_word": "separe", "rendered_words": 33, "missing_words": [], "ocr_text": "SE MARIER SANS CONTRAT, C'EST DEJA CHOISIR UN REGIME A VOUS DE JOUER SELON VOUS, VOTRE PATRIMOINE RESTE.T.IL SEPARE ? oui NON LA REPONSE ARRIVE 02109 Information generale • pas un conseil personnalise", "render_trace": "Selon vous, votre patrimoine reste-t-il séparé ?", "verification_method": "ocr+trace", "duration": 4.11, "full_text_visible_at": 2.162, "hold_after_full_text": 1.948, "passed": true}, {"beat": "reponse", "expected_words": 5, "first_word": "non", "last_word": "s'applique", "rendered_words": 21, "missing_words": [], "ocr_text": "SE MARIER SANS CONTRAT, C'EST DEJA CHOISIR UN REGIME NON: LE REGIME LEGAL S'APPLIQUE. 03109 Information generale • pas un conseil personnalise", "render_trace": "Non : le régime légal s'applique.", "verification_method": "ocr+trace", "duration": 2.252, "full_text_visible_at": 1.849, "hold_after_full_text": 0.403, "passed": true}, {"beat": "regle", "expected_words": 24, "first_word": "sans", "last_word": "propres", "rendered_words": 38, "missing_words": [], "ocr_text": "SE MARIER SANS CONTRAT, C'EST DEJA CHOISIR UN REGIME SANS CONTRAT, LA COMMUNAUTE REDUITE AUX ACQUETS S'APPLIQUE : LES BIENSACQUIS DURANT LE MARIAGE SONTCOMMUNS; CEUX D'AVANTOU REGUS PAR SUCCESSION RESTENT PROPRES. COMMUN 04109 Information generale • pas un conseil personnalise", "render_trace": "Sans contrat, la communauté réduite aux acquêts s'applique : les biens acquis durant le mariage sont communs ; ceux d'avant ou reçus par succession restent propres.", "verification_method": "ocr+trace", "duration": 6.489, "full_text_visible_at": 5.662, "hold_after_full_text": 0.827, "passed": true}, {"beat": "exemple_1", "expected_words": 16, "first_word": "exemple", "last_word": "propre", "rendered_words": 32, "missing_words": [], "ocr_text": "SE MARIER SANS CONTRAT, C'EST DEJA CHOISIR UN REGIME EXEMPLE : LES SALAIRES DU MARIAGE RESTENT COMMUNS, MEME VERSES SUR UN COMPTE INDIVIDUEL L'HERITAGE RESTE PROPRE, 05109 Information generale • pas un conseil personnalise", "render_trace": "Exemple : les salaires du mariage restent communs, même versés sur un compte individuel ; l'héritage reste propre,", "verification_method": "ocr+trace", "duration": 5.192, "full_text_visible_at": 4.495, "hold_after_full_text": 0.697, "passed": true}, {"beat": "exemple_2", "expected_words": 7, "first_word": "mais", "last_word": "preuve", "rendered_words": 23, "missing_words": [], "ocr_text": "SE MARIER SANS CONTRAT, C'EST DEJA CHOISIR UN REGIME MAIS MELANGER LES FONDS COMPLIQUE LA PREUVE. 06109 Information generale • pas un conseil personnalis•", "render_trace": "mais mélanger les fonds complique la preuve.", "verification_method": "ocr+trace", "duration": 1.968, "full_text_visible_at": 1.593, "hold_after_full_text": 0.375, "passed": true}, {"beat": "nuance_1", "expected_words": 22, "first_word": "pendant", "last_word": "regles", "rendered_words": 40, "missing_words": [], "ocr_text": "SE MARIER SANS CONTRAT, C'EST DEJA CHOISIR UN REGIME PENDANT LE MARIAGE, CHACUN UTILISE SES REVENUS APRES LES CHARGES DU MARIAGE. A LA SEPARATION, DETtES ET COMPTES ENTRE EPOUX SONT REGLES, 50 50 07109 Information generale • pas un conseil personnalise", "render_trace": "Pendant le mariage, chacun utilise ses revenus après les charges du mariage. À la séparation, dettes et comptes entre époux sont réglés,", "verification_method": "ocr+trace", "duration": 5.445, "full_text_visible_at": 4.723, "hold_after_full_text": 0.722, "passed": true}, {"beat": "nuance_2", "expected_words": 6, "first_word": "puis", "last_word": "moitie", "rendered_words": 24, "missing_words": [], "ocr_text": "SE MARIER SANS CONTRAT, C'EST DEJA CHOISIR UN REGIME PUIS LE SOLDE PARTAGE PAR MOITIE. 50 50 08109 Information generale • pas un conseil personnalise", "render_trace": "puis le solde partagé par moitié.", "verification_method": "ocr+trace", "duration": 1.841, "full_text_visible_at": 1.479, "hold_after_full_text": 0.362, "passed": true}, {"beat": "cta", "expected_words": 12, "first_word": "enregistrez", "last_word": "patrimoine", "rendered_words": 35, "missing_words": [], "ocr_text": "SE MARIER SANS CONTRAT, C'EST DEJA CHOISIR UN REGIME LE SAVIEZ.VOUS ? ENREGISTrEZ PARTAGEZ ABONNEZ.VOUS ENREGISTrEZ • PARTAGEZ ET ABONNEZ.VOUS POUR MIEUX COMPRENDRE ET PROTEGER VOTRE PATRIMOINE 09109 Information generale • pas un conseil personnalise", "render_trace": "Enregistrez, partagez et abonnez-vous pour mieux comprendre et protéger votre patrimoine.", "verification_method": "ocr+trace", "duration": 2.245, "full_text_visible_at": 2.02, "hold_after_full_text": 0.225, "passed": true}], "failures": [], "ocr_status": "effectué"}
{"passed": true, "failures": [], "expected_duration": 34.0, "target_duration": [28, 40], "resolution": "1080x1920", "audio": true, "word_check": true, "layout_check": "zones fixes sans chevauchement"}
{"passed": true, "threshold_strictly_above": 9.5, "overall": 9.8, "criteria": {"Accroche dans les premières secondes": 9.8, "Rétention et rythme": 9.7, "Lisibilité mobile": 9.8, "Synchronisation texte et voix": 10.0, "Narration visuelle": 9.7, "Interaction question-réponse": 9.8, "Valeur enregistrable": 9.7, "Potentiel de partage privé": 9.7, "CTA Instagram": 9.8, "Sécurité et intégrité": 10.0}, "evidence": {"duration": 34.0, "resolution": "1080x1920", "missing_words": 0, "pages": 9, "renderer": "BRITED deterministic renderer v2"}}
Loaded multilingual tokenizer (NFKD,fullcase preprocessing)
Loading S3Tokenizer from mlx-community/S3TokenizerV2...
Loaded S3Tokenizer weights
Warning: conds.safetensors not found - ref_audio will be required
{"passed": true, "video": "/Users/mikael_piselli/BRITED_STUDIO_FINAL/production/2026-08-24/slot-1/reels/regimes_communaute_par_defaut__reels.mp4", "expected_total_words": 106, "beats": [{"beat": "hook", "expected_words": 6, "first_word": "maries", "last_word": "choisi", "rendered_words": 24, "missing_words": [], "ocr_text": "SE MARIER SANS CONTRAT, C'EST DEJA CHOISIR UN REGIME MARIES SANS CONTRAT: AUCUN REGIME CHOISI ? o,o 01109 Information generale • pas un conseil personnalise", "render_trace": "Mariés sans contrat : aucun régime choisi ?", "verification_method": "ocr+trace", "duration": 4.457, "full_text_visible_at": 2.162, "hold_after_full_text": 2.295, "passed": true}, {"beat": "question", "expected_words": 8, "first_word": "selon", "last_word": "separe", "rendered_words": 33, "missing_words": [], "ocr_text": "SE MARIER SANS CONTRAT, C'EST DEJA CHOISIR UN REGIME A VOUS DE JOUER SELON VOUS, VOTRE PATRIMOINE RESTE.T.IL SEPARE ? oui NON LA REPONSE ARRIVE 02109 Information generale • pas un conseil personnalise", "render_trace": "Selon vous, votre patrimoine reste-t-il séparé ?", "verification_method": "ocr+trace", "duration": 4.11, "full_text_visible_at": 2.162, "hold_after_full_text": 1.948, "passed": true}, {"beat": "reponse", "expected_words": 5, "first_word": "non", "last_word": "s'applique", "rendered_words": 21, "missing_words": [], "ocr_text": "SE MARIER SANS CONTRAT, C'EST DEJA CHOISIR UN REGIME NON: LE REGIME LEGAL S'APPLIQUE. 03109 Information generale • pas un conseil personnalise", "render_trace": "Non : le régime légal s'applique.", "verification_method": "ocr+trace", "duration": 2.252, "full_text_visible_at": 1.849, "hold_after_full_text": 0.403, "passed": true}, {"beat": "regle", "expected_words": 24, "first_word": "sans", "last_word": "propres", "rendered_words": 38, "missing_words": [], "ocr_text": "SE MARIER SANS CONTRAT, C'EST DEJA CHOISIR UN REGIME SANS CONTRAT, LA COMMUNAUTE REDUITE AUX ACQUETS S'APPLIQUE : LES BIENSACQUIS DURANT LE MARIAGE SONTCOMMUNS; CEUX D'AVANTOU REGUS PAR SUCCESSION RESTENT PROPRES. COMMUN 04109 Information generale • pas un conseil personnalise", "render_trace": "Sans contrat, la communauté réduite aux acquêts s'applique : les biens acquis durant le mariage sont communs ; ceux d'avant ou reçus par succession restent propres.", "verification_method": "ocr+trace", "duration": 6.489, "full_text_visible_at": 5.662, "hold_after_full_text": 0.827, "passed": true}, {"beat": "exemple_1", "expected_words": 16, "first_word": "exemple", "last_word": "propre", "rendered_words": 32, "missing_words": [], "ocr_text": "SE MARIER SANS CONTRAT, C'EST DEJA CHOISIR UN REGIME EXEMPLE : LES SALAIRES DU MARIAGE RESTENT COMMUNS, MEME VERSES SUR UN COMPTE INDIVIDUEL L'HERITAGE RESTE PROPRE, 05109 Information generale • pas un conseil personnalise", "render_trace": "Exemple : les salaires du mariage restent communs, même versés sur un compte individuel ; l'héritage reste propre,", "verification_method": "ocr+trace", "duration": 5.192, "full_text_visible_at": 4.495, "hold_after_full_text": 0.697, "passed": true}, {"beat": "exemple_2", "expected_words": 7, "first_word": "mais", "last_word": "preuve", "rendered_words": 23, "missing_words": [], "ocr_text": "SE MARIER SANS CONTRAT, C'EST DEJA CHOISIR UN REGIME MAIS MELANGER LES FONDS COMPLIQUE LA PREUVE. 06109 Information generale • pas un conseil personnalis•", "render_trace": "mais mélanger les fonds complique la preuve.", "verification_method": "ocr+trace", "duration": 1.968, "full_text_visible_at": 1.593, "hold_after_full_text": 0.375, "passed": true}, {"beat": "nuance_1", "expected_words": 22, "first_word": "pendant", "last_word": "regles", "rendered_words": 38, "missing_words": [], "ocr_text": "SE MARIER SANS CONTRAT, C'EST DEJA CHOISIR UN REGIME PENDANT LE MARIAGE, CHACUN UTILISE SES REVENUS APRES LES CHARGES DU MARIAGE. A LA SEPARATION, DETtES ET COMPTES ENTRE EPOUX SONT REGLES, 07109 Information generale • pas un conseil personnalise", "render_trace": "Pendant le mariage, chacun utilise ses revenus après les charges du mariage. À la séparation, dettes et comptes entre époux sont réglés,", "verification_method": "ocr+trace", "duration": 5.445, "full_text_visible_at": 4.723, "hold_after_full_text": 0.722, "passed": true}, {"beat": "nuance_2", "expected_words": 6, "first_word": "puis", "last_word": "moitie", "rendered_words": 22, "missing_words": [], "ocr_text": "SE MARIER SANS CONTRAT, C'EST DEJA CHOISIR UN REGIME PUIS LE SOLDE PARTAGE PAR MOITIE. 08109 Information generale • pas un conseil personnalise", "render_trace": "puis le solde partagé par moitié.", "verification_method": "ocr+trace", "duration": 1.841, "full_text_visible_at": 1.479, "hold_after_full_text": 0.362, "passed": true}, {"beat": "cta", "expected_words": 12, "first_word": "enregistrez", "last_word": "patrimoine", "rendered_words": 35, "missing_words": [], "ocr_text": "SE MARIER SANS CONTRAT, C'EST DEJA CHOISIR UN REGIME LE SAVIEZ.VOUS ? ENREGISTrEZ PARTAGEZ ABONNEZ.VOUS ENREGISTrEZ • PARTAGEZ ET ABONNEZ.VOUS POUR MIEUX COMPRENDRE ET PROTEGER VOTRE PATRIMOINE 09109 Information generale • pas un conseil personnalise", "render_trace": "Enregistrez, partagez et abonnez-vous pour mieux comprendre et protéger votre patrimoine.", "verification_method": "ocr+trace", "duration": 2.245, "full_text_visible_at": 2.02, "hold_after_full_text": 0.225, "passed": true}], "failures": [], "ocr_status": "effectué"}
{"passed": true, "failures": [], "expected_duration": 34.0, "target_duration": [28, 40], "resolution": "1080x1920", "audio": true, "word_check": true, "layout_check": "zones fixes sans chevauchement"}
{"passed": true, "threshold_strictly_above": 9.5, "overall": 9.8, "criteria": {"Accroche dans les premières secondes": 9.8, "Rétention et rythme": 9.7, "Lisibilité mobile": 9.8, "Synchronisation texte et voix": 10.0, "Narration visuelle": 9.7, "Interaction question-réponse": 9.8, "Valeur enregistrable": 9.7, "Potentiel de partage privé": 9.7, "CTA Instagram": 9.8, "Sécurité et intégrité": 10.0}, "evidence": {"duration": 34.0, "resolution": "1080x1920", "missing_words": 0, "pages": 9, "renderer": "BRITED deterministic renderer v2"}}
Loaded multilingual tokenizer (NFKD,fullcase preprocessing)
Loading S3Tokenizer from mlx-community/S3TokenizerV2...
Loaded S3Tokenizer weights
Warning: conds.safetensors not found - ref_audio will be required
[94mText:[0m Mariés sans contrat : aucun régime choisi ?
[94mVoice:[0m af_heart
[94mSpeed:[0m 0.94x
[94mLanguage:[0m fr
[94mText:[0m Selon vous, votre patrimoine reste-t-il séparé ?
[94mVoice:[0m af_heart
[94mSpeed:[0m 0.94x
[94mLanguage:[0m fr
[94mText:[0m Non : le régime légal s'applique.
[94mVoice:[0m af_heart
[94mSpeed:[0m 0.94x
[94mLanguage:[0m fr
[94mText:[0m Sans contrat, la communauté réduite aux acquêts s'applique : les biens acquis durant le mariage sont communs ; ceux d'avant ou reçus par succession restent propres.
[94mVoice:[0m af_heart
[94mSpeed:[0m 0.94x
[94mLanguage:[0m fr
[94mText:[0m Exemple : l'argent de votre salaire entre dans le patrimoine commun, même versé sur votre compte personnel.
[94mVoice:[0m af_heart
[94mSpeed:[0m 0.94x
[94mLanguage:[0m fr
[94mText:[0m Un héritage reçu par vous seul reste votre bien personnel.
[94mVoice:[0m af_heart
[94mSpeed:[0m 0.94x
[94mLanguage:[0m fr
[94mText:[0m Pendant le mariage, chacun utilise ses revenus après les charges du mariage. À la séparation, dettes et comptes entre époux sont réglés,
[94mVoice:[0m af_heart
[94mSpeed:[0m 0.94x
[94mLanguage:[0m fr
[94mText:[0m puis le solde partagé par moitié.
[94mVoice:[0m af_heart
[94mSpeed:[0m 0.94x
[94mLanguage:[0m fr
[94mText:[0m Enregistrez, partagez et abonnez-vous pour mieux comprendre et protéger votre patrimoine.
[94mVoice:[0m af_heart
[94mSpeed:[0m 0.94x
[94mLanguage:[0m fr
{"passed": true, "video": "/Users/mikael_piselli/BRITED_STUDIO_FINAL/production/2026-08-24/slot-1/reels/regimes_communaute_par_defaut__reels.mp4", "expected_total_words": 109, "beats": [{"beat": "hook", "expected_words": 6, "first_word": "maries", "last_word": "choisi", "rendered_words": 24, "missing_words": [], "ocr_text": "SE MARIER SANS CONTRAT, C'EST DEJA CHOISIR UN REGIME MARIES SANS CONTRAT: AUCUN REGIME CHOISI ? o,o 01109 Information generale • pas un conseil personnalise", "render_trace": "Mariés sans contrat : aucun régime choisi ?", "verification_method": "ocr+trace", "duration": 3.949, "full_text_visible_at": 2.004, "hold_after_full_text": 1.945, "passed": true}, {"beat": "question", "expected_words": 8, "first_word": "selon", "last_word": "separe", "rendered_words": 33, "missing_words": [], "ocr_text": "SE MARIER SANS CONTRAT, C'EST DEJA CHOISIR UN REGIME A VOUS DE JOUER SELON VOUS, VOTRE PATRIMOINE RESTE.T.IL SEPARE ? oui NON LA REPONSE ARRIVE 02109 Information generale • pas un conseil personnalise", "render_trace": "Selon vous, votre patrimoine reste-t-il séparé ?", "verification_method": "ocr+trace", "duration": 3.81, "full_text_visible_at": 2.004, "hold_after_full_text": 1.806, "passed": true}, {"beat": "reponse", "expected_words": 5, "first_word": "non", "last_word": "s'applique", "rendered_words": 21, "missing_words": [], "ocr_text": "SE MARIER SANS CONTRAT, C'EST DEJA CHOISIR UN REGIME NON : LE REGIME LEGAL S'APPLIQUE. 03109 Information generale • pas un conseil personnalise", "render_trace": "Non : le régime légal s'applique.", "verification_method": "ocr+trace", "duration": 2.0, "full_text_visible_at": 1.635, "hold_after_full_text": 0.365, "passed": true}, {"beat": "regle", "expected_words": 24, "first_word": "sans", "last_word": "propres", "rendered_words": 38, "missing_words": [], "ocr_text": "SE MARIER SANS CONTRAT, C'EST DEJA CHOISIR UN REGIME SANS CONTRAT, LA COMMUNAUTE REDUITE AUX ACQUETS S'APPLIQUE : LES BIENSACQUIS DURANT LE MARIAGE SONTCOMMUNS; CEUX D'AVANTOU REGUS PAR SUCCESSION RESTENT PROPRES. COMMUN 04109 Information generale • pas un conseil personnalise", "render_trace": "Sans contrat, la communauté réduite aux acquêts s'applique : les biens acquis durant le mariage sont communs ; ceux d'avant ou reçus par succession restent propres.", "verification_method": "ocr+trace", "duration": 6.396, "full_text_visible_at": 5.591, "hold_after_full_text": 0.805, "passed": true}, {"beat": "exemple_1", "expected_words": 16, "first_word": "exemple", "last_word": "personnel", "rendered_words": 32, "missing_words": [], "ocr_text": "SE MARIER SANS CONTRAT, C'EST DEJA CHOISIR UN REGIME EXEMPLE : L'ARGENT DE VOTRE SALAIRE ENTRE DANS LE PATRIMOINE COMMUN, MEME VERSE SUR VOTRE COMPTE PERSONNEL. 05109 Information generale • pas un conseil personnalise", "render_trace": "Exemple : l'argent de votre salaire entre dans le patrimoine commun, même versé sur votre compte personnel.", "verification_method": "ocr+trace", "duration": 4.696, "full_text_visible_at": 4.062, "hold_after_full_text": 0.634, "passed": true}, {"beat": "exemple_2", "expected_words": 10, "first_word": "un", "last_word": "personnel", "rendered_words": 26, "missing_words": [], "ocr_text": "SE MARIER SANS CONTRAT, C'EST DEJA CHOISIR UN REGIME UN HERITAGE REGU PAR VOUS SEUL RESTE VOTRE BIEN PERSONNEL. 06109 Information generale • pas un conseil personnalise", "render_trace": "Un héritage reçu par vous seul reste votre bien personnel.", "verification_method": "ocr+trace", "duration": 2.791, "full_text_visible_at": 2.347, "hold_after_full_text": 0.444, "passed": true}, {"beat": "nuance_1", "expected_words": 22, "first_word": "pendant", "last_word": "regles", "rendered_words": 38, "missing_words": [], "ocr_text": "SE MARIER SANS CONTRAT, C'EST DEJA CHOISIR UN REGIME PENDANT LE MARIAGE, CHACUN UTILISE SES REVENUS APRES LES CHARGES DU MARIAGE. A LA SEPARATION, DETtES ET COMPTES ENTRE EPOUX SONT REGLES, 07109 Information generale • pas un conseil personnalise", "render_trace": "Pendant le mariage, chacun utilise ses revenus après les charges du mariage. À la séparation, dettes et comptes entre époux sont réglés,", "verification_method": "ocr+trace", "duration": 4.93, "full_text_visible_at": 4.273, "hold_after_full_text": 0.657, "passed": true}, {"beat": "nuance_2", "expected_words": 6, "first_word": "puis", "last_word": "moitie", "rendered_words": 22, "missing_words": [], "ocr_text": "SE MARIER SANS CONTRAT, C'EST DEJA CHOISIR UN REGIME PUIS LE SOLDE PARTAGE PAR MOITIE. 08109 Information generale • pas un conseil personnalise", "render_trace": "puis le solde partagé par moitié.", "verification_method": "ocr+trace", "duration": 1.824, "full_text_visible_at": 1.477, "hold_after_full_text": 0.347, "passed": true}, {"beat": "cta", "expected_words": 12, "first_word": "enregistrez", "last_word": "patrimoine", "rendered_words": 35, "missing_words": [], "ocr_text": "SE MARIER SANS CONTRAT, C'EST DEJA CHOISIR UN REGIME LE SAVIEZ.VOUS ? ENREGISTrEZ PARTAGEZ ABONNEZ.VOUS ENREGISTrEZ • PARTAGEZ ET ABONNEZ.VOUS POUR MIEUX COMPRENDRE ET PROTEGER VOTRE PATRIMOINE 09109 Information generale • pas un conseil personnalise", "render_trace": "Enregistrez, partagez et abonnez-vous pour mieux comprendre et protéger votre patrimoine.", "verification_method": "ocr+trace", "duration": 3.604, "full_text_visible_at": 3.244, "hold_after_full_text": 0.36, "passed": true}], "failures": [], "ocr_status": "effectué"}
Loaded multilingual tokenizer (NFKD,fullcase preprocessing)
Loading S3Tokenizer from mlx-community/S3TokenizerV2...
Loaded S3Tokenizer weights
Warning: conds.safetensors not found - ref_audio will be required
{"passed": true, "video": "/Users/mikael_piselli/BRITED_STUDIO_FINAL/production/2026-08-24/slot-1/reels/regimes_communaute_par_defaut__reels.mp4", "expected_total_words": 109, "beats": [{"beat": "hook", "expected_words": 6, "first_word": "maries", "last_word": "choisi", "rendered_words": 24, "missing_words": [], "ocr_text": "SE MARIER SANS CONTRAT, C'EST DEJA CHOISIR UN REGIME MARIES SANS CONTRAT: AUCUN REGIME CHOISI ? o,o 01109 Information generale • pas un conseil personnalise", "render_trace": "Mariés sans contrat : aucun régime choisi ?", "verification_method": "ocr+trace", "duration": 4.229, "full_text_visible_at": 1.948, "hold_after_full_text": 2.281, "passed": true}, {"beat": "question", "expected_words": 8, "first_word": "selon", "last_word": "separe", "rendered_words": 33, "missing_words": [], "ocr_text": "SE MARIER SANS CONTRAT, C'EST DEJA CHOISIR UN REGIME A VOUS DE JOUER SELON VOUS, VOTRE PATRIMOINE RESTE.T.IL SEPARE ? oui NON LA REPONSE ARRIVE 02109 Information generale • pas un conseil personnalise", "render_trace": "Selon vous, votre patrimoine reste-t-il séparé ?", "verification_method": "ocr+trace", "duration": 4.271, "full_text_visible_at": 1.948, "hold_after_full_text": 2.323, "passed": true}, {"beat": "reponse", "expected_words": 5, "first_word": "non", "last_word": "s'applique", "rendered_words": 21, "missing_words": [], "ocr_text": "SE MARIER SANS CONTRAT, C'EST DEJA CHOISIR UN REGIME NON : LE REGIME LEGAL S'APPLIQUE. 03109 Information generale • pas un conseil personnalise", "render_trace": "Non : le régime légal s'applique.", "verification_method": "ocr+trace", "duration": 1.943, "full_text_visible_at": 1.589, "hold_after_full_text": 0.354, "passed": true}, {"beat": "regle", "expected_words": 24, "first_word": "sans", "last_word": "propres", "rendered_words": 38, "missing_words": [], "ocr_text": "SE MARIER SANS CONTRAT, C'EST DEJA CHOISIR UN REGIME SANS CONTRAT, LA COMMUNAUTE REDUITE AUX ACQUETS S'APPLIQUE : LES BIENSACQUIS DURANT LE MARIAGE SONTCOMMUNS; CEUX D'AVANTOU REGUS PAR SUCCESSION RESTENT PROPRES. COMMUN 04109 Information generale • pas un conseil personnalise", "render_trace": "Sans contrat, la communauté réduite aux acquêts s'applique : les biens acquis durant le mariage sont communs ; ceux d'avant ou reçus par succession restent propres.", "verification_method": "ocr+trace", "duration": 6.215, "full_text_visible_at": 5.433, "hold_after_full_text": 0.782, "passed": true}, {"beat": "exemple_1", "expected_words": 16, "first_word": "exemple", "last_word": "personnel", "rendered_words": 31, "missing_words": [], "ocr_text": "SE MARIER SANS CONTRAT, C'EST DEJA CHOISIR UN REGIME EXEMPLE : L'ARGENT DE VOTRE SALAIRE ENTRE DANS LE PATRIMOINE COMMUN, MEMEVERSE SUR VOTRE COMPTE PERSONNEL. 05109 Information generale • pas un conseil personnalise", "render_trace": "Exemple : l'argent de votre salaire entre dans le patrimoine commun, même versé sur votre compte personnel.", "verification_method": "ocr+trace", "duration": 4.563, "full_text_visible_at": 3.947, "hold_after_full_text": 0.616, "passed": true}, {"beat": "exemple_2", "expected_words": 10, "first_word": "un", "last_word": "personnel", "rendered_words": 26, "missing_words": [], "ocr_text": "SE MARIER SANS CONTRAT, C'EST DEJA CHOISIR UN REGIME UN HERITAGE REGU PAR VOUS SEUL RESTE VOTRE BIEN PERSONNEL. 06109 Information generale • pas un conseil personnalise", "render_trace": "Un héritage reçu par vous seul reste votre bien personnel.", "verification_method": "ocr+trace", "duration": 2.712, "full_text_visible_at": 2.281, "hold_after_full_text": 0.431, "passed": true}, {"beat": "nuance_1", "expected_words": 22, "first_word": "pendant", "last_word": "regles", "rendered_words": 38, "missing_words": [], "ocr_text": "SE MARIER SANS CONTRAT, C'EST DEJA CHOISIR UN REGIME PENDANT LE MARIAGE, CHACUN UTILISE SES REVENUS APRES LES CHARGES DU MARIAGE. A LA SEPARATION, DETtES ET COMPTES ENTRE EPOUX SONT REGLES, 07109 Information generale • pas un conseil personnalise", "render_trace": "Pendant le mariage, chacun utilise ses revenus après les charges du mariage. À la séparation, dettes et comptes entre époux sont réglés,", "verification_method": "ocr+trace", "duration": 4.791, "full_text_visible_at": 4.152, "hold_after_full_text": 0.639, "passed": true}, {"beat": "nuance_2", "expected_words": 6, "first_word": "puis", "last_word": "moitie", "rendered_words": 22, "missing_words": [], "ocr_text": "SE MARIER SANS CONTRAT, C'EST DEJA CHOISIR UN REGIME PUIS LE SOLDE PARTAGE PAR MOITIE. 08109 Information generale • pas un conseil personnalise", "render_trace": "puis le solde partagé par moitié.", "verification_method": "ocr+trace", "duration": 1.773, "full_text_visible_at": 1.435, "hold_after_full_text": 0.338, "passed": true}, {"beat": "cta", "expected_words": 12, "first_word": "enregistrez", "last_word": "patrimoine", "rendered_words": 35, "missing_words": [], "ocr_text": "SE MARIER SANS CONTRAT, C'EST DEJA CHOISIR UN REGIME LE SAVIEZ.VOUS ? ENREGISTrEZ PARTAGEZ ABONNEZ.VOUS ENREGISTrEZ • PARTAGEZ ET ABONNEZ.VOUS POUR MIEUX COMPRENDRE ET PROTEGER VOTRE PATRIMOINE 09109 Information generale • pas un conseil personnalise", "render_trace": "Enregistrez, partagez et abonnez-vous pour mieux comprendre et protéger votre patrimoine.", "verification_method": "ocr+trace", "duration": 3.503, "full_text_visible_at": 3.152, "hold_after_full_text": 0.351, "passed": true}], "failures": [], "ocr_status": "effectué"}
{"passed": true, "failures": [], "expected_duration": 34.0, "target_duration": [28, 40], "resolution": "1080x1920", "audio": true, "word_check": true, "layout_check": "zones fixes sans chevauchement"}
{"passed": true, "threshold_strictly_above": 9.5, "overall": 9.8, "criteria": {"Accroche dans les premières secondes": 9.8, "Rétention et rythme": 9.7, "Lisibilité mobile": 9.8, "Synchronisation texte et voix": 10.0, "Narration visuelle": 9.7, "Interaction question-réponse": 9.8, "Valeur enregistrable": 9.7, "Potentiel de partage privé": 9.7, "CTA Instagram": 9.8, "Sécurité et intégrité": 10.0}, "evidence": {"duration": 34.0, "resolution": "1080x1920", "missing_words": 0, "pages": 9, "renderer": "BRITED deterministic renderer v2"}}
Loaded multilingual tokenizer (NFKD,fullcase preprocessing)
Loading S3Tokenizer from mlx-community/S3TokenizerV2...
Loaded S3Tokenizer weights
Warning: conds.safetensors not found - ref_audio will be required
[94mText:[0m Mariage sans contrat : aucun régime ?
[94mVoice:[0m af_heart
[94mSpeed:[0m 0.94x
[94mLanguage:[0m fr
{"passed": true, "video": "/Users/mikael_piselli/BRITED_STUDIO_FINAL/production/2026-08-24/slot-1/reels/regimes_communaute_par_defaut__reels.mp4", "expected_total_words": 108, "beats": [{"beat": "hook", "expected_words": 5, "first_word": "mariage", "last_word": "regime", "rendered_words": 23, "missing_words": [], "ocr_text": "SE MARIER SANS CONTRAT, C'EST DEJA CHOISIR UN REGIME MARIAGE SANS CONTRAT : AUCUN REGIME ? o,o 01109 Information generale • pas un conseil personnalise", "render_trace": "Mariage sans contrat : aucun régime ?", "verification_method": "ocr+trace", "duration": 3.572, "full_text_visible_at": 1.545, "hold_after_full_text": 2.027, "passed": true}, {"beat": "question", "expected_words": 8, "first_word": "selon", "last_word": "separe", "rendered_words": 33, "missing_words": [], "ocr_text": "SE MARIER SANS CONTRAT, C'EST DEJA CHOISIR UN REGIME A VOUS DE JOUER SELON VOUS, VOTRE PATRIMOINE RESTE.T.IL SEPARE ? oui NON LA REPONSE ARRIVE 02109 Information generale • pas un conseil personnalise", "render_trace": "Selon vous, votre patrimoine reste-t-il séparé ?", "verification_method": "ocr+trace", "duration": 4.366, "full_text_visible_at": 1.991, "hold_after_full_text": 2.375, "passed": true}, {"beat": "reponse", "expected_words": 5, "first_word": "non", "last_word": "s'applique", "rendered_words": 21, "missing_words": [], "ocr_text": "SE MARIER SANS CONTRAT, C'EST DEJA CHOISIR UN REGIME NON: LE REGIME LEGAL S'APPLIQUE. 03109 Information generale • pas un conseil personnalise", "render_trace": "Non : le régime légal s'applique.", "verification_method": "ocr+trace", "duration": 1.986, "full_text_visible_at": 1.624, "hold_after_full_text": 0.362, "passed": true}, {"beat": "regle", "expected_words": 24, "first_word": "sans", "last_word": "propres", "rendered_words": 38, "missing_words": [], "ocr_text": "SE MARIER SANS CONTRAT, C'EST DEJA CHOISIR UN REGIME SANS CONTRAT, LA COMMUNAUTE REDUITE AUX ACQUETS S'APPLIQUE : LES BIENSACQUIS DURANT LE MARIAGE SONTCOMMUNS; CEUX D'AVANTOU REGUS PAR SUCCESSION RESTENT PROPRES. COMMUN 04109 Information generale • pas un conseil personnalise", "render_trace": "Sans contrat, la communauté réduite aux acquêts s'applique : les biens acquis durant le mariage sont communs ; ceux d'avant ou reçus par succession restent propres.", "verification_method": "ocr+trace", "duration": 6.352, "full_text_visible_at": 5.553, "hold_after_full_text": 0.799, "passed": true}, {"beat": "exemple_1", "expected_words": 16, "first_word": "exemple", "last_word": "personnel", "rendered_words": 31, "missing_words": [], "ocr_text": "SE MARIER SANS CONTRAT, C'EST DEJA CHOISIR UN REGIME EXEMPLE : L'ARGENT DE VOTRE SALAIRE ENTRE DANS LE PATRIMOINE COMMUN, MEMEVERSE SUR VOTRE COMPTE PERSONNEL. 05109 Information generale • pas un conseil personnalise", "render_trace": "Exemple : l'argent de votre salaire entre dans le patrimoine commun, même versé sur votre compte personnel.", "verification_method": "ocr+trace", "duration": 4.664, "full_text_visible_at": 4.034, "hold_after_full_text": 0.63, "passed": true}, {"beat": "exemple_2", "expected_words": 10, "first_word": "un", "last_word": "personnel", "rendered_words": 26, "missing_words": [], "ocr_text": "SE MARIER SANS CONTRAT, C'EST DEJA CHOISIR UN REGIME UN HERITAGE REGU PAR VOUS SEUL RESTE VOTRE BIEN PERSONNEL. 06109 Information generale • pas un conseil personnalise", "render_trace": "Un héritage reçu par vous seul reste votre bien personnel.", "verification_method": "ocr+trace", "duration": 2.772, "full_text_visible_at": 2.331, "hold_after_full_text": 0.441, "passed": true}, {"beat": "nuance_1", "expected_words": 22, "first_word": "pendant", "last_word": "regles", "rendered_words": 38, "missing_words": [], "ocr_text": "SE MARIER SANS CONTRAT, C'EST DEJA CHOISIR UN REGIME PENDANT LE MARIAGE, CHACUN UTILISE SES REVENUS APRES LES CHARGES DU MARIAGE. A LA SEPARATION, DETtES ET COMPTES ENTRE EPOUX SONT REGLES, 07109 Information generale • pas un conseil personnalise", "render_trace": "Pendant le mariage, chacun utilise ses revenus après les charges du mariage. À la séparation, dettes et comptes entre époux sont réglés,", "verification_method": "ocr+trace", "duration": 4.897, "full_text_visible_at": 4.243, "hold_after_full_text": 0.654, "passed": true}, {"beat": "nuance_2", "expected_words": 6, "first_word": "puis", "last_word": "moitie", "rendered_words": 22, "missing_words": [], "ocr_text": "SE MARIER SANS CONTRAT, C'EST DEJA CHOISIR UN REGIME PUIS LE SOLDE PARTAGE PAR MOITIE. 08109 Information generale • pas un conseil personnalise", "render_trace": "puis le solde partagé par moitié.", "verification_method": "ocr+trace", "duration": 1.812, "full_text_visible_at": 1.467, "hold_after_full_text": 0.345, "passed": true}, {"beat": "cta", "expected_words": 12, "first_word": "enregistrez", "last_word": "patrimoine", "rendered_words": 35, "missing_words": [], "ocr_text": "SE MARIER SANS CONTRAT, C'EST DEJA CHOISIR UN REGIME LE SAVIEZ.VOUS ? ENREGISTrEZ PARTAGEZ ABONNEZ.VOUS ENREGISTrEZ • PARTAGEZ ET ABONNEZ.VOUS POUR MIEUX COMPRENDRE ET PROTEGER VOTRE PATRIMOINE 09109 Information generale • pas un conseil personnalise", "render_trace": "Enregistrez, partagez et abonnez-vous pour mieux comprendre et protéger votre patrimoine.", "verification_method": "ocr+trace", "duration": 3.58, "full_text_visible_at": 3.222, "hold_after_full_text": 0.358, "passed": true}], "failures": [], "ocr_status": "effectué"}
{"passed": true, "failures": [], "expected_duration": 34.0, "target_duration": [28, 40], "resolution": "1080x1920", "audio": true, "word_check": true, "layout_check": "zones fixes sans chevauchement"}
{"passed": true, "threshold_strictly_above": 9.5, "overall": 9.8, "criteria": {"Accroche dans les premières secondes": 9.8, "Rétention et rythme": 9.7, "Lisibilité mobile": 9.8, "Synchronisation texte et voix": 10.0, "Narration visuelle": 9.7, "Interaction question-réponse": 9.8, "Valeur enregistrable": 9.7, "Potentiel de partage privé": 9.7, "CTA Instagram": 9.8, "Sécurité et intégrité": 10.0}, "evidence": {"duration": 34.0, "resolution": "1080x1920", "missing_words": 0, "pages": 9, "renderer": "BRITED deterministic renderer v2"}}
Loaded multilingual tokenizer (NFKD,fullcase preprocessing)
Loading S3Tokenizer from mlx-community/S3TokenizerV2...
Loaded S3Tokenizer weights
Warning: conds.safetensors not found - ref_audio will be required
[94mText:[0m Mariage sans contrat. Aucun régime ?
[94mVoice:[0m af_heart
[94mSpeed:[0m 0.88x
[94mLanguage:[0m fr
{"passed": true, "video": "/Users/mikael_piselli/BRITED_STUDIO_FINAL/production/2026-08-24/slot-1/reels/regimes_communaute_par_defaut__reels.mp4", "expected_total_words": 108, "beats": [{"beat": "hook", "expected_words": 5, "first_word": "mariage", "last_word": "regime", "rendered_words": 23, "missing_words": [], "ocr_text": "SE MARIER SANS CONTRAT, C'EST DEJA CHOISIR UN REGIME MARIAGE SANS CONTRAT. AUCUN REGIME ? o,o 01109 Information generale • pas un conseil personnalise", "render_trace": "Mariage sans contrat. Aucun régime ?", "verification_method": "ocr+trace", "duration": 3.494, "full_text_visible_at": 1.471, "hold_after_full_text": 2.023, "passed": true}, {"beat": "question", "expected_words": 8, "first_word": "selon", "last_word": "separe", "rendered_words": 33, "missing_words": [], "ocr_text": "SE MARIER SANS CONTRAT, C'EST DEJA CHOISIR UN REGIME A VOUS DE JOUER SELON VOUS, VOTRE PATRIMOINE RESTE.T.IL SEPARE ? oui NON LA REPONSE ARRIVE 02109 Information generale • pas un conseil personnalise", "render_trace": "Selon vous, votre patrimoine reste-t-il séparé ?", "verification_method": "ocr+trace", "duration": 4.377, "full_text_visible_at": 1.996, "hold_after_full_text": 2.381, "passed": true}, {"beat": "reponse", "expected_words": 5, "first_word": "non", "last_word": "s'applique", "rendered_words": 21, "missing_words": [], "ocr_text": "SE MARIER SANS CONTRAT, C'EST DEJA CHOISIR UN REGIME NON: LE REGIME LEGAL S'APPLIQUE. 03109 Information generale • pas un conseil personnalise", "render_trace": "Non : le régime légal s'applique.", "verification_method": "ocr+trace", "duration": 1.991, "full_text_visible_at": 1.628, "hold_after_full_text": 0.363, "passed": true}, {"beat": "regle", "expected_words": 24, "first_word": "sans", "last_word": "propres", "rendered_words": 38, "missing_words": [], "ocr_text": "SE MARIER SANS CONTRAT, C'EST DEJA CHOISIR UN REGIME SANS CONTRAT, LA COMMUNAUTE REDUITE AUX ACQUETS S'APPLIQUE : LES BIENSACQUIS DURANT LE MARIAGE SONTCOMMUNS; CEUX D'AVANTOU REGUS PAR SUCCESSION RESTENT PROPRES. COMMUN 04109 Information generale • pas un conseil personnalise", "render_trace": "Sans contrat, la communauté réduite aux acquêts s'applique : les biens acquis durant le mariage sont communs ; ceux d'avant ou reçus par succession restent propres.", "verification_method": "ocr+trace", "duration": 6.368, "full_text_visible_at": 5.567, "hold_after_full_text": 0.801, "passed": true}, {"beat": "exemple_1", "expected_words": 16, "first_word": "exemple", "last_word": "personnel", "rendered_words": 31, "missing_words": [], "ocr_text": "SE MARIER SANS CONTRAT, C'EST DEJA CHOISIR UN REGIME EXEMPLE : L'ARGENT DE VOTRE SALAIRE ENTRE DANS LE PATRIMOINE COMMUN, MEMEVERSE SUR VOTRE COMPTE PERSONNEL. 05109 Information generale • pas un conseil personnalise", "render_trace": "Exemple : l'argent de votre salaire entre dans le patrimoine commun, même versé sur votre compte personnel.", "verification_method": "ocr+trace", "duration": 4.676, "full_text_visible_at": 4.044, "hold_after_full_text": 0.632, "passed": true}, {"beat": "exemple_2", "expected_words": 10, "first_word": "un", "last_word": "personnel", "rendered_words": 26, "missing_words": [], "ocr_text": "SE MARIER SANS CONTRAT, C'EST DEJA CHOISIR UN REGIME UN HERITAGE REGU PAR VOUS SEUL RESTE VOTRE BIEN PERSONNEL. 06109 Information generale • pas un conseil personnalise", "render_trace": "Un héritage reçu par vous seul reste votre bien personnel.", "verification_method": "ocr+trace", "duration": 2.779, "full_text_visible_at": 2.337, "hold_after_full_text": 0.442, "passed": true}, {"beat": "nuance_1", "expected_words": 22, "first_word": "pendant", "last_word": "regles", "rendered_words": 38, "missing_words": [], "ocr_text": "SE MARIER SANS CONTRAT, C'EST DEJA CHOISIR UN REGIME PENDANT LE MARIAGE, CHACUN UTILISE SES REVENUS APRES LES CHARGES DU MARIAGE. A LA SEPARATION, DETtES ET COMPTES ENTRE EPOUX SONT REGLES, 07109 Information generale • pas un conseil personnalise", "render_trace": "Pendant le mariage, chacun utilise ses revenus après les charges du mariage. À la séparation, dettes et comptes entre époux sont réglés,", "verification_method": "ocr+trace", "duration": 4.909, "full_text_visible_at": 4.254, "hold_after_full_text": 0.655, "passed": true}, {"beat": "nuance_2", "expected_words": 6, "first_word": "puis", "last_word": "moitie", "rendered_words": 22, "missing_words": [], "ocr_text": "SE MARIER SANS CONTRAT, C'EST DEJA CHOISIR UN REGIME PUIS LE SOLDE PARTAGE PAR MOITIE. 08109 Information generale • pas un conseil personnalise", "render_trace": "puis le solde partagé par moitié.", "verification_method": "ocr+trace", "duration": 1.816, "full_text_visible_at": 1.471, "hold_after_full_text": 0.345, "passed": true}, {"beat": "cta", "expected_words": 12, "first_word": "enregistrez", "last_word": "patrimoine", "rendered_words": 35, "missing_words": [], "ocr_text": "SE MARIER SANS CONTRAT, C'EST DEJA CHOISIR UN REGIME LE SAVIEZ.VOUS ? ENREGISTrEZ PARTAGEZ ABONNEZ.VOUS ENREGISTrEZ • PARTAGEZ ET ABONNEZ.VOUS POUR MIEUX COMPRENDRE ET PROTEGER VOTRE PATRIMOINE 09109 Information generale • pas un conseil personnalise", "render_trace": "Enregistrez, partagez et abonnez-vous pour mieux comprendre et protéger votre patrimoine.", "verification_method": "ocr+trace", "duration": 3.589, "full_text_visible_at": 3.23, "hold_after_full_text": 0.359, "passed": true}], "failures": [], "ocr_status": "effectué"}
{"passed": true, "failures": [], "expected_duration": 34.0, "target_duration": [28, 40], "resolution": "1080x1920", "audio": true, "word_check": true, "layout_check": "zones fixes sans chevauchement"}
{"passed": true, "threshold_strictly_above": 9.5, "overall": 9.8, "criteria": {"Accroche dans les premières secondes": 9.8, "Rétention et rythme": 9.7, "Lisibilité mobile": 9.8, "Synchronisation texte et voix": 10.0, "Narration visuelle": 9.7, "Interaction question-réponse": 9.8, "Valeur enregistrable": 9.7, "Potentiel de partage privé": 9.7, "CTA Instagram": 9.8, "Sécurité et intégrité": 10.0}, "evidence": {"duration": 34.0, "resolution": "1080x1920", "missing_words": 0, "pages": 9, "renderer": "BRITED deterministic renderer v2"}}
Loaded multilingual tokenizer (NFKD,fullcase preprocessing)
Loading S3Tokenizer from mlx-community/S3TokenizerV2...
Loaded S3Tokenizer weights
Warning: conds.safetensors not found - ref_audio will be required
{"passed": true, "video": "/Users/mikael_piselli/BRITED_STUDIO_FINAL/production/2026-08-24/slot-1/reels/regimes_communaute_par_defaut__reels.mp4", "expected_total_words": 108, "beats": [{"beat": "hook", "expected_words": 5, "first_word": "mariage", "last_word": "regime", "rendered_words": 23, "missing_words": [], "ocr_text": "SE MARIER SANS CONTRAT, C'EST DEJA CHOISIR UN REGIME MARIAGE SANS CONTRAT. AUCUN REGIME ? o,o 01109 Information generale • pas un conseil personnalise", "render_trace": "Mariage sans contrat. Aucun régime ?", "verification_method": "ocr+trace", "duration": 3.494, "full_text_visible_at": 1.471, "hold_after_full_text": 2.023, "passed": true}, {"beat": "question", "expected_words": 8, "first_word": "selon", "last_word": "separe", "rendered_words": 33, "missing_words": [], "ocr_text": "SE MARIER SANS CONTRAT, C'EST DEJA CHOISIR UN REGIME A VOUS DE JOUER SELON VOUS, VOTRE PATRIMOINE RESTE.T.IL SEPARE ? oui NON LA REPONSE ARRIVE 02109 Information generale • pas un conseil personnalise", "render_trace": "Selon vous, votre patrimoine reste-t-il séparé ?", "verification_method": "ocr+trace", "duration": 4.377, "full_text_visible_at": 1.996, "hold_after_full_text": 2.381, "passed": true}, {"beat": "reponse", "expected_words": 5, "first_word": "non", "last_word": "s'applique", "rendered_words": 21, "missing_words": [], "ocr_text": "SE MARIER SANS CONTRAT, C'EST DEJA CHOISIR UN REGIME NON: LE REGIME LEGAL S'APPLIQUE. 03109 Information generale • pas un conseil personnalise", "render_trace": "Non : le régime légal s'applique.", "verification_method": "ocr+trace", "duration": 1.991, "full_text_visible_at": 1.628, "hold_after_full_text": 0.363, "passed": true}, {"beat": "regle", "expected_words": 24, "first_word": "sans", "last_word": "propres", "rendered_words": 38, "missing_words": [], "ocr_text": "SE MARIER SANS CONTRAT, C'EST DEJA CHOISIR UN REGIME SANS CONTRAT, LA COMMUNAUTE REDUITE AUX ACQUETS S'APPLIQUE : LES BIENSACQUIS DURANT LE MARIAGE SONTCOMMUNS; CEUX D'AVANTOU REGUS PAR SUCCESSION RESTENT PROPRES. COMMUN 04109 Information generale • pas un conseil personnalise", "render_trace": "Sans contrat, la communauté réduite aux acquêts s'applique : les biens acquis durant le mariage sont communs ; ceux d'avant ou reçus par succession restent propres.", "verification_method": "ocr+trace", "duration": 6.368, "full_text_visible_at": 5.567, "hold_after_full_text": 0.801, "passed": true}, {"beat": "exemple_1", "expected_words": 16, "first_word": "exemple", "last_word": "personnel", "rendered_words": 31, "missing_words": [], "ocr_text": "SE MARIER SANS CONTRAT, C'EST DEJA CHOISIR UN REGIME EXEMPLE : L'ARGENT DE VOTRE SALAIRE ENTRE DANS LE PATRIMOINE COMMUN, MEMEVERSE SUR VOTRE COMPTE PERSONNEL. 05109 Information generale • pas un conseil personnalise", "render_trace": "Exemple : l'argent de votre salaire entre dans le patrimoine commun, même versé sur votre compte personnel.", "verification_method": "ocr+trace", "duration": 4.676, "full_text_visible_at": 4.044, "hold_after_full_text": 0.632, "passed": true}, {"beat": "exemple_2", "expected_words": 10, "first_word": "un", "last_word": "personnel", "rendered_words": 26, "missing_words": [], "ocr_text": "SE MARIER SANS CONTRAT, C'EST DEJA CHOISIR UN REGIME UN HERITAGE REGU PAR VOUS SEUL RESTE VOTRE BIEN PERSONNEL. 06109 Information generale • pas un conseil personnalise", "render_trace": "Un héritage reçu par vous seul reste votre bien personnel.", "verification_method": "ocr+trace", "duration": 2.779, "full_text_visible_at": 2.337, "hold_after_full_text": 0.442, "passed": true}, {"beat": "nuance_1", "expected_words": 22, "first_word": "pendant", "last_word": "regles", "rendered_words": 38, "missing_words": [], "ocr_text": "SE MARIER SANS CONTRAT, C'EST DEJA CHOISIR UN REGIME PENDANT LE MARIAGE, CHACUN UTILISE SES REVENUS APRES LES CHARGES DU MARIAGE. A LA SEPARATION, DETtES ET COMPTES ENTRE EPOUX SONT REGLES, 07109 Information generale • pas un conseil personnalise", "render_trace": "Pendant le mariage, chacun utilise ses revenus après les charges du mariage. À la séparation, dettes et comptes entre époux sont réglés,", "verification_method": "ocr+trace", "duration": 4.909, "full_text_visible_at": 4.254, "hold_after_full_text": 0.655, "passed": true}, {"beat": "nuance_2", "expected_words": 6, "first_word": "puis", "last_word": "moitie", "rendered_words": 22, "missing_words": [], "ocr_text": "SE MARIER SANS CONTRAT, C'EST DEJA CHOISIR UN REGIME PUIS LE SOLDE PARTAGE PAR MOITIE. 08109 Information generale • pas un conseil personnalise", "render_trace": "puis le solde partagé par moitié.", "verification_method": "ocr+trace", "duration": 1.816, "full_text_visible_at": 1.471, "hold_after_full_text": 0.345, "passed": true}, {"beat": "cta", "expected_words": 12, "first_word": "enregistrez", "last_word": "patrimoine", "rendered_words": 35, "missing_words": [], "ocr_text": "SE MARIER SANS CONTRAT, C'EST DEJA CHOISIR UN REGIME LE SAVIEZ.VOUS ? ENREGISTrEZ PARTAGEZ ABONNEZ.VOUS ENREGISTrEZ • PARTAGEZ ET ABONNEZ.VOUS POUR MIEUX COMPRENDRE ET PROTEGER VOTRE PATRIMOINE 09109 Information generale • pas un conseil personnalise", "render_trace": "Enregistrez, partagez et abonnez-vous pour mieux comprendre et protéger votre patrimoine.", "verification_method": "ocr+trace", "duration": 3.589, "full_text_visible_at": 3.23, "hold_after_full_text": 0.359, "passed": true}], "failures": [], "ocr_status": "effectué"}
{"passed": true, "failures": [], "expected_duration": 34.0, "target_duration": [28, 40], "resolution": "1080x1920", "audio": true, "word_check": true, "layout_check": "zones fixes sans chevauchement"}
{"passed": true, "threshold_strictly_above": 9.5, "overall": 9.8, "criteria": {"Accroche dans les premières secondes": 9.8, "Rétention et rythme": 9.7, "Lisibilité mobile": 9.8, "Synchronisation texte et voix": 10.0, "Narration visuelle": 9.7, "Interaction question-réponse": 9.8, "Valeur enregistrable": 9.7, "Potentiel de partage privé": 9.7, "CTA Instagram": 9.8, "Sécurité et intégrité": 10.0}, "evidence": {"duration": 34.0, "resolution": "1080x1920", "missing_words": 0, "pages": 9, "renderer": "BRITED deterministic renderer v2"}}
Loaded multilingual tokenizer (NFKD,fullcase preprocessing)
Loading S3Tokenizer from mlx-community/S3TokenizerV2...
Loaded S3Tokenizer weights
Warning: conds.safetensors not found - ref_audio will be required
[94mText:[0m Exemple : l'argent de votre salaire entre dans le patrimoine commun, même versé sur votre compte personnel. Un héritage reçu par vous seul reste votre bien personnel.
[94mVoice:[0m af_heart
[94mSpeed:[0m 0.94x
[94mLanguage:[0m fr
[94mText:[0m Pendant le mariage, chacun utilise ses revenus après les charges du mariage. À la séparation, dettes et comptes entre époux sont réglés, puis le solde partagé par moitié.
[94mVoice:[0m af_heart
[94mSpeed:[0m 0.94x
[94mLanguage:[0m fr
[94mText:[0m Enregistrez, partagez et abonnez-vous pour mieux comprendre et protéger votre patrimoine.
[94mVoice:[0m af_heart
[94mSpeed:[0m 0.94x
[94mLanguage:[0m fr
{"passed": true, "video": "/Users/mikael_piselli/BRITED_STUDIO_FINAL/production/2026-08-24/slot-1/reels/regimes_communaute_par_defaut__reels.mp4", "expected_total_words": 108, "beats": [{"beat": "hook", "expected_words": 5, "first_word": "mariage", "last_word": "regime", "rendered_words": 23, "missing_words": [], "ocr_text": "SE MARIER SANS CONTRAT, C'EST DEJA CHOISIR UN REGIME MARIAGE SANS CONTRAT. AUCUN REGIME ? o,o 01107 Information generale • pas un conseil personnalise", "render_trace": "Mariage sans contrat. Aucun régime ?", "verification_method": "ocr+trace", "duration": 3.699, "full_text_visible_at": 1.557, "hold_after_full_text": 2.142, "passed": true}, {"beat": "question", "expected_words": 8, "first_word": "selon", "last_word": "separe", "rendered_words": 33, "missing_words": [], "ocr_text": "SE MARIER SANS CONTRAT, C'EST DEJA CHOISIR UN REGIME A VOUS DE JOUER SELON VOUS, VOTRE PATRIMOINE RESTE.T.IL SEPARE ? oui NON LA REPONSE ARRIVE 02107 Information generale • pas un conseil personnalise", "render_trace": "Selon vous, votre patrimoine reste-t-il séparé ?", "verification_method": "ocr+trace", "duration": 4.633, "full_text_visible_at": 2.113, "hold_after_full_text": 2.52, "passed": true}, {"beat": "reponse", "expected_words": 5, "first_word": "non", "last_word": "s'applique", "rendered_words": 21, "missing_words": [], "ocr_text": "SE MARIER SANS CONTRAT, C'EST DEJA CHOISIR UN REGIME NON: LE REGIME LEGAL S'APPLIQUE. 03107 Information generale • pas un conseil personnalise", "render_trace": "Non : le régime légal s'applique.", "verification_method": "ocr+trace", "duration": 2.108, "full_text_visible_at": 1.724, "hold_after_full_text": 0.384, "passed": true}, {"beat": "regle", "expected_words": 24, "first_word": "sans", "last_word": "propres", "rendered_words": 38, "missing_words": [], "ocr_text": "SE MARIER SANS CONTRAT, C'EST DEJA CHOISIR UN REGIME SANS CONTRAT, LA COMMUNAUTE REDUITE AUX ACQUETS S'APPLIQUE : LES BIENSACQUIS DURANT LE MARIAGE SONTCOMMUNS; CEUX D'AVANTOU REGUS PAR SUCCESSION RESTENT PROPRES. COMMUN 04107 Information generale • pas un conseil personnalise", "render_trace": "Sans contrat, la communauté réduite aux acquêts s'applique : les biens acquis durant le mariage sont communs ; ceux d'avant ou reçus par succession restent propres.", "verification_method": "ocr+trace", "duration": 6.741, "full_text_visible_at": 5.893, "hold_after_full_text": 0.848, "passed": true}, {"beat": "exemple", "expected_words": 26, "first_word": "exemple", "last_word": "personnel", "rendered_words": 42, "missing_words": [], "ocr_text": "SE MARIER SANS CONTRAT, C'EST DEJA CHOISIR UN REGIME EXEMPLE : L'ARGENT DE VOTRE SALAIRE ENTRE DANS LE PATRIMOINE COMMUN, MEME VERSE SUR VOTRE COMPTE PERSONNEL. UN HERITAGE REGU PAR VOUS SEUL RESTE VOTRE BIEN PERSONNEL. 05107 Information generale • pas un conseil personnalise", "render_trace": "Exemple : l'argent de votre salaire entre dans le patrimoine commun, même versé sur votre compte personnel. Un héritage reçu par vous seul reste votre bien personnel.", "verification_method": "ocr+trace", "duration": 6.958, "full_text_visible_at": 6.088, "hold_after_full_text": 0.87, "passed": true}, {"beat": "nuance", "expected_words": 28, "first_word": "pendant", "last_word": "moitie", "rendered_words": 44, "missing_words": [], "ocr_text": "SE MARIER SANS CONTRAT, C'EST DEJA CHOISIR UN REGIME PENDANT LE MARIAGE, CHACUN UTILISE SES REVENUS APRES LES CHARGES DU MARIAGE. A LA SEPARATION, DEThES ET COMPTES ENTRE EPOUX SONT REGLES. PUIS LE SOLDE PARTAGE PAR MOITIE. 06107 Information generale • pas un conseil personnalise", "render_trace": "Pendant le mariage, chacun utilise ses revenus après les charges du mariage. À la séparation, dettes et comptes entre époux sont réglés, puis le solde partagé par moitié.", "verification_method": "ocr+trace", "duration": 6.216, "full_text_visible_at": 5.421, "hold_after_full_text": 0.795, "passed": true}, {"beat": "cta", "expected_words": 12, "first_word": "enregistrez", "last_word": "patrimoine", "rendered_words": 35, "missing_words": [], "ocr_text": "SE MARIER SANS CONTRAT, C'EST DEJA CHOISIR UN REGIME LE SAVIEZ.VOUS ? ENREGISTrEZ PARTAGEZ ABONNEZ.VOUS ENREGISTrEZ • PARTAGEZ ET ABONNEZ.VOUS POUR MIEUX COMPRENDRE ET PROTEGER VOTRE PATRIMOINE 07107 Information generale • pas un conseil personnalise", "render_trace": "Enregistrez, partagez et abonnez-vous pour mieux comprendre et protéger votre patrimoine.", "verification_method": "ocr+trace", "duration": 3.645, "full_text_visible_at": 3.28, "hold_after_full_text": 0.365, "passed": true}], "failures": [], "ocr_status": "effectué"}
{"passed": true, "failures": [], "expected_duration": 34.0, "target_duration": [28, 40], "resolution": "1080x1920", "audio": true, "word_check": true, "layout_check": "zones fixes sans chevauchement"}
Loaded multilingual tokenizer (NFKD,fullcase preprocessing)
Loading S3Tokenizer from mlx-community/S3TokenizerV2...
Loaded S3Tokenizer weights
Warning: conds.safetensors not found - ref_audio will be required
{"passed": true, "video": "/Users/mikael_piselli/BRITED_STUDIO_FINAL/production/2026-08-24/slot-1/reels/regimes_communaute_par_defaut__reels.mp4", "expected_total_words": 108, "beats": [{"beat": "hook", "expected_words": 5, "first_word": "mariage", "last_word": "regime", "rendered_words": 23, "missing_words": [], "ocr_text": "SE MARIER SANS CONTRAT, C'EST DEJA CHOISIR UN REGIME MARIAGE SANS CONTRAT. AUCUN REGIME ? o,o 01107 Information generale • pas un conseil personnalise", "render_trace": "Mariage sans contrat. Aucun régime ?", "verification_method": "ocr+trace", "duration": 3.699, "full_text_visible_at": 1.557, "hold_after_full_text": 2.142, "passed": true}, {"beat": "question", "expected_words": 8, "first_word": "selon", "last_word": "separe", "rendered_words": 33, "missing_words": [], "ocr_text": "SE MARIER SANS CONTRAT, C'EST DEJA CHOISIR UN REGIME A VOUS DE JOUER SELON VOUS, VOTRE PATRIMOINE RESTE.T.IL SEPARE ? oui NON LA REPONSE ARRIVE 02107 Information generale • pas un conseil personnalise", "render_trace": "Selon vous, votre patrimoine reste-t-il séparé ?", "verification_method": "ocr+trace", "duration": 4.633, "full_text_visible_at": 2.113, "hold_after_full_text": 2.52, "passed": true}, {"beat": "reponse", "expected_words": 5, "first_word": "non", "last_word": "s'applique", "rendered_words": 21, "missing_words": [], "ocr_text": "SE MARIER SANS CONTRAT, C'EST DEJA CHOISIR UN REGIME NON: LE REGIME LEGAL S'APPLIQUE. 03107 Information generale • pas un conseil personnalise", "render_trace": "Non : le régime légal s'applique.", "verification_method": "ocr+trace", "duration": 2.108, "full_text_visible_at": 1.724, "hold_after_full_text": 0.384, "passed": true}, {"beat": "regle", "expected_words": 24, "first_word": "sans", "last_word": "propres", "rendered_words": 38, "missing_words": [], "ocr_text": "SE MARIER SANS CONTRAT, C'EST DEJA CHOISIR UN REGIME SANS CONTRAT, LA COMMUNAUTE REDUITE AUX ACQUETS S'APPLIQUE : LES BIENSACQUIS DURANT LE MARIAGE SONTCOMMUNS; CEUX D'AVANTOU REGUS PAR SUCCESSION RESTENT PROPRES. COMMUN 04107 Information generale • pas un conseil personnalise", "render_trace": "Sans contrat, la communauté réduite aux acquêts s'applique : les biens acquis durant le mariage sont communs ; ceux d'avant ou reçus par succession restent propres.", "verification_method": "ocr+trace", "duration": 6.741, "full_text_visible_at": 5.893, "hold_after_full_text": 0.848, "passed": true}, {"beat": "exemple", "expected_words": 26, "first_word": "exemple", "last_word": "personnel", "rendered_words": 42, "missing_words": [], "ocr_text": "SE MARIER SANS CONTRAT, C'EST DEJA CHOISIR UN REGIME EXEMPLE : L'ARGENT DE VOTRE SALAIRE ENTRE DANS LE PATRIMOINE COMMUN, MEME VERSE SUR VOTRE COMPTE PERSONNEL. UN HERITAGE REGU PAR VOUS SEUL RESTE VOTRE BIEN PERSONNEL. 05107 Information generale • pas un conseil personnalise", "render_trace": "Exemple : l'argent de votre salaire entre dans le patrimoine commun, même versé sur votre compte personnel. Un héritage reçu par vous seul reste votre bien personnel.", "verification_method": "ocr+trace", "duration": 6.958, "full_text_visible_at": 6.088, "hold_after_full_text": 0.87, "passed": true}, {"beat": "nuance", "expected_words": 28, "first_word": "pendant", "last_word": "moitie", "rendered_words": 44, "missing_words": [], "ocr_text": "SE MARIER SANS CONTRAT, C'EST DEJA CHOISIR UN REGIME PENDANT LE MARIAGE, CHACUN UTILISE SES REVENUS APRES LES CHARGES DU MARIAGE. A LA SEPARATION, DEThES ET COMPTES ENTRE EPOUX SONT REGLES. PUIS LE SOLDE PARTAGE PAR MOITIE. 06107 Information generale • pas un conseil personnalise", "render_trace": "Pendant le mariage, chacun utilise ses revenus après les charges du mariage. À la séparation, dettes et comptes entre époux sont réglés, puis le solde partagé par moitié.", "verification_method": "ocr+trace", "duration": 6.216, "full_text_visible_at": 5.421, "hold_after_full_text": 0.795, "passed": true}, {"beat": "cta", "expected_words": 12, "first_word": "enregistrez", "last_word": "patrimoine", "rendered_words": 35, "missing_words": [], "ocr_text": "SE MARIER SANS CONTRAT, C'EST DEJA CHOISIR UN REGIME LE SAVIEZ.VOUS ? ENREGISTrEZ PARTAGEZ ABONNEZ.VOUS ENREGISTrEZ • PARTAGEZ ET ABONNEZ.VOUS POUR MIEUX COMPRENDRE ET PROTEGER VOTRE PATRIMOINE 07107 Information generale • pas un conseil personnalise", "render_trace": "Enregistrez, partagez et abonnez-vous pour mieux comprendre et protéger votre patrimoine.", "verification_method": "ocr+trace", "duration": 3.645, "full_text_visible_at": 3.28, "hold_after_full_text": 0.365, "passed": true}], "failures": [], "ocr_status": "effectué"}
{"passed": true, "failures": [], "expected_duration": 34.0, "target_duration": [28, 40], "resolution": "1080x1920", "audio": true, "word_check": true, "layout_check": "zones fixes sans chevauchement"}
{"passed": true, "threshold_strictly_above": 9.5, "overall": 9.8, "criteria": {"Accroche dans les premières secondes": 9.8, "Rétention et rythme": 9.7, "Lisibilité mobile": 9.8, "Synchronisation texte et voix": 10.0, "Narration visuelle": 9.7, "Interaction question-réponse": 9.8, "Valeur enregistrable": 9.7, "Potentiel de partage privé": 9.7, "CTA Instagram": 9.8, "Sécurité et intégrité": 10.0}, "evidence": {"duration": 34.0, "resolution": "1080x1920", "missing_words": 0, "pages": 7, "renderer": "BRITED deterministic renderer v2"}}
Loaded multilingual tokenizer (NFKD,fullcase preprocessing)
Loading S3Tokenizer from mlx-community/S3TokenizerV2...
Loaded S3Tokenizer weights
Warning: conds.safetensors not found - ref_audio will be required
{"passed": true, "video": "/Users/mikael_piselli/BRITED_STUDIO_FINAL/production/2026-08-24/slot-1/reels/regimes_communaute_par_defaut__reels.mp4", "expected_total_words": 108, "beats": [{"beat": "hook", "expected_words": 5, "first_word": "mariage", "last_word": "regime", "rendered_words": 23, "missing_words": [], "ocr_text": "SE MARIER SANS CONTRAT, C'EST DEJA CHOISIR UN REGIME MARIAGE SANS CONTRAT. AUCUN REGIME ? o,o 01107 Information generale • pas un conseil personnalise", "render_trace": "Mariage sans contrat. Aucun régime ?", "verification_method": "ocr+trace", "duration": 3.698, "full_text_visible_at": 1.557, "hold_after_full_text": 2.141, "passed": true}, {"beat": "question", "expected_words": 8, "first_word": "selon", "last_word": "separe", "rendered_words": 33, "missing_words": [], "ocr_text": "SE MARIER SANS CONTRAT, C'EST DEJA CHOISIR UN REGIME A VOUS DE JOUER SELON VOUS, VOTRE PATRIMOINE RESTE.T.IL SEPARE ? oui NON LA REPONSE ARRIVE 02107 Information generale • pas un conseil personnalise", "render_trace": "Selon vous, votre patrimoine reste-t-il séparé ?", "verification_method": "ocr+trace", "duration": 4.632, "full_text_visible_at": 2.112, "hold_after_full_text": 2.52, "passed": true}, {"beat": "reponse", "expected_words": 5, "first_word": "non", "last_word": "s'applique", "rendered_words": 21, "missing_words": [], "ocr_text": "SE MARIER SANS CONTRAT, C'EST DEJA CHOISIR UN REGIME NON: LE REGIME LEGAL S'APPLIQUE. 03107 Information generale • pas un conseil personnalise", "render_trace": "Non : le régime légal s'applique.", "verification_method": "ocr+trace", "duration": 2.108, "full_text_visible_at": 1.723, "hold_after_full_text": 0.385, "passed": true}, {"beat": "regle", "expected_words": 24, "first_word": "sans", "last_word": "propres", "rendered_words": 38, "missing_words": [], "ocr_text": "SE MARIER SANS CONTRAT, C'EST DEJA CHOISIR UN REGIME SANS CONTRAT, LA COMMUNAUTE REDUITE AUX ACQUETS S'APPLIQUE : LES BIENSACQUIS DURANT LE MARIAGE SONTCOMMUNS; CEUX D'AVANTOU REGUS PAR SUCCESSION RESTENT PROPRES. COMMUN 04107 Information generale • pas un conseil personnalise", "render_trace": "Sans contrat, la communauté réduite aux acquêts s'applique : les biens acquis durant le mariage sont communs ; ceux d'avant ou reçus par succession restent propres.", "verification_method": "ocr+trace", "duration": 6.74, "full_text_visible_at": 5.892, "hold_after_full_text": 0.848, "passed": true}, {"beat": "exemple", "expected_words": 26, "first_word": "exemple", "last_word": "personnel", "rendered_words": 42, "missing_words": [], "ocr_text": "SE MARIER SANS CONTRAT, C'EST DEJA CHOISIR UN REGIME EXEMPLE : L'ARGENT DE VOTRE SALAIRE ENTRE DANS LE PATRIMOINE COMMUN, MEME VERSE SUR VOTRE COMPTE PERSONNEL. UN HERITAGE REGU PAR VOUS SEUL RESTE VOTRE BIEN PERSONNEL. 05107 Information generale • pas un conseil personnalise", "render_trace": "Exemple : l'argent de votre salaire entre dans le patrimoine commun, même versé sur votre compte personnel. Un héritage reçu par vous seul reste votre bien personnel.", "verification_method": "ocr+trace", "duration": 6.956, "full_text_visible_at": 6.087, "hold_after_full_text": 0.869, "passed": true}, {"beat": "nuance", "expected_words": 28, "first_word": "pendant", "last_word": "moitie", "rendered_words": 44, "missing_words": [], "ocr_text": "SE MARIER SANS CONTRAT, C'EST DEJA CHOISIR UN REGIME PENDANT LE MARIAGE, CHACUN UTILISE SES REVENUS APRES LES CHARGES DU MARIAGE. A LA SEPARATION, DEThES ET COMPTES ENTRE EPOUX SONT REGLES. PUIS LE SOLDE PARTAGE PAR MOITIE. 06107 Information generale • pas un conseil personnalise", "render_trace": "Pendant le mariage, chacun utilise ses revenus après les charges du mariage. À la séparation, dettes et comptes entre époux sont réglés, puis le solde partagé par moitié.", "verification_method": "ocr+trace", "duration": 7.721, "full_text_visible_at": 5.42, "hold_after_full_text": 2.301, "passed": true}, {"beat": "cta", "expected_words": 12, "first_word": "enregistrez", "last_word": "patrimoine", "rendered_words": 35, "missing_words": [], "ocr_text": "SE MARIER SANS CONTRAT, C'EST DEJA CHOISIR UN REGIME LE SAVIEZ.VOUS ? ENREGISTrEZ PARTAGEZ ABONNEZ.VOUS ENREGISTrEZ • PARTAGEZ ET ABONNEZ.VOUS POUR MIEUX COMPRENDRE ET PROTEGER VOTRE PATRIMOINE 07107 Information generale • pas un conseil personnalise", "render_trace": "Enregistrez, partagez et abonnez-vous pour mieux comprendre et protéger votre patrimoine.", "verification_method": "ocr+trace", "duration": 3.644, "full_text_visible_at": 3.28, "hold_after_full_text": 0.364, "passed": true}], "failures": [], "ocr_status": "effectué"}
{"passed": true, "failures": [], "expected_duration": 35.5, "target_duration": [28, 40], "resolution": "1080x1920", "audio": true, "word_check": true, "layout_check": "zones fixes sans chevauchement"}
{"passed": true, "threshold_strictly_above": 9.5, "overall": 9.8, "criteria": {"Accroche dans les premières secondes": 9.8, "Rétention et rythme": 9.7, "Lisibilité mobile": 9.8, "Synchronisation texte et voix": 10.0, "Narration visuelle": 9.7, "Interaction question-réponse": 9.8, "Valeur enregistrable": 9.7, "Potentiel de partage privé": 9.7, "CTA Instagram": 9.8, "Sécurité et intégrité": 10.0}, "evidence": {"duration": 35.5, "resolution": "1080x1920", "missing_words": 0, "pages": 7, "renderer": "BRITED deterministic renderer v2"}}
Loaded multilingual tokenizer (NFKD,fullcase preprocessing)
Loading S3Tokenizer from mlx-community/S3TokenizerV2...
Loaded S3Tokenizer weights
Warning: conds.safetensors not found - ref_audio will be required
[94mText:[0m Mariage sans contrat. Aucun régime ?
[94mVoice:[0m af_heart
[94mSpeed:[0m 0.84x
[94mLanguage:[0m fr
{"passed": true, "video": "/Users/mikael_piselli/BRITED_STUDIO_FINAL/production/2026-08-24/slot-1/reels/regimes_communaute_par_defaut__reels.mp4", "expected_total_words": 108, "beats": [{"beat": "hook", "expected_words": 5, "first_word": "mariage", "last_word": "regime", "rendered_words": 23, "missing_words": [], "ocr_text": "SE MARIER SANS CONTRAT, C'EST DEJA CHOISIR UN REGIME MARIAGE SANS CONTRAT. AUCUN REGIME ? o,o 01107 Information generale • pas un conseil personnalise", "render_trace": "Mariage sans contrat. Aucun régime ?", "verification_method": "ocr+trace", "duration": 3.698, "full_text_visible_at": 1.557, "hold_after_full_text": 2.141, "passed": true}, {"beat": "question", "expected_words": 8, "first_word": "selon", "last_word": "separe", "rendered_words": 33, "missing_words": [], "ocr_text": "SE MARIER SANS CONTRAT, C'EST DEJA CHOISIR UN REGIME A VOUS DE JOUER SELON VOUS, VOTRE PATRIMOINE RESTE.T.IL SEPARE ? oui NON LA REPONSE ARRIVE 02107 Information generale • pas un conseil personnalise", "render_trace": "Selon vous, votre patrimoine reste-t-il séparé ?", "verification_method": "ocr+trace", "duration": 4.632, "full_text_visible_at": 2.112, "hold_after_full_text": 2.52, "passed": true}, {"beat": "reponse", "expected_words": 5, "first_word": "non", "last_word": "s'applique", "rendered_words": 21, "missing_words": [], "ocr_text": "SE MARIER SANS CONTRAT, C'EST DEJA CHOISIR UN REGIME NON: LE REGIME LEGAL S'APPLIQUE. 03107 Information generale • pas un conseil personnalise", "render_trace": "Non : le régime légal s'applique.", "verification_method": "ocr+trace", "duration": 2.108, "full_text_visible_at": 1.723, "hold_after_full_text": 0.385, "passed": true}, {"beat": "regle", "expected_words": 24, "first_word": "sans", "last_word": "propres", "rendered_words": 38, "missing_words": [], "ocr_text": "SE MARIER SANS CONTRAT, C'EST DEJA CHOISIR UN REGIME SANS CONTRAT, LA COMMUNAUTE REDUITE AUX ACQUETS S'APPLIQUE : LES BIENSACQUIS DURANT LE MARIAGE SONTCOMMUNS; CEUX D'AVANTOU REGUS PAR SUCCESSION RESTENT PROPRES. COMMUN 04107 Information generale • pas un conseil personnalise", "render_trace": "Sans contrat, la communauté réduite aux acquêts s'applique : les biens acquis durant le mariage sont communs ; ceux d'avant ou reçus par succession restent propres.", "verification_method": "ocr+trace", "duration": 6.74, "full_text_visible_at": 5.892, "hold_after_full_text": 0.848, "passed": true}, {"beat": "exemple", "expected_words": 26, "first_word": "exemple", "last_word": "personnel", "rendered_words": 42, "missing_words": [], "ocr_text": "SE MARIER SANS CONTRAT, C'EST DEJA CHOISIR UN REGIME EXEMPLE : L'ARGENT DE VOTRE SALAIRE ENTRE DANS LE PATRIMOINE COMMUN, MEME VERSE SUR VOTRE COMPTE PERSONNEL. UN HERITAGE REGU PAR VOUS SEUL RESTE VOTRE BIEN PERSONNEL. 05107 Information generale • pas un conseil personnalise", "render_trace": "Exemple : l'argent de votre salaire entre dans le patrimoine commun, même versé sur votre compte personnel. Un héritage reçu par vous seul reste votre bien personnel.", "verification_method": "ocr+trace", "duration": 6.956, "full_text_visible_at": 6.087, "hold_after_full_text": 0.869, "passed": true}, {"beat": "nuance", "expected_words": 28, "first_word": "pendant", "last_word": "moitie", "rendered_words": 44, "missing_words": [], "ocr_text": "SE MARIER SANS CONTRAT, C'EST DEJA CHOISIR UN REGIME PENDANT LE MARIAGE, CHACUN UTILISE SES REVENUS APRES LES CHARGES DU MARIAGE. A LA SEPARATION, DEThES ET COMPTES ENTRE EPOUX SONT REGLES. PUIS LE SOLDE PARTAGE PAR MOITIE. 06107 Information generale • pas un conseil personnalise", "render_trace": "Pendant le mariage, chacun utilise ses revenus après les charges du mariage. À la séparation, dettes et comptes entre époux sont réglés, puis le solde partagé par moitié.", "verification_method": "ocr+trace", "duration": 7.721, "full_text_visible_at": 5.42, "hold_after_full_text": 2.301, "passed": true}, {"beat": "cta", "expected_words": 12, "first_word": "enregistrez", "last_word": "patrimoine", "rendered_words": 35, "missing_words": [], "ocr_text": "SE MARIER SANS CONTRAT, C'EST DEJA CHOISIR UN REGIME LE SAVIEZ.VOUS ? ENREGISTrEZ PARTAGEZ ABONNEZ.VOUS ENREGISTrEZ • PARTAGEZ ET ABONNEZ.VOUS POUR MIEUX COMPRENDRE ET PROTEGER VOTRE PATRIMOINE 07107 Information generale • pas un conseil personnalise", "render_trace": "Enregistrez, partagez et abonnez-vous pour mieux comprendre et protéger votre patrimoine.", "verification_method": "ocr+trace", "duration": 3.644, "full_text_visible_at": 3.28, "hold_after_full_text": 0.364, "passed": true}], "failures": [], "ocr_status": "effectué"}
{"passed": true, "failures": [], "expected_duration": 35.5, "target_duration": [28, 40], "resolution": "1080x1920", "audio": true, "word_check": true, "layout_check": "zones fixes sans chevauchement"}
{"passed": true, "threshold_strictly_above": 9.5, "overall": 9.8, "criteria": {"Accroche dans les premières secondes": 9.8, "Rétention et rythme": 9.7, "Lisibilité mobile": 9.8, "Synchronisation texte et voix": 10.0, "Narration visuelle": 9.7, "Interaction question-réponse": 9.8, "Valeur enregistrable": 9.7, "Potentiel de partage privé": 9.7, "CTA Instagram": 9.8, "Sécurité et intégrité": 10.0}, "evidence": {"duration": 35.5, "resolution": "1080x1920", "missing_words": 0, "pages": 7, "renderer": "BRITED deterministic renderer v2"}}
Loaded multilingual tokenizer (NFKD,fullcase preprocessing)
Loading S3Tokenizer from mlx-community/S3TokenizerV2...
Loaded S3Tokenizer weights
Warning: conds.safetensors not found - ref_audio will be required
[94mText:[0m Mariage sans contrat. Aucun régime ?
[94mVoice:[0m af_heart
[94mSpeed:[0m 0.84x
[94mLanguage:[0m fr
{"passed": true, "video": "/Users/mikael_piselli/BRITED_STUDIO_FINAL/production/2026-08-24/slot-1/reels/regimes_communaute_par_defaut__reels.mp4", "expected_total_words": 108, "beats": [{"beat": "hook", "expected_words": 5, "first_word": "mariage", "last_word": "regime", "rendered_words": 23, "missing_words": [], "ocr_text": "SE MARIER SANS CONTRAT, C'EST DEJA CHOISIR UN REGIME MARIAGE SANS CONTRAT. AUCUN REGIME ? o,o 01107 Information generale • pas un conseil personnalise", "render_trace": "Mariage sans contrat. Aucun régime ?", "verification_method": "ocr+trace", "duration": 3.786, "full_text_visible_at": 1.64, "hold_after_full_text": 2.146, "passed": true}, {"beat": "question", "expected_words": 8, "first_word": "selon", "last_word": "separe", "rendered_words": 33, "missing_words": [], "ocr_text": "SE MARIER SANS CONTRAT, C'EST DEJA CHOISIR UN REGIME A VOUS DE JOUER SELON VOUS, VOTRE PATRIMOINE RESTE.T.IL SEPARE ? oui NON LA REPONSE ARRIVE 02107 Information generale • pas un conseil personnalise", "render_trace": "Selon vous, votre patrimoine reste-t-il séparé ?", "verification_method": "ocr+trace", "duration": 4.62, "full_text_visible_at": 2.107, "hold_after_full_text": 2.513, "passed": true}, {"beat": "reponse", "expected_words": 5, "first_word": "non", "last_word": "s'applique", "rendered_words": 21, "missing_words": [], "ocr_text": "SE MARIER SANS CONTRAT, C'EST DEJA CHOISIR UN REGIME NON: LE REGIME LEGAL S'APPLIQUE. 03107 Information generale • pas un conseil personnalise", "render_trace": "Non : le régime légal s'applique.", "verification_method": "ocr+trace", "duration": 2.102, "full_text_visible_at": 1.719, "hold_after_full_text": 0.383, "passed": true}, {"beat": "regle", "expected_words": 24, "first_word": "sans", "last_word": "propres", "rendered_words": 38, "missing_words": [], "ocr_text": "SE MARIER SANS CONTRAT, C'EST DEJA CHOISIR UN REGIME SANS CONTRAT, LA COMMUNAUTE REDUITE AUX ACQUETS S'APPLIQUE : LES BIENSACQUIS DURANT LE MARIAGE SONTCOMMUNS; CEUX D'AVANTOU REGUS PAR SUCCESSION RESTENT PROPRES. COMMUN 04107 Information generale • pas un conseil personnalise", "render_trace": "Sans contrat, la communauté réduite aux acquêts s'applique : les biens acquis durant le mariage sont communs ; ceux d'avant ou reçus par succession restent propres.", "verification_method": "ocr+trace", "duration": 6.722, "full_text_visible_at": 5.876, "hold_after_full_text": 0.846, "passed": true}, {"beat": "exemple", "expected_words": 26, "first_word": "exemple", "last_word": "personnel", "rendered_words": 42, "missing_words": [], "ocr_text": "SE MARIER SANS CONTRAT, C'EST DEJA CHOISIR UN REGIME EXEMPLE : L'ARGENT DE VOTRE SALAIRE ENTRE DANS LE PATRIMOINE COMMUN, MEME VERSE SUR VOTRE COMPTE PERSONNEL. UN HERITAGE REGU PAR VOUS SEUL RESTE VOTRE BIEN PERSONNEL. 05107 Information generale • pas un conseil personnalise", "render_trace": "Exemple : l'argent de votre salaire entre dans le patrimoine commun, même versé sur votre compte personnel. Un héritage reçu par vous seul reste votre bien personnel.", "verification_method": "ocr+trace", "duration": 6.937, "full_text_visible_at": 6.07, "hold_after_full_text": 0.867, "passed": true}, {"beat": "nuance", "expected_words": 28, "first_word": "pendant", "last_word": "moitie", "rendered_words": 44, "missing_words": [], "ocr_text": "SE MARIER SANS CONTRAT, C'EST DEJA CHOISIR UN REGIME PENDANT LE MARIAGE, CHACUN UTILISE SES REVENUS APRES LES CHARGES DU MARIAGE. A LA SEPARATION, DEThES ET COMPTES ENTRE EPOUX SONT REGLES. PUIS LE SOLDE PARTAGE PAR MOITIE. 06107 Information generale • pas un conseil personnalise", "render_trace": "Pendant le mariage, chacun utilise ses revenus après les charges du mariage. À la séparation, dettes et comptes entre époux sont réglés, puis le solde partagé par moitié.", "verification_method": "ocr+trace", "duration": 7.699, "full_text_visible_at": 5.405, "hold_after_full_text": 2.294, "passed": true}, {"beat": "cta", "expected_words": 12, "first_word": "enregistrez", "last_word": "patrimoine", "rendered_words": 35, "missing_words": [], "ocr_text": "SE MARIER SANS CONTRAT, C'EST DEJA CHOISIR UN REGIME LE SAVIEZ.VOUS ? ENREGISTrEZ PARTAGEZ ABONNEZ.VOUS ENREGISTrEZ • PARTAGEZ ET ABONNEZ.VOUS POUR MIEUX COMPRENDRE ET PROTEGER VOTRE PATRIMOINE 07107 Information generale • pas un conseil personnalise", "render_trace": "Enregistrez, partagez et abonnez-vous pour mieux comprendre et protéger votre patrimoine.", "verification_method": "ocr+trace", "duration": 3.634, "full_text_visible_at": 3.271, "hold_after_full_text": 0.363, "passed": true}], "failures": [], "ocr_status": "effectué"}
{"passed": true, "failures": [], "expected_duration": 35.5, "target_duration": [28, 40], "resolution": "1080x1920", "audio": true, "word_check": true, "layout_check": "zones fixes sans chevauchement"}
{"passed": true, "threshold_strictly_above": 9.5, "overall": 9.8, "criteria": {"Accroche dans les premières secondes": 9.8, "Rétention et rythme": 9.7, "Lisibilité mobile": 9.8, "Synchronisation texte et voix": 10.0, "Narration visuelle": 9.7, "Interaction question-réponse": 9.8, "Valeur enregistrable": 9.7, "Potentiel de partage privé": 9.7, "CTA Instagram": 9.8, "Sécurité et intégrité": 10.0}, "evidence": {"duration": 35.5, "resolution": "1080x1920", "missing_words": 0, "pages": 7, "renderer": "BRITED deterministic renderer v2"}}
Loaded multilingual tokenizer (NFKD,fullcase preprocessing)
Loading S3Tokenizer from mlx-community/S3TokenizerV2...
Loaded S3Tokenizer weights
Warning: conds.safetensors not found - ref_audio will be required
[94mText:[0m Se marier sans contrat, est‑ce neutre ?
[94mVoice:[0m af_heart
[94mSpeed:[0m 0.84x
[94mLanguage:[0m fr
[94mText:[0m Non : sans contrat, le régime légal s'applique, la communauté réduite aux acquêts.
[94mVoice:[0m af_heart
[94mSpeed:[0m 0.94x
[94mLanguage:[0m fr
[94mText:[0m Les biens possédés avant le mariage, et les donations ou successions, restent propres. Tout ce qui est acquis pendant le mariage appartient à la communauté,
[94mVoice:[0m af_heart
[94mSpeed:[0m 0.94x
[94mLanguage:[0m fr
[94mText:[0m y compris gains, salaires et les économies qu'ils permettent. À la liquidation, l'actif commun net est en principe partagé par moitié.
[94mVoice:[0m af_heart
[94mSpeed:[0m 0.94x
[94mLanguage:[0m fr
[94mText:[0m L'article 223 permet cependant à chaque époux de percevoir ses gains et salaires et d'en disposer après s'être acquitté des charges du mariage.
[94mVoice:[0m af_heart
[94mSpeed:[0m 0.94x
[94mLanguage:[0m fr
[94mText:[0m Exemple : un héritage reçu reste votre bien propre ; une paie épargnée pendant le mariage alimente la communauté.
[94mVoice:[0m af_heart
[94mSpeed:[0m 0.94x
[94mLanguage:[0m fr
[94mText:[0m Attention au mélange de fonds : passer un héritage sur un compte commun demande preuve et peut entraîner une récompense.
[94mVoice:[0m af_heart
[94mSpeed:[0m 0.94x
[94mLanguage:[0m fr
[94mText:[0m Abonnez‑vous pour d'autres explications claires.
[94mVoice:[0m af_heart
[94mSpeed:[0m 0.94x
[94mLanguage:[0m fr
Loaded multilingual tokenizer (NFKD,fullcase preprocessing)
Loading S3Tokenizer from mlx-community/S3TokenizerV2...
Loaded S3Tokenizer weights
Warning: conds.safetensors not found - ref_audio will be required
Loaded multilingual tokenizer (NFKD,fullcase preprocessing)
Loading S3Tokenizer from mlx-community/S3TokenizerV2...
Loaded S3Tokenizer weights
Warning: conds.safetensors not found - ref_audio will be required
Loaded multilingual tokenizer (NFKD,fullcase preprocessing)
Loading S3Tokenizer from mlx-community/S3TokenizerV2...
Loaded S3Tokenizer weights
Warning: conds.safetensors not found - ref_audio will be required
{"passed": true, "video": "/Users/mikael_piselli/BRITED_STUDIO_FINAL/production/2026-08-24/slot-1/shorts/regimes_communaute_par_defaut__shorts.mp4", "expected_total_words": 130, "beats": [{"beat": "hook", "expected_words": 7, "first_word": "se", "last_word": "neutre", "rendered_words": 22, "missing_words": [], "ocr_text": "SE MARIER SANS CONTRAT, C'EST DEJA CHOISIR UN REGIME SE MARIER SANS CONTRAT, ESLCE NEUTRE ? 01108 Information generale • pas un conseil personnalise", "render_trace": "Se marier sans contrat, est‑ce neutre ?", "verification_method": "ocr+trace", "duration": 2.541, "full_text_visible_at": 2.062, "hold_after_full_text": 0.479, "passed": true}, {"beat": "reponse", "expected_words": 12, "first_word": "non", "last_word": "acquets", "rendered_words": 28, "missing_words": [], "ocr_text": "SE MARIER SANS CONTRAT, C'EST DEJA CHOISIR UN REGIME NON : SANS CONTRAT, LE REGIME LEGAL S'APPLIQUE, LA COMMUNAUTE REDUITE AUX ACQUETS. 02108 Information generale • pas un conseil personnalise", "render_trace": "Non : sans contrat, le régime légal s'applique, la communauté réduite aux acquêts.", "verification_method": "ocr+trace", "duration": 4.77, "full_text_visible_at": 4.068, "hold_after_full_text": 0.702, "passed": true}, {"beat": "regle_1", "expected_words": 25, "first_word": "les", "last_word": "communaute", "rendered_words": 41, "missing_words": [], "ocr_text": "SE MARIER SANS CONTRAT, C'EST DEJA CHOISIR UN REGIME LES BIENS POSSEDES AVANT LE MARIAGE, ET LES DONATIONS OU SUCCESSIONS, RESTENT PROPRES. TOUT CE QUI EST ACQUIS PENDANT LE MARIAGE APPARTIENT A LA COMMUNAUTE, 03108 Information generale • pas un conseil personnalise", "render_trace": "Les biens possédés avant le mariage, et les donations ou successions, restent propres. Tout ce qui est acquis pendant le mariage appartient à la communauté,", "verification_method": "ocr+trace", "duration": 6.89, "full_text_visible_at": 5.976, "hold_after_full_text": 0.914, "passed": true}, {"beat": "regle_2", "expected_words": 21, "first_word": "y", "last_word": "moitie", "rendered_words": 37, "missing_words": [], "ocr_text": "SE MARIER SANS CONTRAT, C'EST DEJA CHOISIR UN REGIME Y COMPRIS GAINS, SALAIRES ET LES ECONOMIES QU'ILS PERMETtENT. A LA LIQUIDATION, L'ACTIF COMMUN NET EST EN PRINCIPE PARTAGE PAR MOITIE. 04108 Information generale • pas un conseil personnalise", "render_trace": "y compris gains, salaires et les économies qu'ils permettent. À la liquidation, l'actif commun net est en principe partagé par moitié.", "verification_method": "ocr+trace", "duration": 7.49, "full_text_visible_at": 6.516, "hold_after_full_text": 0.974, "passed": true}, {"beat": "regle_3", "expected_words": 23, "first_word": "l'article", "last_word": "mariage", "rendered_words": 39, "missing_words": [], "ocr_text": "SE MARIER SANS CONTRAT, C'EST DEJA CHOISIR UN REGIME L'ARTICLE 223 PERMET CEPENDANT A CHAQUE EPOUX DE PERCEVOIR SES GAINS ET SALAIRES ET D'EN DISPOSER APRES S'ETRE ACQUITtE DES CHARGES DU MARIAGE. 05108 Information generale • pas un conseil personnalise", "render_trace": "L'article 223 permet cependant à chaque époux de percevoir ses gains et salaires et d'en disposer après s'être acquitté des charges du mariage.", "verification_method": "ocr+trace", "duration": 7.65, "full_text_visible_at": 6.66, "hold_after_full_text": 0.99, "passed": true}, {"beat": "exemple", "expected_words": 17, "first_word": "exemple", "last_word": "communaute", "rendered_words": 33, "missing_words": [], "ocr_text": "SE MARIER SANS CONTRAT, C'EST DEJA CHOISIR UN REGIME EXEMPLE: UN HERITAGE REGU RESTE VOTRE BIEN PROPRE ; UNE PAIE EPARGNEE PENDANT LE MARIAGE ALIMENTE LA COMMUNAUTE. 06108 Information generale • pas un conseil personnalise", "render_trace": "Exemple : un héritage reçu reste votre bien propre ; une paie épargnée pendant le mariage alimente la communauté.", "verification_method": "ocr+trace", "duration": 7.17, "full_text_visible_at": 6.228, "hold_after_full_text": 0.942, "passed": true}, {"beat": "nuance", "expected_words": 19, "first_word": "attention", "last_word": "recompense", "rendered_words": 35, "missing_words": [], "ocr_text": "SE MARIER SANS CONTRAT, C'EST DEJA CHOISIR UN REGIME AThENTION AU MELANGE DE FONDS: PASSER UN HERITAGE SUR UN COMPTE COMMUN DEMANDE PREUVE ET PEUT ENTRAiNER UNE RECOMPENSE. 07108 Information generale • pas un conseil personnalise", "render_trace": "Attention au mélange de fonds : passer un héritage sur un compte commun demande preuve et peut entraîner une récompense.", "verification_method": "ocr+trace", "duration": 5.89, "full_text_visible_at": 5.076, "hold_after_full_text": 0.814, "passed": true}, {"beat": "cta", "expected_words": 6, "first_word": "abonnez", "last_word": "claires", "rendered_words": 27, "missing_words": [], "ocr_text": "SE MARIER SANS CONTRAT, C'EST DEJA CHOISIR UN REGIME POUR ALLER PLUS LOIN ABONNEZ-VOUS ABONNEZtMOUS POUR D'AUTRES EXPLICATIONS CLAIRES. 08108 Information generale • pas un conseil personnalise", "render_trace": "Abonnez‑vous pour d'autres explications claires.", "verification_method": "ocr+trace", "duration": 2.52, "full_text_visible_at": 2.268, "hold_after_full_text": 0.252, "passed": true}], "failures": [], "ocr_status": "effectué"}
{"passed": true, "failures": [], "expected_duration": 44.92, "target_duration": [40, 58], "resolution": "1080x1920", "audio": true, "word_check": true, "layout_check": "zones fixes sans chevauchement"}
Loaded multilingual tokenizer (NFKD,fullcase preprocessing)
Loading S3Tokenizer from mlx-community/S3TokenizerV2...
Loaded S3Tokenizer weights
Warning: conds.safetensors not found - ref_audio will be required
[94mText:[0m Se marier sans contrat, est-ce neutre ?
[94mVoice:[0m af_heart
[94mSpeed:[0m 0.84x
[94mLanguage:[0m fr
[94mText:[0m Non. En l'absence de contrat, le régime légal est celui de la communauté réduite aux acquêts.
[94mVoice:[0m af_heart
[94mSpeed:[0m 0.94x
[94mLanguage:[0m fr
[94mText:[0m Entrent en principe dans la communauté les biens acquis pendant le mariage, ainsi que les gains, les salaires et les économies constituées avec ces revenus.
[94mVoice:[0m af_heart
[94mSpeed:[0m 0.94x
[94mLanguage:[0m fr
[94mText:[0m Restent propres les biens possédés avant le mariage, ainsi que ceux reçus personnellement par donation ou succession.
[94mVoice:[0m af_heart
[94mSpeed:[0m 0.94x
[94mLanguage:[0m fr
[94mText:[0m L'article 223 permet cependant à chaque époux de percevoir ses gains et salaires et d'en disposer après s'être acquitté des charges du mariage.
[94mVoice:[0m af_heart
[94mSpeed:[0m 0.94x
[94mLanguage:[0m fr
[94mText:[0m Attention au mélange de fonds : verser un héritage sur un compte commun crée un enjeu de preuve et peut entraîner une récompense.
[94mVoice:[0m af_heart
[94mSpeed:[0m 0.94x
[94mLanguage:[0m fr
[94mText:[0m Abonnez-vous pour d'autres astuces sur la gestion de votre patrimoine.
[94mVoice:[0m af_heart
[94mSpeed:[0m 0.94x
[94mLanguage:[0m fr
{"passed": true, "video": "/Users/mikael_piselli/BRITED_STUDIO_FINAL/production/2026-08-24/slot-1/shorts/regimes_communaute_par_defaut__shorts.mp4", "expected_total_words": 138, "beats": [{"beat": "hook", "expected_words": 7, "first_word": "se", "last_word": "neutre", "rendered_words": 23, "missing_words": [], "ocr_text": "SE MARIER SANS CONTRAT, C'EST DEJA CHOISIR UN REGIME SE MARIER SANS CONTRAT, EST.CE NEUTRE ? 01108 Information generale • pas un conseil personnalise", "render_trace": "Se marier sans contrat, est-ce neutre ?", "verification_method": "ocr+trace", "duration": 2.572, "full_text_visible_at": 2.09, "hold_after_full_text": 0.482, "passed": true}, {"beat": "reponse", "expected_words": 16, "first_word": "non", "last_word": "acquets", "rendered_words": 31, "missing_words": [], "ocr_text": "SE MARIER SANS CONTRAT, C'EST DEJA CHOISIR UN REGIME NON. EN L'ABSENCE DE CONTRAT, LE REGIME LEGAL EST CELUI DE LA COMMUNAUTE REDUITE AUXACQUETS. 02108 Information generale • pas un conseil personnalise", "render_trace": "Non. En l'absence de contrat, le régime légal est celui de la communauté réduite aux acquêts.", "verification_method": "ocr+trace", "duration": 5.29, "full_text_visible_at": 4.536, "hold_after_full_text": 0.754, "passed": true}, {"beat": "regle", "expected_words": 25, "first_word": "entrent", "last_word": "revenus", "rendered_words": 41, "missing_words": [], "ocr_text": "SE MARIER SANS CONTRAT, C'EST DEJA CHOISIR UN REGIME ENTRENT EN PRINCIPE DANS LA COMMUNAUTE LES BIENS ACQUIS PENDANT LE MARIAGE, AINSI QUE LES GAINS, LES SALAIRES ET LES ECONOMIES CONSTITUEES AVEC CES REVENUS. 03108 Information generale • pas un conseil personnalise", "render_trace": "Entrent en principe dans la communauté les biens acquis pendant le mariage, ainsi que les gains, les salaires et les économies constituées avec ces revenus.", "verification_method": "ocr+trace", "duration": 7.21, "full_text_visible_at": 6.264, "hold_after_full_text": 0.946, "passed": true}, {"beat": "regle", "expected_words": 17, "first_word": "restent", "last_word": "succession", "rendered_words": 33, "missing_words": [], "ocr_text": "SE MARIER SANS CONTRAT, C'EST DEJA CHOISIR UN REGIME RESTENT PROPRES LES BIENS POSSEDES AVANT LE MARIAGE, AINSI QUE CEUX REGUS PERSONNELLEMENT PAR DONATION OU SUCCESSION. 04108 Information generale • pas un conseil personnalise", "render_trace": "Restent propres les biens possédés avant le mariage, ainsi que ceux reçus personnellement par donation ou succession.", "verification_method": "ocr+trace", "duration": 6.65, "full_text_visible_at": 5.76, "hold_after_full_text": 0.89, "passed": true}, {"beat": "regle", "expected_words": 23, "first_word": "l'article", "last_word": "mariage", "rendered_words": 39, "missing_words": [], "ocr_text": "SE MARIER SANS CONTRAT, C'EST DEJA CHOISIR UN REGIME L'ARTICLE 223 PERMET CEPENDANT A CHAQUE EPOUX DE PERCEVOIR SES GAINS ET SALAIRES ET D'EN DISPOSER APRES S'ETRE ACQUITtE DES CHARGES DU MARIAGE. 05108 Information generale • pas un conseil personnalise", "render_trace": "L'article 223 permet cependant à chaque époux de percevoir ses gains et salaires et d'en disposer après s'être acquitté des charges du mariage.", "verification_method": "ocr+trace", "duration": 7.85, "full_text_visible_at": 6.84, "hold_after_full_text": 1.01, "passed": true}, {"beat": "exemple", "expected_words": 17, "first_word": "exemple", "last_word": "communaute", "rendered_words": 33, "missing_words": [], "ocr_text": "SE MARIER SANS CONTRAT, C'EST DEJA CHOISIR UN REGIME EXEMPLE: UN HERITAGE REGU RESTE VOTRE BIEN PROPRE ; UNE PAIE EPARGNEE PENDANT LE MARIAGE ALIMENTE LA COMMUNAUTE. 06108 Information generale • pas un conseil personnalise", "render_trace": "Exemple : un héritage reçu reste votre bien propre ; une paie épargnée pendant le mariage alimente la communauté.", "verification_method": "ocr+trace", "duration": 7.17, "full_text_visible_at": 6.228, "hold_after_full_text": 0.942, "passed": true}, {"beat": "nuance", "expected_words": 22, "first_word": "attention", "last_word": "recompense", "rendered_words": 38, "missing_words": [], "ocr_text": "SE MARIER SANS CONTRAT, C'EST DEJA CHOISIR UN REGIME AThENTION AU MELANGE DE FONDS : VERSER UN HERITAGE SUR UN COMPTE COMMUN CREE UN ENJEU DE PREUVE ET PEUT ENTRAiNER UNE RECOMPENSE. 07108 Information generale • pas un conseil personnalise", "render_trace": "Attention au mélange de fonds : verser un héritage sur un compte commun crée un enjeu de preuve et peut entraîner une récompense.", "verification_method": "ocr+trace", "duration": 6.85, "full_text_visible_at": 5.94, "hold_after_full_text": 0.91, "passed": true}, {"beat": "cta", "expected_words": 11, "first_word": "abonnez", "last_word": "patrimoine", "rendered_words": 33, "missing_words": [], "ocr_text": "SE MARIER SANS CONTRAT, C'EST DEJA CHOISIR UN REGIME POUR ALLER PLUS LOIN ABONNEZ-VOUS ABONNEZ-VOUS POUR D'AUTRES ASTUCES SUR LA GESTION DE VOTRE PATRIMOINE. 08108 Information generale • pas un conseil personnalise", "render_trace": "Abonnez-vous pour d'autres astuces sur la gestion de votre patrimoine.", "verification_method": "ocr+trace", "duration": 3.36, "full_text_visible_at": 3.024, "hold_after_full_text": 0.336, "passed": true}], "failures": [], "ocr_status": "effectué"}
{"passed": true, "failures": [], "expected_duration": 46.95, "target_duration": [40, 58], "resolution": "1080x1920", "audio": true, "word_check": true, "layout_check": "zones fixes sans chevauchement"}
Loaded multilingual tokenizer (NFKD,fullcase preprocessing)
Loading S3Tokenizer from mlx-community/S3TokenizerV2...
Loaded S3Tokenizer weights
Warning: conds.safetensors not found - ref_audio will be required
{"passed": true, "video": "/Users/mikael_piselli/BRITED_STUDIO_FINAL/production/2026-08-24/slot-1/shorts/regimes_communaute_par_defaut__shorts.mp4", "expected_total_words": 138, "beats": [{"beat": "hook", "expected_words": 7, "first_word": "se", "last_word": "neutre", "rendered_words": 23, "missing_words": [], "ocr_text": "SE MARIER SANS CONTRAT, C'EST DEJA CHOISIR UN REGIME SE MARIER SANS CONTRAT, EST.CE NEUTRE ? 01108 Information generale • pas un conseil personnalise", "render_trace": "Se marier sans contrat, est-ce neutre ?", "verification_method": "ocr+trace", "duration": 2.572, "full_text_visible_at": 2.09, "hold_after_full_text": 0.482, "passed": true}, {"beat": "reponse", "expected_words": 16, "first_word": "non", "last_word": "acquets", "rendered_words": 32, "missing_words": [], "ocr_text": "SE MARIER SANS CONTRAT, C'EST DEJA CHOISIR UN REGIME NON EN L'ABSENCE DE CONTRAT, LE REGIME LEGAL EST CELUI DE LA COMMUNAUTE REDUITE AUX ACQUETS. 02108 Information generale • pas un conseil personnalise", "render_trace": "Non. En l'absence de contrat, le régime légal est celui de la communauté réduite aux acquêts.", "verification_method": "ocr+trace", "duration": 5.29, "full_text_visible_at": 4.536, "hold_after_full_text": 0.754, "passed": true}, {"beat": "regle", "expected_words": 25, "first_word": "entrent", "last_word": "revenus", "rendered_words": 41, "missing_words": [], "ocr_text": "SE MARIER SANS CONTRAT, C'EST DEJA CHOISIR UN REGIME ENTRENT EN PRINCIPE DANS LA COMMUNAUTE LES BIENS ACQUIS PENDANT LE MARIAGE, AINSI QUE LES GAINS, LES SALAIRES ET LES ECONOMIES CONSTITUEES AVEC CES REVENUS. 03108 Information generale • pas un conseil personnalise", "render_trace": "Entrent en principe dans la communauté les biens acquis pendant le mariage, ainsi que les gains, les salaires et les économies constituées avec ces revenus.", "verification_method": "ocr+trace", "duration": 7.21, "full_text_visible_at": 6.264, "hold_after_full_text": 0.946, "passed": true}, {"beat": "regle", "expected_words": 17, "first_word": "restent", "last_word": "succession", "rendered_words": 33, "missing_words": [], "ocr_text": "SE MARIER SANS CONTRAT, C'EST DEJA CHOISIR UN REGIME RESTENT PROPRES LES BIENS POSSEDES AVANT LE MARIAGE, AINSI QUE CEUX REGUS PERSONNELLEMENT PAR DONATION OU SUCCESSION. 04108 Information generale • pas un conseil personnalise", "render_trace": "Restent propres les biens possédés avant le mariage, ainsi que ceux reçus personnellement par donation ou succession.", "verification_method": "ocr+trace", "duration": 6.65, "full_text_visible_at": 5.76, "hold_after_full_text": 0.89, "passed": true}, {"beat": "regle", "expected_words": 23, "first_word": "l'article", "last_word": "mariage", "rendered_words": 39, "missing_words": [], "ocr_text": "SE MARIER SANS CONTRAT, C'EST DEJA CHOISIR UN REGIME L'ARTICLE 223 PERMET CEPENDANT A CHAQUE EPOUX DE PERCEVOIR SES GAINS ET SALAIRES ET D'EN DISPOSER APRES S'ETRE ACQUITtE DES CHARGES DU MARIAGE. 05108 Information generale • pas un conseil personnalise", "render_trace": "L'article 223 permet cependant à chaque époux de percevoir ses gains et salaires et d'en disposer après s'être acquitté des charges du mariage.", "verification_method": "ocr+trace", "duration": 7.85, "full_text_visible_at": 6.84, "hold_after_full_text": 1.01, "passed": true}, {"beat": "exemple", "expected_words": 17, "first_word": "exemple", "last_word": "communaute", "rendered_words": 33, "missing_words": [], "ocr_text": "SE MARIER SANS CONTRAT, C'EST DEJA CHOISIR UN REGIME EXEMPLE: UN HERITAGE REGU RESTE VOTRE BIEN PROPRE ; UNE PAIE EPARGNEE PENDANT LE MARIAGE ALIMENTE LA COMMUNAUTE. 06108 Information generale • pas un conseil personnalise", "render_trace": "Exemple : un héritage reçu reste votre bien propre ; une paie épargnée pendant le mariage alimente la communauté.", "verification_method": "ocr+trace", "duration": 7.17, "full_text_visible_at": 6.228, "hold_after_full_text": 0.942, "passed": true}, {"beat": "nuance", "expected_words": 22, "first_word": "attention", "last_word": "recompense", "rendered_words": 38, "missing_words": [], "ocr_text": "SE MARIER SANS CONTRAT, C'EST DEJA CHOISIR UN REGIME AThENTION AU MELANGE DE FONDS : VERSER UN HERITAGE SUR UN COMPTE COMMUN CREE UN ENJEU DE PREUVE ET PEUT ENTRAiNER UNE RECOMPENSE. 07108 Information generale • pas un conseil personnalise", "render_trace": "Attention au mélange de fonds : verser un héritage sur un compte commun crée un enjeu de preuve et peut entraîner une récompense.", "verification_method": "ocr+trace", "duration": 6.85, "full_text_visible_at": 5.94, "hold_after_full_text": 0.91, "passed": true}, {"beat": "cta", "expected_words": 11, "first_word": "abonnez", "last_word": "patrimoine", "rendered_words": 33, "missing_words": [], "ocr_text": "SE MARIER SANS CONTRAT, C'EST DEJA CHOISIR UN REGIME POUR ALLER PLUS LOIN AIMEZ PARTAGEZ ABONNEZ-VOUS POUR D'AUTRES ASTUCES SUR LA GESTION DE VOTRE PATRIMOINE 08108 Information generale • pas un conseil personnalise", "render_trace": "Abonnez-vous pour d'autres astuces sur la gestion de votre patrimoine.", "verification_method": "ocr+trace", "duration": 3.36, "full_text_visible_at": 3.024, "hold_after_full_text": 0.336, "passed": true}], "failures": [], "ocr_status": "effectué"}
{"passed": true, "failures": [], "expected_duration": 46.95, "target_duration": [40, 58], "resolution": "1080x1920", "audio": true, "word_check": true, "layout_check": "zones fixes sans chevauchement"}
